sate,nickname,norad_id,start,center,end,elevation
iss,zarya,25544,2026-01-01T13:20:22.719820,2026-01-01T13:25:38.468354,2026-01-01T13:30:59.772581,29.367578490643073
iss,zarya,25544,2026-01-01T14:57:31.424407,2026-01-01T15:02:40.691299,2026-01-01T15:07:53.661987,21.15843827480339
iss,zarya,25544,2026-01-01T21:31:07.155678,2026-01-01T21:36:34.015597,2026-01-01T21:41:58.097671,38.05557038324242
iss,zarya,25544,2026-01-01T23:08:33.773288,2026-01-01T23:13:18.039563,2026-01-01T23:18:01.379890,14.229770885782978
iss,zarya,25544,2026-01-02T12:36:34.286268,2026-01-02T12:41:28.737979,2026-01-02T12:46:26.893487,17.120171403981644
iss,zarya,25544,2026-01-02T14:12:54.324075,2026-01-02T14:18:17.480199,2026-01-02T14:23:44.340119,32.782837985126896
iss,zarya,25544,2026-01-02T20:46:56.655948,2026-01-02T20:52:11.478533,2026-01-02T20:57:24.449221,23.865082513888765
iss,zarya,25544,2026-01-02T22:23:57.190398,2026-01-02T22:29:08.309188,2026-01-02T22:34:18.502029,24.448745908062474
iss,zarya,25544,2026-01-03T13:28:25.727496,2026-01-03T13:33:56.291210,2026-01-03T13:39:30.558720,56.40553620897752
iss,zarya,25544,2026-01-03T20:02:47.919610,2026-01-03T20:07:44.223219,2026-01-03T20:12:39.600880,16.04434912642733
iss,zarya,25544,2026-01-03T21:39:29.022752,2026-01-03T21:44:55.882671,2026-01-03T21:50:19.964745,43.77571330187139
iss,zarya,25544,2026-01-04T12:44:05.634668,2026-01-04T12:49:37.124331,2026-01-04T12:55:13.243738,79.39468253867179
iss,zarya,25544,2026-01-04T14:22:25.657736,2026-01-04T14:27:01.590472,2026-01-04T14:31:40.301055,11.541948292635436
iss,zarya,25544,2026-01-04T19:18:39.516885,2026-01-04T19:23:13.597724,2026-01-04T19:27:46.752614,11.060228272147016
iss,zarya,25544,2026-01-04T20:55:06.070376,2026-01-04T21:00:39.411937,2026-01-04T21:06:09.049703,83.23475736792729
iss,zarya,25544,2026-01-05T11:59:54.971538,2026-01-05T12:05:19.979559,2026-01-05T12:10:49.617325,41.98477893022186
iss,zarya,25544,2026-01-05T13:37:31.461397,2026-01-05T13:42:29.616903,2026-01-05T13:47:31.476206,16.752630596972192
iss,zarya,25544,2026-01-05T20:10:47.407320,2026-01-05T20:16:18.896983,2026-01-05T20:21:47.608800,53.40706483441053
iss,zarya,25544,2026-01-06T11:15:54.664054,2026-01-06T11:21:04.856895,2026-01-06T11:26:18.753531,23.695226399556876
iss,zarya,25544,2026-01-06T12:52:45.264980,2026-01-06T12:58:01.013514,2026-01-06T13:03:20.465843,25.011867932388327
iss,zarya,25544,2026-01-06T19:26:31.181687,2026-01-06T19:31:54.337811,2026-01-06T19:37:14.716089,31.228686551014608
iss,zarya,25544,2026-01-06T21:03:47.450458,2026-01-06T21:08:43.754067,2026-01-06T21:13:38.205780,17.649356294726708
iss,zarya,25544,2026-01-07T10:32:08.919837,2026-01-07T10:36:50.408266,2026-01-07T10:41:36.526439,13.819706288563067
iss,zarya,25544,2026-01-07T12:08:07.572313,2026-01-07T12:13:34.432232,2026-01-07T12:19:05.921896,40.207859320950426
iss,zarya,25544,2026-01-07T18:42:17.393478,2026-01-07T18:47:25.734422,2026-01-07T18:52:32.223468,20.248370818364823
iss,zarya,25544,2026-01-07T20:19:09.179074,2026-01-07T20:24:28.631403,2026-01-07T20:29:44.379937,30.55091570802296
iss,zarya,25544,2026-01-08T11:23:37.457450,2026-01-08T11:29:09.873062,2026-01-08T11:34:46.918418,72.17755191978155
iss,zarya,25544,2026-01-08T17:58:05.116747,2026-01-08T18:02:53.086817,2026-01-08T18:07:40.130939,13.801239517611982
iss,zarya,25544,2026-01-08T19:34:39.574845,2026-01-08T19:40:10.138559,2026-01-08T19:45:36.998479,56.8196255736832
iss,zarya,25544,2026-01-09T10:39:16.772289,2026-01-09T10:44:47.336003,2026-01-09T10:50:22.529462,61.411326597944786
iss,zarya,25544,2026-01-09T12:17:19.617645,2026-01-09T12:22:05.735818,2026-01-09T12:26:54.631837,13.463288424343856
iss,zarya,25544,2026-01-09T18:50:14.259940,2026-01-09T18:55:47.601501,2026-01-09T19:01:18.165216,76.84073582122677
iss,zarya,25544,2026-01-10T09:55:06.442774,2026-01-10T10:00:26.821051,2026-01-10T10:05:51.829073,32.964192912326936
iss,zarya,25544,2026-01-10T11:32:24.577059,2026-01-10T11:37:31.066105,2026-01-10T11:42:41.258946,19.692773444191076
iss,zarya,25544,2026-01-10T18:05:52.982443,2026-01-10T18:11:21.694259,2026-01-10T18:16:47.628230,42.20427430666402
iss,zarya,25544,2026-01-10T19:43:26.163395,2026-01-10T19:48:03.022080,2026-01-10T19:52:38.954817,12.731916948532076
iss,zarya,25544,2026-01-11T09:11:07.646766,2026-01-11T09:16:07.654170,2026-01-11T09:21:12.291319,19.047510418409004
iss,zarya,25544,2026-01-11T10:47:37.114273,2026-01-11T10:52:58.418499,2026-01-11T10:58:24.352470,30.129538278323345
iss,zarya,25544,2026-01-11T17:21:33.216416,2026-01-11T17:26:51.742796,2026-01-11T17:32:06.565381,25.88659273074014
iss,zarya,25544,2026-01-11T18:58:38.462311,2026-01-11T19:03:45.877306,2026-01-11T19:08:50.514455,22.06394548052436
iss,zarya,25544,2026-01-12T08:27:23.836152,2026-01-12T08:31:50.509400,2026-01-12T08:36:19.960495,10.903347263007513
iss,zarya,25544,2026-01-12T10:02:57.903326,2026-01-12T10:08:28.467040,2026-01-12T10:14:03.660499,50.7730636407119
iss,zarya,25544,2026-01-12T16:37:16.139732,2026-01-12T16:42:17.073085,2026-01-12T16:47:16.154541,17.222620451548995
iss,zarya,25544,2026-01-12T18:14:00.354335,2026-01-12T18:19:25.362356,2026-01-12T18:24:46.666583,39.121717633753605
iss,zarya,25544,2026-01-13T09:18:28.122079,2026-01-13T09:24:00.537691,2026-01-13T09:29:38.508996,87.75812935404066
iss,zarya,25544,2026-01-13T10:56:54.545086,2026-01-13T11:01:27.699976,2026-01-13T11:06:02.706764,10.90437283082148
iss,zarya,25544,2026-01-13T15:52:59.648573,2026-01-13T15:57:38.359156,2026-01-13T16:02:16.143790,11.83770735256313
iss,zarya,25544,2026-01-13T17:29:27.461627,2026-01-13T17:35:00.803188,2026-01-13T17:40:30.440954,74.77728363302666
iss,zarya,25544,2026-01-14T08:34:07.518617,2026-01-14T08:39:35.304484,2026-01-14T08:45:07.720096,46.81117055243307
iss,zarya,25544,2026-01-14T10:11:50.660327,2026-01-14T10:16:46.963936,2026-01-14T10:21:46.971341,15.81553654218522
iss,zarya,25544,2026-01-14T16:45:00.458223,2026-01-14T16:50:32.873835,2026-01-14T16:56:01.585652,59.18267349722323
iss,zarya,25544,2026-01-15T07:49:57.774625,2026-01-15T07:55:10.745312,2026-01-15T08:00:29.271692,26.000642184583636
iss,zarya,25544,2026-01-15T09:26:55.027403,2026-01-15T09:32:08.924039,2026-01-15T09:37:27.450419,23.46656298927462
iss,zarya,25544,2026-01-15T16:00:34.966294,2026-01-15T16:06:00.900264,2026-01-15T16:11:23.130440,33.83331610479872
iss,zarya,25544,2026-01-15T17:37:55.020561,2026-01-15T17:42:47.620375,2026-01-15T17:47:37.442343,16.177803193224452
iss,zarya,25544,2026-01-16T07:06:00.912212,2026-01-16T07:10:48.882282,2026-01-16T07:15:40.556148,15.144552861456036
iss,zarya,25544,2026-01-16T08:42:07.646314,2026-01-16T08:47:33.580284,2026-01-16T08:53:05.069948,37.1955032353003
iss,zarya,25544,2026-01-16T15:16:12.837734,2026-01-16T15:21:24.882473,2026-01-16T15:26:34.149366,21.624885948961882
iss,zarya,25544,2026-01-16T16:53:07.734791,2026-01-16T16:58:24.409273,2026-01-16T17:03:38.305909,28.00350080872457
iss,zarya,25544,2026-01-17T07:57:27.843031,2026-01-17T08:03:00.258643,2026-01-17T08:08:38.229948,65.9253341434095
iss,zarya,25544,2026-01-17T14:31:51.546620,2026-01-17T14:36:44.146434,2026-01-17T14:41:34.894351,14.653708854749855
iss,zarya,25544,2026-01-17T16:08:27.938317,2026-01-17T16:13:58.502031,2026-01-17T16:19:24.436002,51.57152514642372
iss,zarya,25544,2026-01-18T07:12:58.143484,2026-01-18T07:18:29.633147,2026-01-18T07:24:06.678503,67.50056916424148
iss,zarya,25544,2026-01-18T08:51:05.114759,2026-01-18T08:55:49.381034,2026-01-18T09:00:36.425156,12.851690685304062
iss,zarya,25544,2026-01-18T13:47:31.766981,2026-01-18T13:51:59.366178,2026-01-18T13:56:26.039427,10.105252127584007
iss,zarya,25544,2026-01-18T15:23:54.283062,2026-01-18T15:29:28.550572,2026-01-18T15:34:59.114287,83.674759457002
iss,zarya,25544,2026-01-19T06:28:37.199598,2026-01-19T06:34:00.355722,2026-01-19T06:39:28.141591,35.81645068889336
iss,zarya,25544,2026-01-19T08:06:01.311699,2026-01-19T08:11:05.948848,2026-01-19T08:16:15.215741,18.754975666921503
iss,zarya,25544,2026-01-19T14:39:23.065230,2026-01-19T14:44:54.554893,2026-01-19T14:50:21.414813,45.629220592461216
iss,zarya,25544,2026-01-19T16:17:00.957628,2026-01-19T16:21:33.186569,2026-01-19T16:26:04.489562,11.793832609509437
iss,zarya,25544,2026-01-20T05:44:28.463258,2026-01-20T05:49:33.100407,2026-01-20T05:54:41.441351,20.49504297956962
iss,zarya,25544,2026-01-20T07:21:04.160495,2026-01-20T07:26:24.538772,2026-01-20T07:31:49.546794,28.482024220293162
iss,zarya,25544,2026-01-20T13:54:55.210771,2026-01-20T14:00:16.514997,2026-01-20T14:05:34.115428,27.516398043097837
iss,zarya,25544,2026-01-20T15:32:03.064301,2026-01-20T15:37:08.627398,2026-01-20T15:42:10.486701,20.621989274847415
iss,zarya,25544,2026-01-21T05:00:34.964225,2026-01-21T05:05:07.193166,2026-01-21T05:09:43.125903,11.78328474014049
iss,zarya,25544,2026-01-21T06:36:16.187077,2026-01-21T06:41:45.824842,2026-01-21T06:47:21.018301,47.35835729156874
iss,zarya,25544,2026-01-21T13:10:29.793738,2026-01-21T13:15:34.430887,2026-01-21T13:20:36.290190,18.15291567901684
iss,zarya,25544,2026-01-21T14:47:15.941941,2026-01-21T14:52:40.024013,2026-01-21T14:58:00.402291,36.382338738396314
iss,zarya,25544,2026-01-22T05:51:36.465496,2026-01-22T05:57:09.807057,2026-01-22T06:02:48.704311,86.17872434915189
iss,zarya,25544,2026-01-22T07:30:07.266335,2026-01-22T07:34:37.643378,2026-01-22T07:39:11.724217,10.50491741663605
iss,zarya,25544,2026-01-22T12:26:04.288195,2026-01-22T12:30:47.628521,2026-01-22T12:35:29.116950,12.443032806291178
iss,zarya,25544,2026-01-22T14:02:34.708884,2026-01-22T14:08:08.050445,2026-01-22T14:13:37.688211,69.4385228411635
iss,zarya,25544,2026-01-23T05:07:06.425527,2026-01-23T05:12:35.137343,2026-01-23T05:18:09.404853,50.33029425443909
iss,zarya,25544,2026-01-23T06:44:54.367193,2026-01-23T06:49:48.818904,2026-01-23T06:54:46.974412,15.23520079649356
iss,zarya,25544,2026-01-23T13:17:57.765148,2026-01-23T13:23:32.032658,2026-01-23T13:29:02.596373,63.47047501857944
iss,zarya,25544,2026-01-24T04:22:47.415240,2026-01-24T04:28:03.163774,2026-01-24T04:33:23.542052,27.60291954954838
iss,zarya,25544,2026-01-24T05:59:49.045851,2026-01-24T06:05:02.016538,2026-01-24T06:10:19.616969,22.53454862207119
iss,zarya,25544,2026-01-24T12:33:24.184788,2026-01-24T12:38:51.970655,2026-01-24T12:44:16.052729,35.7759530970587
iss,zarya,25544,2026-01-24T14:10:46.846689,2026-01-24T14:15:36.668657,2026-01-24T14:20:24.638727,15.346594020618085
iss,zarya,25544,2026-01-25T03:38:40.864411,2026-01-25T03:43:32.538276,2026-01-25T03:48:27.915937,16.007115653668286
iss,zarya,25544,2026-01-25T05:14:51.976345,2026-01-25T05:20:17.910315,2026-01-25T05:25:48.474030,35.44797788095876
iss,zarya,25544,2026-01-25T11:48:53.041847,2026-01-25T11:54:07.864432,2026-01-25T11:59:19.909171,22.628726217442996
iss,zarya,25544,2026-01-25T13:25:50.294625,2026-01-25T13:31:06.043159,2026-01-25T13:36:19.013847,26.611997707063804
iss,zarya,25544,2026-01-26T04:30:04.336539,2026-01-26T04:35:35.826202,2026-01-26T04:41:13.797507,62.32551912445236
iss,zarya,25544,2026-01-26T11:04:23.410384,2026-01-26T11:09:19.713993,2026-01-26T11:14:13.239757,15.264122735136965
iss,zarya,25544,2026-01-26T12:41:01.483768,2026-01-26T12:46:32.047482,2026-01-26T12:51:57.981453,48.7175689822913
iss,zarya,25544,2026-01-27T03:45:24.948573,2026-01-27T03:50:56.438236,2026-01-27T03:56:34.409541,71.34151897127718
iss,zarya,25544,2026-01-27T05:23:35.119818,2026-01-27T05:28:17.534196,2026-01-27T05:33:03.652369,12.494483939284871
iss,zarya,25544,2026-01-27T10:19:54.868275,2026-01-27T10:24:26.171267,2026-01-27T10:28:57.474260,10.516015502572818
iss,zarya,25544,2026-01-27T11:56:18.814130,2026-01-27T12:01:54.007588,2026-01-27T12:07:24.571303,87.76821682226495
iss,zarya,25544,2026-01-28T03:00:55.916253,2026-01-28T03:06:19.072377,2026-01-28T03:11:48.710143,37.573062132772144
iss,zarya,25544,2026-01-28T04:38:21.628339,2026-01-28T04:43:25.339539,2026-01-28T04:48:33.680483,18.221856512964624
iss,zarya,25544,2026-01-28T11:11:39.507864,2026-01-28T11:17:11.923476,2026-01-28T11:22:40.635293,47.879339661899145
iss,zarya,25544,2026-01-28T12:49:19.755986,2026-01-28T12:53:49.207080,2026-01-28T12:58:17.732227,11.328550543536561
iss,zarya,25544,2026-01-29T02:16:38.165531,2026-01-29T02:21:43.728628,2026-01-29T02:26:53.921469,21.313982088885766
iss,zarya,25544,2026-01-29T03:53:16.388700,2026-01-29T03:58:35.841029,2026-01-29T04:04:00.849051,27.58830931201694
iss,zarya,25544,2026-01-29T10:27:02.639021,2026-01-29T10:32:25.795145,2026-01-29T10:37:45.247474,28.569803736079386
iss,zarya,25544,2026-01-29T12:04:11.922325,2026-01-29T12:09:16.559474,2026-01-29T12:14:17.492828,19.93553153033583
iss,zarya,25544,2026-01-30T01:32:34.978076,2026-01-30T01:37:09.058915,2026-01-30T01:41:47.769498,12.238441936798825
iss,zarya,25544,2026-01-30T03:08:19.652811,2026-01-30T03:13:48.364627,2026-01-30T03:19:23.558086,45.60951837210537
iss,zarya,25544,2026-01-30T09:42:28.207603,2026-01-30T09:47:35.622598,2026-01-30T09:52:40.259747,18.739277518255697
iss,zarya,25544,2026-01-30T11:19:15.785580,2026-01-30T11:24:39.867652,2026-01-30T11:30:01.171879,35.1166099779324
iss,zarya,25544,2026-01-31T02:23:31.168757,2026-01-31T02:29:03.584369,2026-01-31T02:34:42.481623,83.24487208695297
iss,zarya,25544,2026-01-31T04:02:03.569582,2026-01-31T04:06:32.094727,2026-01-31T04:11:05.249617,10.293872363043597
iss,zarya,25544,2026-01-31T08:57:54.613625,2026-01-31T09:02:40.731798,2026-01-31T09:07:24.072125,12.814324357216703
iss,zarya,25544,2026-01-31T10:34:25.538139,2026-01-31T10:39:59.805649,2026-01-31T10:45:29.443415,66.8961635922274
iss,zarya,25544,2026-02-01T01:38:53.040355,2026-02-01T01:44:20.826222,2026-02-01T01:49:56.019681,52.10552574067907
iss,zarya,25544,2026-02-01T03:16:41.907969,2026-02-01T03:21:34.507783,2026-02-01T03:26:31.737342,14.940033042919133
iss,zarya,25544,2026-02-01T09:49:40.505970,2026-02-01T09:55:15.699428,2026-02-01T10:00:47.189092,65.71396591051767
iss,zarya,25544,2026-02-02T00:54:24.341646,2026-02-02T00:59:40.090180,2026-02-02T01:05:02.320356,28.30983032300684
iss,zarya,25544,2026-02-02T02:31:27.572241,2026-02-02T02:36:39.616980,2026-02-02T02:41:56.291463,22.090406709011408
iss,zarya,25544,2026-02-02T09:04:58.837173,2026-02-02T09:10:27.548989,2026-02-02T09:15:53.482960,36.79419536278202
iss,zarya,25544,2026-02-02T10:42:22.002900,2026-02-02T10:47:10.898919,2026-02-02T10:51:58.868989,15.05432097069029
iss,zarya,25544,2026-02-03T00:10:09.702382,2026-02-03T00:15:01.376247,2026-02-03T00:19:58.605806,16.328829969509883
iss,zarya,25544,2026-02-03T01:46:22.666214,2026-02-03T01:51:46.748286,2026-02-03T01:57:17.312001,34.69070206062771
iss,zarya,25544,2026-02-03T08:20:18.679847,2026-02-03T08:25:35.354329,2026-02-03T08:30:49.250965,23.13741671953679
iss,zarya,25544,2026-02-03T09:57:16.436450,2026-02-03T10:02:32.184984,2026-02-03T10:07:45.155672,26.154266099060436
iss,zarya,25544,2026-02-04T01:01:25.086074,2026-02-04T01:06:56.575737,2026-02-04T01:12:34.547042,60.95079218845486
iss,zarya,25544,2026-02-04T07:35:41.211862,2026-02-04T07:40:38.441420,2026-02-04T07:45:33.819081,15.558611689046344
iss,zarya,25544,2026-02-04T09:12:18.611209,2026-02-04T09:17:50.100872,2026-02-04T09:23:16.960792,47.81384565260128
iss,zarya,25544,2026-02-05T00:16:37.861585,2026-02-05T00:22:08.425299,2026-02-05T00:27:46.396604,72.6271632228223
iss,zarya,25544,2026-02-05T01:54:48.958779,2026-02-05T01:59:29.521259,2026-02-05T02:04:14.713483,12.349262132507603
iss,zarya,25544,2026-02-05T06:51:04.329403,2026-02-05T06:55:37.484293,2026-02-05T07:00:09.713235,10.702662556339405
iss,zarya,25544,2026-02-05T08:27:27.853135,2026-02-05T08:33:03.972542,2026-02-05T08:38:36.388154,88.91720211555675
iss,zarya,25544,2026-02-05T23:32:00.740830,2026-02-05T23:37:22.971005,2026-02-05T23:42:52.608771,38.005401054196504
iss,zarya,25544,2026-02-06T01:09:26.452916,2026-02-06T01:14:29.238167,2026-02-06T01:19:36.653162,18.030979297026143
iss,zarya,25544,2026-02-06T07:42:39.532484,2026-02-06T07:48:13.799994,2026-02-06T07:53:43.437760,48.621507892984155
iss,zarya,25544,2026-02-06T09:20:20.032518,2026-02-06T09:24:50.409561,2026-02-06T09:29:19.860656,11.275108673881528
iss,zarya,25544,2026-02-06T22:47:34.901670,2026-02-06T22:52:39.538819,2026-02-06T22:57:49.731660,21.420871175524614
iss,zarya,25544,2026-02-07T00:24:12.450804,2026-02-07T00:29:30.977184,2026-02-07T00:34:55.059258,27.32727202744571
iss,zarya,25544,2026-02-07T06:57:55.501155,2026-02-07T07:03:19.583227,2026-02-07T07:08:39.961505,28.894094077052195
iss,zarya,25544,2026-02-07T08:35:04.362334,2026-02-07T08:40:08.999483,2026-02-07T08:45:11.784734,19.89252084316948
iss,zarya,25544,2026-02-07T22:03:23.625780,2026-02-07T22:07:56.780670,2026-02-07T22:12:35.491253,12.237575630472106
iss,zarya,25544,2026-02-07T23:39:07.626479,2026-02-07T23:44:35.412346,2026-02-07T23:50:10.605805,45.26127262846282
iss,zarya,25544,2026-02-08T06:13:12.307265,2026-02-08T06:18:20.648209,2026-02-08T06:23:26.211307,18.898499659737073
iss,zarya,25544,2026-02-08T07:49:58.959293,2026-02-08T07:55:24.893263,2026-02-08T08:00:46.197490,35.08938943140021
iss,zarya,25544,2026-02-08T22:54:11.053992,2026-02-08T22:59:42.543655,2026-02-08T23:05:21.440909,83.05401405827492
iss,zarya,25544,2026-02-09T00:32:42.780779,2026-02-09T00:37:10.379976,2026-02-09T00:41:42.608918,10.247371018852355
iss,zarya,25544,2026-02-09T05:28:30.876764,2026-02-09T05:33:16.994937,2026-02-09T05:38:02.187161,12.896591738171617
iss,zarya,25544,2026-02-09T07:05:00.875330,2026-02-09T07:10:36.068788,2026-02-09T07:16:07.558452,66.90860167691343
iss,zarya,25544,2026-02-09T22:09:24.837153,2026-02-09T22:14:51.697072,2026-02-09T22:20:25.964582,51.90701850963682
iss,zarya,25544,2026-02-09T23:47:12.104783,2026-02-09T23:52:04.704597,2026-02-09T23:57:01.934156,14.90121391700125
iss,zarya,25544,2026-02-10T06:20:07.754727,2026-02-10T06:25:43.874134,2026-02-10T06:31:16.289746,65.64705557441881
iss,zarya,25544,2026-02-10T21:24:48.975960,2026-02-10T21:30:02.872596,2026-02-10T21:35:23.250874,28.045696086929766
iss,zarya,25544,2026-02-10T23:01:50.858482,2026-02-10T23:07:01.051323,2026-02-10T23:12:17.725806,22.08787529804667
iss,zarya,25544,2026-02-11T05:35:17.071545,2026-02-11T05:40:47.635259,2026-02-11T05:46:13.569230,36.717939211934294
iss,zarya,25544,2026-02-11T07:12:39.563237,2026-02-11T07:17:30.311153,2026-02-11T07:22:19.207172,15.239805865719026
iss,zarya,25544,2026-02-11T20:40:26.248260,2026-02-11T20:45:16.070228,2026-02-11T20:50:11.447889,16.089867418449018
iss,zarya,25544,2026-02-11T22:16:36.938070,2026-02-11T22:22:00.094194,2026-02-11T22:27:30.657909,34.83188111903405
iss,zarya,25544,2026-02-12T04:50:30.003647,2026-02-12T04:55:46.678129,2026-02-12T05:01:00.574765,23.062645487861754
iss,zarya,25544,2026-02-12T06:27:25.908353,2026-02-12T06:32:43.508784,2026-02-12T06:37:57.405420,26.52417945325587
iss,zarya,25544,2026-02-12T21:31:32.195446,2026-02-12T21:37:01.833211,2026-02-12T21:42:38.878567,61.64030103662713
iss,zarya,25544,2026-02-13T04:05:43.773191,2026-02-13T04:10:41.002749,2026-02-13T04:15:37.306359,15.48352697588223
iss,zarya,25544,2026-02-13T05:42:20.246589,2026-02-13T05:47:52.662201,2026-02-13T05:53:20.448070,48.66773280810783
iss,zarya,25544,2026-02-13T20:46:36.882523,2026-02-13T20:52:05.594339,2026-02-13T20:57:42.639695,71.27270136409415
iss,zarya,25544,2026-02-13T22:24:45.453783,2026-02-13T22:29:26.016263,2026-02-13T22:34:11.208487,12.4070977046822
iss,zarya,25544,2026-02-14T03:20:58.802299,2026-02-14T03:25:31.957189,2026-02-14T03:30:04.186131,10.626615879839271
iss,zarya,25544,2026-02-14T04:57:20.726046,2026-02-14T05:02:57.771402,2026-02-14T05:08:31.112963,87.5602260440368
iss,zarya,25544,2026-02-14T20:01:50.747386,2026-02-14T20:07:12.051612,2026-02-14T20:12:39.837481,37.06554140124586
iss,zarya,25544,2026-02-14T21:39:15.111400,2026-02-14T21:44:16.970702,2026-02-14T21:49:24.385697,18.172592894447018
iss,zarya,25544,2026-02-15T04:12:25.242910,2026-02-15T04:17:59.510420,2026-02-15T04:23:30.074135,47.71492465312432
iss,zarya,25544,2026-02-15T05:50:03.891046,2026-02-15T05:54:36.119987,2026-02-15T05:59:08.348929,11.596707491218886
iss,zarya,25544,2026-02-15T19:17:17.997654,2026-02-15T19:22:19.856956,2026-02-15T19:27:28.197900,20.818227168110344
iss,zarya,25544,2026-02-15T20:53:53.020854,2026-02-15T20:59:10.621285,2026-02-15T21:04:34.703359,27.68880302502252
iss,zarya,25544,2026-02-16T03:27:32.449112,2026-02-16T03:32:56.531184,2026-02-16T03:38:17.835411,28.410973208630775
iss,zarya,25544,2026-02-16T05:04:40.132430,2026-02-16T05:09:46.621476,2026-02-16T05:14:51.258625,20.44444351304653
iss,zarya,25544,2026-02-16T18:33:00.233316,2026-02-16T18:37:29.684410,2026-02-16T18:42:04.691198,11.795760957006705
iss,zarya,25544,2026-02-16T20:08:40.108095,2026-02-16T20:14:06.968014,2026-02-16T20:19:41.235524,46.30146797915409
iss,zarya,25544,2026-02-17T02:42:42.092737,2026-02-17T02:47:49.507732,2026-02-17T02:52:55.070830,18.58479209070094
iss,zarya,25544,2026-02-17T04:19:26.892867,2026-02-17T04:24:53.752786,2026-02-17T04:30:16.908911,36.22900247486029
iss,zarya,25544,2026-02-17T19:23:36.373121,2026-02-17T19:29:06.010886,2026-02-17T19:34:43.056242,85.59672176432653
iss,zarya,25544,2026-02-17T21:02:04.899938,2026-02-17T21:06:32.499135,2026-02-17T21:11:04.728077,10.36948889647376
iss,zarya,25544,2026-02-18T01:57:52.573800,2026-02-18T02:02:37.766024,2026-02-18T02:07:22.032299,12.659622682872756
iss,zarya,25544,2026-02-18T03:34:20.720468,2026-02-18T03:39:56.839875,2026-02-18T03:45:28.329539,69.42391412787651
iss,zarya,25544,2026-02-18T18:38:42.067847,2026-02-18T18:44:07.075868,2026-02-18T18:49:39.491480,49.7577586928919
iss,zarya,25544,2026-02-18T20:16:26.135506,2026-02-18T20:21:18.735320,2026-02-18T20:26:15.964879,15.129247458597115
iss,zarya,25544,2026-02-19T02:49:19.763342,2026-02-19T02:54:55.882749,2026-02-19T03:00:28.298361,63.246391677930866
iss,zarya,25544,2026-02-19T17:53:59.044169,2026-02-19T17:59:10.162959,2026-02-19T18:04:28.689339,26.858743605081596
iss,zarya,25544,2026-02-19T19:30:56.800773,2026-02-19T19:36:06.993614,2026-02-19T19:41:23.668097,22.552348790239975
iss,zarya,25544,2026-02-20T02:04:21.243640,2026-02-20T02:09:50.881405,2026-02-20T02:15:16.815376,35.51599426136521
iss,zarya,25544,2026-02-20T03:41:40.705572,2026-02-20T03:46:34.231335,2026-02-20T03:51:25.905201,15.880468558570264
iss,zarya,25544,2026-02-20T17:09:29.153984,2026-02-20T17:14:15.272157,2026-02-20T17:19:06.946023,15.33140713663593
iss,zarya,25544,2026-02-20T18:45:35.717876,2026-02-20T18:50:57.948051,2026-02-20T18:56:27.585817,35.93376117857763
iss,zarya,25544,2026-02-21T01:19:25.413271,2026-02-21T01:24:41.161805,2026-02-21T01:29:55.058441,22.38087277003636
iss,zarya,25544,2026-02-21T02:56:19.214167,2026-02-21T03:01:38.666496,2026-02-21T03:06:55.340979,27.711827479482434
iss,zarya,25544,2026-02-21T18:00:22.886817,2026-02-21T18:05:51.598633,2026-02-21T18:11:27.718040,64.54970027333717
iss,zarya,25544,2026-02-22T00:34:32.020329,2026-02-22T00:39:27.397989,2026-02-22T00:44:21.849702,15.021985903491498
iss,zarya,25544,2026-02-22T02:11:06.641829,2026-02-22T02:16:39.057441,2026-02-22T02:22:08.695207,51.32900772291054
iss,zarya,25544,2026-02-22T17:15:20.411407,2026-02-22T17:20:47.271326,2026-02-22T17:26:22.464785,67.3289930558637
iss,zarya,25544,2026-02-22T18:53:24.182712,2026-02-22T18:58:05.671141,2026-02-22T19:02:51.789314,12.690569860618943
iss,zarya,25544,2026-02-22T23:49:38.538879,2026-02-22T23:54:08.915922,2026-02-22T23:58:39.292966,10.275870080555286
iss,zarya,25544,2026-02-23T01:25:59.032851,2026-02-23T01:31:36.078207,2026-02-23T01:37:09.419768,83.5149208003686
iss,zarya,25544,2026-02-23T16:30:28.039731,2026-02-23T16:35:45.640162,2026-02-23T16:41:10.648184,34.89501332977125
iss,zarya,25544,2026-02-23T18:07:46.677841,2026-02-23T18:12:48.537143,2026-02-23T18:17:56.878087,18.688361456311796
iss,zarya,25544,2026-02-24T00:40:55.713192,2026-02-24T00:46:29.054753,2026-02-24T00:51:58.692519,45.25280986374997
iss,zarya,25544,2026-02-24T02:18:29.479672,2026-02-24T02:23:06.338357,2026-02-24T02:27:42.271094,12.285636478792474
iss,zarya,25544,2026-02-24T15:45:47.875601,2026-02-24T15:50:46.031107,2026-02-24T15:55:50.668256,19.594520659735412
iss,zarya,25544,2026-02-24T17:22:17.424809,2026-02-24T17:27:34.099291,2026-02-24T17:32:58.181365,28.759655716128986
iss,zarya,25544,2026-02-24T23:55:55.082870,2026-02-25T00:01:17.313045,2026-02-25T00:06:37.691323,27.150149116614926
iss,zarya,25544,2026-02-25T01:32:58.810482,2026-02-25T01:38:08.077374,2026-02-25T01:43:15.492369,21.606186470666252
iss,zarya,25544,2026-02-25T15:01:23.874724,2026-02-25T15:05:47.770126,2026-02-25T15:10:16.295273,10.968781751146606
iss,zarya,25544,2026-02-25T16:36:57.097651,2026-02-25T16:42:23.031621,2026-02-25T16:47:56.373182,48.95579910889239
iss,zarya,25544,2026-02-25T23:10:56.889973,2026-02-25T23:16:01.527122,2026-02-25T23:21:05.238322,17.80622564967217
iss,zarya,25544,2026-02-26T00:47:38.660345,2026-02-26T00:53:06.446212,2026-02-26T00:58:31.454234,38.64319408246807
iss,zarya,25544,2026-02-26T15:51:45.526156,2026-02-26T15:57:13.312023,2026-02-26T16:02:49.431430,88.45529651492014
iss,zarya,25544,2026-02-26T17:30:08.327070,2026-02-26T17:34:37.778164,2026-02-26T17:39:11.859003,10.69122136953121
iss,zarya,25544,2026-02-26T22:25:59.534516,2026-02-26T22:30:41.022945,2026-02-26T22:35:22.511374,12.106532107908848
iss,zarya,25544,2026-02-27T00:02:24.651425,2026-02-27T00:08:00.770832,2026-02-27T00:13:34.112393,74.58860734224895
iss,zarya,25544,2026-02-27T15:06:43.806481,2026-02-27T15:12:06.962605,2026-02-27T15:17:36.600371,45.94604453450262
iss,zarya,25544,2026-02-27T16:44:23.326098,2026-02-27T16:49:15.925912,2026-02-27T16:54:14.081420,15.674049160241422
iss,zarya,25544,2026-02-27T23:17:15.857773,2026-02-27T23:22:51.051231,2026-02-27T23:28:23.466843,58.74966258168463
iss,zarya,25544,2026-02-28T14:21:54.546265,2026-02-28T14:27:01.961260,2026-02-28T14:32:16.783845,24.91355044974286
iss,zarya,25544,2026-02-28T15:58:45.902929,2026-02-28T16:03:56.095770,2026-02-28T16:09:13.696201,23.576487935890864
iss,zarya,25544,2026-02-28T22:32:10.427496,2026-02-28T22:37:37.287415,2026-02-28T22:43:02.295437,33.31852274768836
iss,zarya,25544,2026-03-01T00:09:25.681808,2026-03-01T00:14:21.985417,2026-03-01T00:19:18.289027,17.001962846426597
iss,zarya,25544,2026-03-01T13:37:18.419542,2026-03-01T13:41:58.982022,2026-03-01T13:46:45.100195,14.142616026182719
iss,zarya,25544,2026-03-01T15:13:17.405632,2026-03-01T15:18:39.635807,2026-03-01T15:24:09.273573,38.21832714895113
iss,zarya,25544,2026-03-01T21:47:07.434641,2026-03-01T21:52:19.479380,2026-03-01T21:57:30.598170,21.14612577629114
iss,zarya,25544,2026-03-01T23:23:57.279830,2026-03-01T23:29:17.658107,2026-03-01T23:34:37.110436,29.82898434760415
iss,zarya,25544,2026-03-02T14:27:57.412086,2026-03-02T14:33:25.197953,2026-03-02T14:39:00.391412,70.10354306088034
iss,zarya,25544,2026-03-02T21:02:05.279226,2026-03-02T21:06:56.953091,2026-03-02T21:11:47.701008,14.201879394908921
iss,zarya,25544,2026-03-02T22:38:36.619055,2026-03-02T22:44:09.960616,2026-03-02T22:49:40.524331,56.14575823015244
iss,zarya,25544,2026-03-03T13:42:47.522276,2026-03-03T13:48:13.456246,2026-03-03T13:53:46.797807,61.1406277730715
iss,zarya,25544,2026-03-03T15:20:46.071502,2026-03-03T15:25:28.485880,2026-03-03T15:30:16.455950,13.254222713758935
iss,zarya,25544,2026-03-03T21:53:22.351414,2026-03-03T21:58:57.544872,2026-03-03T22:04:31.812382,76.62034173970605
iss,zarya,25544,2026-03-04T12:57:48.914061,2026-03-04T13:03:03.736646,2026-03-04T13:08:25.040873,31.792736079040797
iss,zarya,25544,2026-03-04T14:35:01.152231,2026-03-04T14:40:03.937482,2026-03-04T14:45:13.204375,19.67185890854585
iss,zarya,25544,2026-03-04T21:08:11.195231,2026-03-04T21:13:41.758945,2026-03-04T21:19:10.470762,41.53423431516698
iss,zarya,25544,2026-03-04T22:45:38.650279,2026-03-04T22:50:21.064657,2026-03-04T22:55:02.553086,13.372731952890039
iss,zarya,25544,2026-03-05T12:13:03.439340,2026-03-05T12:17:56.039154,2026-03-05T12:22:55.120610,17.888920965944173
iss,zarya,25544,2026-03-05T13:49:24.484798,2026-03-05T13:54:42.085229,2026-03-05T14:00:06.167303,30.742764332697128
iss,zarya,25544,2026-03-05T20:23:02.728386,2026-03-05T20:28:21.254766,2026-03-05T20:33:38.855197,25.2394634714728
iss,zarya,25544,2026-03-05T22:00:01.996464,2026-03-05T22:05:14.041203,2026-03-05T22:10:24.234044,23.48174569561945
iss,zarya,25544,2026-03-06T13:03:56.321118,2026-03-06T13:09:22.255088,2026-03-06T13:14:55.596649,53.7115443461903
iss,zarya,25544,2026-03-06T19:37:56.698968,2026-03-06T19:42:56.706372,2026-03-06T19:47:55.787828,16.627488784809493
iss,zarya,25544,2026-03-06T21:14:34.261718,2026-03-06T21:20:02.973534,2026-03-06T21:25:29.833454,42.66605056835723
iss,zarya,25544,2026-03-07T12:18:38.935208,2026-03-07T12:24:05.795127,2026-03-07T12:29:40.062637,80.48154218952882
iss,zarya,25544,2026-03-07T13:56:54.662146,2026-03-07T14:01:26.891087,2026-03-07T14:06:02.823824,11.26939652444515
iss,zarya,25544,2026-03-07T18:52:51.506987,2026-03-07T18:57:27.439723,2026-03-07T19:02:03.372460,11.279146275846006
iss,zarya,25544,2026-03-07T20:29:13.342225,2026-03-07T20:34:48.535683,2026-03-07T20:40:21.877244,82.72231429256905
iss,zarya,25544,2026-03-08T11:33:30.978998,2026-03-08T11:38:51.357275,2026-03-08T11:44:18.217195,40.977107154936775
iss,zarya,25544,2026-03-08T13:11:01.572741,2026-03-08T13:15:56.950401,2026-03-08T13:20:56.957806,16.625725503214426
iss,zarya,25544,2026-03-08T19:43:57.638001,2026-03-08T19:49:30.053613,2026-03-08T19:55:01.543277,52.67739990229968
iss,zarya,25544,2026-03-08T21:21:40.071633,2026-03-08T21:26:03.967035,2026-03-08T21:30:28.788387,10.404900823590097
iss,zarya,25544,2026-03-09T10:48:35.482244,2026-03-09T10:53:38.267495,2026-03-09T10:58:47.534388,22.437363256806936
iss,zarya,25544,2026-03-09T12:25:17.661121,2026-03-09T12:30:29.705860,2026-03-09T12:35:48.232240,25.338036513572227
iss,zarya,25544,2026-03-09T18:58:44.371201,2026-03-09T19:04:07.527325,2026-03-09T19:09:29.757501,30.382411907604187
iss,zarya,25544,2026-03-09T20:35:53.314083,2026-03-09T20:40:54.247436,2026-03-09T20:45:54.254841,18.698347144513832
iss,zarya,25544,2026-03-10T10:03:54.718972,2026-03-10T10:08:27.873862,2026-03-10T10:13:04.732547,12.632453617206629
iss,zarya,25544,2026-03-10T11:39:42.001342,2026-03-10T11:45:05.157466,2026-03-10T11:50:34.795232,42.12059481901443
iss,zarya,25544,2026-03-10T18:13:32.867790,2026-03-10T18:18:40.282785,2026-03-10T18:23:47.697780,19.475513364043998
iss,zarya,25544,2026-03-10T19:50:18.001533,2026-03-10T19:55:41.157657,2026-03-10T20:01:02.461884,33.160664322174426
iss,zarya,25544,2026-03-11T10:54:15.519348,2026-03-11T10:59:43.305215,2026-03-11T11:05:17.572725,78.94736801592188
iss,zarya,25544,2026-03-11T17:28:23.801803,2026-03-11T17:33:08.994027,2026-03-11T17:37:54.186251,13.09243270330148
iss,zarya,25544,2026-03-11T19:04:50.682100,2026-03-11T19:10:24.023661,2026-03-11T19:15:55.513325,63.764702343260964
iss,zarya,25544,2026-03-12T10:09:00.318950,2026-03-12T10:14:23.475074,2026-03-12T10:19:54.038789,53.3949674220947
iss,zarya,25544,2026-03-12T11:46:49.016353,2026-03-12T11:51:35.134526,2026-03-12T11:56:25.882443,14.183306178605743
iss,zarya,25544,2026-03-12T18:19:29.503886,2026-03-12T18:25:02.845447,2026-03-12T18:30:35.261059,67.56819754212498
iss,zarya,25544,2026-03-13T09:23:55.222287,2026-03-13T09:29:06.341077,2026-03-13T09:34:23.015560,28.127690296753915
iss,zarya,25544,2026-03-13T11:00:56.934599,2026-03-13T11:06:02.497696,2026-03-13T11:11:13.616486,21.275460007360184
iss,zarya,25544,2026-03-13T17:34:10.511185,2026-03-13T17:39:38.297052,2026-03-13T17:45:04.231023,37.01358254172536
iss,zarya,25544,2026-03-13T19:11:30.980767,2026-03-13T19:16:18.950837,2026-03-13T19:21:06.920907,14.94280170805904
iss,zarya,25544,2026-03-14T08:39:04.436980,2026-03-14T08:43:50.555153,2026-03-14T08:48:42.229019,15.857111466680372
iss,zarya,25544,2026-03-14T10:15:14.030630,2026-03-14T10:20:32.557010,2026-03-14T10:25:58.490981,33.98666177829188
iss,zarya,25544,2026-03-14T16:48:54.459730,2026-03-14T16:54:08.356366,2026-03-14T16:59:21.327054,22.877845322146513
iss,zarya,25544,2026-03-14T18:25:48.342327,2026-03-14T18:31:03.164912,2026-03-14T18:36:17.061548,26.30234314689519
iss,zarya,25544,2026-03-15T09:29:40.052536,2026-03-15T09:35:05.986506,2026-03-15T09:40:38.402118,61.41580924813194
iss,zarya,25544,2026-03-15T16:03:40.845700,2026-03-15T16:08:34.371463,2026-03-15T16:13:27.897227,15.154696047795056
iss,zarya,25544,2026-03-15T17:40:14.622954,2026-03-15T17:45:43.334770,2026-03-15T17:51:11.120639,48.96798070528878
iss,zarya,25544,2026-03-16T08:44:15.504139,2026-03-16T08:49:41.438109,2026-03-16T08:55:13.853721,69.63334578285408
iss,zarya,25544,2026-03-16T10:22:21.631166,2026-03-16T10:26:58.489851,2026-03-16T10:31:39.052331,12.18273969887227
iss,zarya,25544,2026-03-16T15:18:27.817196,2026-03-16T15:22:56.342341,2026-03-16T15:27:24.867488,10.247243553558933
iss,zarya,25544,2026-03-16T16:54:46.792885,2026-03-16T17:00:20.134446,2026-03-16T17:05:52.550058,85.79489079050751
iss,zarya,25544,2026-03-17T07:59:02.237339,2026-03-17T08:04:18.911821,2026-03-17T08:09:42.067946,35.446779489736834
iss,zarya,25544,2026-03-17T09:36:22.305224,2026-03-17T09:41:20.460730,2026-03-17T09:46:24.171930,18.11737043102292
iss,zarya,25544,2026-03-17T16:09:22.326190,2026-03-17T16:14:52.889904,2026-03-17T16:20:21.601721,45.74961913697797
iss,zarya,25544,2026-03-17T17:46:55.670545,2026-03-17T17:51:28.825435,2026-03-17T17:56:01.980325,11.891020780523398
iss,zarya,25544,2026-03-18T07:14:01.178084,2026-03-18T07:18:58.407642,2026-03-18T07:24:01.192893,19.65559982608839
iss,zarya,25544,2026-03-18T08:50:30.979204,2026-03-18T08:55:45.801789,2026-03-18T09:01:06.180067,28.120958520499702
iss,zarya,25544,2026-03-18T15:24:02.400728,2026-03-18T15:29:20.927108,2026-03-18T15:34:38.527539,27.02297925134776
iss,zarya,25544,2026-03-18T17:01:04.106231,2026-03-18T17:06:09.669328,2026-03-18T17:11:15.232426,21.163387962534234
iss,zarya,25544,2026-03-19T06:29:16.956119,2026-03-19T06:33:39.925572,2026-03-19T06:38:06.598821,10.898949009370492
iss,zarya,25544,2026-03-19T08:04:49.756922,2026-03-19T08:10:13.838994,2026-03-19T08:15:44.402709,48.38560683489221
iss,zarya,25544,2026-03-19T14:38:43.312706,2026-03-19T14:43:44.246059,2026-03-19T14:48:45.179413,17.525620294550148
iss,zarya,25544,2026-03-19T16:15:22.809055,2026-03-19T16:20:47.817076,2026-03-19T16:26:10.973201,38.263041561275934
iss,zarya,25544,2026-03-20T07:19:16.786475,2026-03-20T07:24:44.572342,2026-03-20T07:30:17.913903,88.46335892967267
iss,zarya,25544,2026-03-20T08:57:39.669090,2026-03-20T09:02:06.342338,2026-03-20T09:06:36.719382,10.516737178153207
iss,zarya,25544,2026-03-20T13:53:25.736158,2026-03-20T13:58:03.520792,2026-03-20T14:02:41.305426,11.788166350878559
iss,zarya,25544,2026-03-20T15:29:49.504995,2026-03-20T15:35:21.920607,2026-03-20T15:40:52.484322,75.0869682123422
iss,zarya,25544,2026-03-21T06:33:55.097626,2026-03-21T06:39:17.327801,2026-03-21T06:44:44.187721,45.054703501043456
iss,zarya,25544,2026-03-21T08:11:32.847047,2026-03-21T08:16:23.594963,2026-03-21T08:21:19.898573,15.594395069942493
iss,zarya,25544,2026-03-21T14:44:19.816221,2026-03-21T14:49:51.305884,2026-03-21T14:55:21.869599,57.32000883246931
iss,zarya,25544,2026-03-22T05:48:45.616323,2026-03-22T05:53:52.105369,2026-03-22T05:59:03.224159,24.23623437266491
iss,zarya,25544,2026-03-22T07:25:34.024929,2026-03-22T07:30:44.217770,2026-03-22T07:35:59.040355,23.735078684097036
iss,zarya,25544,2026-03-22T13:58:54.164857,2026-03-22T14:04:17.320981,2026-03-22T14:09:39.551157,32.179247199586506
iss,zarya,25544,2026-03-22T15:36:05.967287,2026-03-22T15:41:01.344947,2026-03-22T15:45:55.796660,17.164447825600956
iss,zarya,25544,2026-03-23T05:03:50.446376,2026-03-23T05:08:28.231010,2026-03-23T05:13:10.645388,13.629106256620362
iss,zarya,25544,2026-03-23T06:39:44.632511,2026-03-23T06:45:06.862686,2026-03-23T06:50:34.648555,39.09907173488644
iss,zarya,25544,2026-03-23T13:13:31.202828,2026-03-23T13:18:38.617823,2026-03-23T13:23:45.106869,20.285951017814373
iss,zarya,25544,2026-03-23T14:50:17.596134,2026-03-23T14:55:36.122514,2026-03-23T15:00:53.722945,30.518107415191533
iss,zarya,25544,2026-03-24T05:54:05.343826,2026-03-24T05:59:32.203745,2026-03-24T06:05:05.545306,73.12050964523982
iss,zarya,25544,2026-03-24T12:28:09.078239,2026-03-24T12:32:55.196412,2026-03-24T12:37:41.314585,13.511817881367824
iss,zarya,25544,2026-03-24T14:04:36.966187,2026-03-24T14:10:07.529901,2026-03-24T14:15:36.241718,58.692725671568816
iss,zarya,25544,2026-03-25T05:08:35.232931,2026-03-25T05:14:00.240952,2026-03-25T05:19:30.804667,57.61397409271227
iss,zarya,25544,2026-03-25T06:46:28.560078,2026-03-25T06:51:11.900404,2026-03-25T06:55:58.944526,13.53446243658639
iss,zarya,25544,2026-03-25T13:19:02.477459,2026-03-25T13:24:34.893071,2026-03-25T13:30:05.456786,72.17414305208929
iss,zarya,25544,2026-03-26T04:23:16.403629,2026-03-26T04:28:30.300265,2026-03-26T04:33:48.826645,29.885818478065104
iss,zarya,25544,2026-03-26T06:00:23.419720,2026-03-26T06:05:27.130920,2026-03-26T06:10:35.471864,20.34546145087339
iss,zarya,25544,2026-03-26T12:33:31.352102,2026-03-26T12:38:58.212021,2026-03-26T12:44:23.220043,38.72732826213898
iss,zarya,25544,2026-03-26T14:10:54.429319,2026-03-26T14:15:36.843697,2026-03-26T14:20:19.258075,13.94706825360054
iss,zarya,25544,2026-03-27T03:38:11.633773,2026-03-27T03:43:02.381689,2026-03-27T03:47:55.907453,16.74485544246046
iss,zarya,25544,2026-03-27T05:14:26.531203,2026-03-27T05:19:45.057583,2026-03-27T05:25:09.139657,32.40170773720959
iss,zarya,25544,2026-03-27T11:48:03.842034,2026-03-27T11:53:16.812721,2026-03-27T11:58:28.857460,23.54489539194795
iss,zarya,25544,2026-03-27T13:24:57.806332,2026-03-27T13:30:08.925122,2026-03-27T13:35:19.117963,24.76186756382224
iss,zarya,25544,2026-03-28T04:28:38.820470,2026-03-28T04:34:05.680389,2026-03-28T04:39:37.170053,58.2211676668204
iss,zarya,25544,2026-03-28T11:02:37.169401,2026-03-28T11:07:30.695164,2026-03-28T11:12:24.220928,15.452862936024362
iss,zarya,25544,2026-03-28T12:39:10.776444,2026-03-28T12:44:37.636363,2026-03-28T12:50:02.644385,46.16447696193093
iss,zarya,25544,2026-03-29T03:43:01.465384,2026-03-29T03:48:28.325303,2026-03-29T03:54:00.740915,73.21449959782092
iss,zarya,25544,2026-03-29T05:21:10.370257,2026-03-29T05:25:45.377045,2026-03-29T05:30:24.087628,11.823291933473039
iss,zarya,25544,2026-03-29T10:17:12.260157,2026-03-29T10:21:39.859354,2026-03-29T10:26:08.384501,10.386675378393251
iss,zarya,25544,2026-03-29T11:53:30.813723,2026-03-29T11:59:02.303386,2026-03-29T12:04:31.941152,89.06972765059673
iss,zarya,25544,2026-03-30T02:57:34.214033,2026-03-30T03:02:53.666362,2026-03-30T03:08:17.748436,36.99449750422061
iss,zarya,25544,2026-03-30T04:34:57.059765,2026-03-30T04:39:55.215271,2026-03-30T04:44:57.074574,17.65271854990192
iss,zarya,25544,2026-03-30T11:07:54.214376,2026-03-30T11:13:22.926192,2026-03-30T11:18:49.786112,47.162202926612345
iss,zarya,25544,2026-03-30T12:45:29.240417,2026-03-30T12:49:56.839614,2026-03-30T12:54:24.438812,11.287067165984558
iss,zarya,25544,2026-03-31T02:12:21.022126,2026-03-31T02:17:21.029530,2026-03-31T02:22:24.740730,20.35966055184054
iss,zarya,25544,2026-03-31T03:48:52.927056,2026-03-31T03:54:07.749641,2026-03-31T03:59:27.201970,27.42562365814067
iss,zarya,25544,2026-03-31T10:22:21.230312,2026-03-31T10:27:38.830743,2026-03-31T10:32:55.505226,27.452222158589436
iss,zarya,25544,2026-03-31T11:59:23.439639,2026-03-31T12:04:26.224890,2026-03-31T12:09:28.084193,20.33756656109492
iss,zarya,25544,2026-04-01T01:27:23.067524,2026-04-01T01:31:49.740772,2026-04-01T01:36:19.191867,11.29417745885803
iss,zarya,25544,2026-04-01T03:02:58.646173,2026-04-01T03:08:23.654194,2026-04-01T03:13:53.291960,47.11354743253087
iss,zarya,25544,2026-04-01T09:36:49.757726,2026-04-01T09:41:50.691079,2026-04-01T09:46:49.772535,17.65690304829114
iss,zarya,25544,2026-04-01T11:13:30.009813,2026-04-01T11:18:52.239988,2026-04-01T11:24:12.618266,36.966558175106734
iss,zarya,25544,2026-04-02T02:17:12.869041,2026-04-02T02:22:41.580857,2026-04-02T02:28:14.922418,89.13380607654858
iss,zarya,25544,2026-04-02T03:55:36.677605,2026-04-02T04:00:03.350853,2026-04-02T04:04:32.801948,10.38192240164182
iss,zarya,25544,2026-04-02T08:51:20.300441,2026-04-02T08:55:57.159126,2026-04-02T09:00:34.017811,11.811060000162394
iss,zarya,25544,2026-04-02T10:27:43.647154,2026-04-02T10:33:14.210868,2026-04-02T10:38:42.922685,73.28348006245831
iss,zarya,25544,2026-04-03T01:31:38.373502,2026-04-03T01:37:01.529626,2026-04-03T01:42:30.241443,46.0309265467537
iss,zarya,25544,2026-04-03T03:09:16.796960,2026-04-03T03:14:08.470825,2026-04-03T03:19:02.922538,15.4640138385653
iss,zarya,25544,2026-04-03T09:42:01.573814,2026-04-03T09:47:32.137528,2026-04-03T09:52:59.923397,58.01651390601612
iss,zarya,25544,2026-04-04T00:46:15.833598,2026-04-04T00:51:24.174542,2026-04-04T00:56:36.219281,24.62442177876554
iss,zarya,25544,2026-04-04T02:23:05.420066,2026-04-04T02:28:15.612907,2026-04-04T02:33:30.435492,23.612214482833238
iss,zarya,25544,2026-04-04T08:56:23.115761,2026-04-04T09:01:45.345936,2026-04-04T09:07:05.724214,32.212599003171896
iss,zarya,25544,2026-04-04T10:33:35.422016,2026-04-04T10:38:28.021830,2026-04-04T10:43:19.695696,16.828258110865765
iss,zarya,25544,2026-04-05T00:01:08.531002,2026-04-05T00:05:48.167533,2026-04-05T00:10:31.507860,13.812053986386665
iss,zarya,25544,2026-04-05T01:37:02.969049,2026-04-05T01:42:26.125173,2026-04-05T01:47:53.911042,39.00603606875206
iss,zarya,25544,2026-04-05T08:10:48.021084,2026-04-05T08:15:54.510130,2026-04-05T08:20:59.147279,20.181659339144424
iss,zarya,25544,2026-04-05T09:47:33.992267,2026-04-05T09:52:50.666749,2026-04-05T09:58:06.415283,30.16302961730246
iss,zarya,25544,2026-04-06T00:51:10.621766,2026-04-06T00:56:39.333582,2026-04-06T01:02:12.675143,73.17218814368785
iss,zarya,25544,2026-04-06T07:25:14.015757,2026-04-06T07:29:58.282032,2026-04-06T07:34:42.548307,13.383949003312393
iss,zarya,25544,2026-04-06T09:01:41.229668,2026-04-06T09:07:09.941484,2026-04-06T09:12:36.801404,58.58251788850348
iss,zarya,25544,2026-04-07T00:05:28.630130,2026-04-07T00:10:54.564100,2026-04-07T00:16:26.053764,57.414550649671604
iss,zarya,25544,2026-04-07T01:43:21.283241,2026-04-07T01:48:05.549516,2026-04-07T01:52:53.519586,13.650631725576645
iss,zarya,25544,2026-04-07T08:15:54.608288,2026-04-07T08:21:25.172002,2026-04-07T08:26:53.883819,71.5008699036887
iss,zarya,25544,2026-04-07T23:19:57.668175,2026-04-07T23:25:12.490760,2026-04-07T23:30:31.943089,29.737502690479825
iss,zarya,25544,2026-04-08T00:57:03.084282,2026-04-08T01:02:08.647379,2026-04-08T01:07:17.914272,20.605627901575964
iss,zarya,25544,2026-04-08T07:30:10.676243,2026-04-08T07:35:35.684264,2026-04-08T07:40:58.840389,38.09222295097062
iss,zarya,25544,2026-04-08T09:07:32.153475,2026-04-08T09:12:13.641904,2026-04-08T09:16:55.130333,13.967672582774036
iss,zarya,25544,2026-04-08T22:34:41.017580,2026-04-08T22:39:31.765496,2026-04-08T22:44:27.143157,16.62414117603928
iss,zarya,25544,2026-04-09T00:10:53.389076,2026-04-09T00:16:13.767353,2026-04-09T00:21:38.775375,33.004096274995014
iss,zarya,25544,2026-04-09T06:44:30.107571,2026-04-09T06:49:42.152310,2026-04-09T06:54:52.345151,23.10167054809151
iss,zarya,25544,2026-04-09T08:21:23.145921,2026-04-09T08:26:34.264711,2026-04-09T08:31:42.605655,25.006538055569045
iss,zarya,25544,2026-04-09T23:24:53.545691,2026-04-09T23:30:22.257507,2026-04-09T23:35:55.599068,59.74914020449322
iss,zarya,25544,2026-04-10T05:58:52.228237,2026-04-10T06:03:43.902102,2026-04-10T06:08:34.650019,15.127957784464401
iss,zarya,25544,2026-04-10T07:35:24.235294,2026-04-10T07:40:50.169264,2026-04-10T07:46:14.251338,47.18830322105006
iss,zarya,25544,2026-04-10T22:39:04.057954,2026-04-10T22:44:32.769770,2026-04-10T22:50:06.111331,71.13269732913554
iss,zarya,25544,2026-04-11T00:17:10.688806,2026-04-11T00:21:48.473440,2026-04-11T00:26:29.035920,12.126109352158677
iss,zarya,25544,2026-04-11T05:13:14.260392,2026-04-11T05:17:40.933640,2026-04-11T05:22:05.754992,10.137124679775546
iss,zarya,25544,2026-04-11T06:49:31.213973,2026-04-11T06:55:02.703636,2026-04-11T07:00:31.415453,86.8380617250683
iss,zarya,25544,2026-04-11T21:53:25.599900,2026-04-11T21:58:45.978177,2026-04-11T22:04:10.060251,35.94882831792565
iss,zarya,25544,2026-04-11T23:30:45.245660,2026-04-11T23:35:46.179013,2026-04-11T23:40:49.890213,18.176166164615058
iss,zarya,25544,2026-04-12T06:03:42.733886,2026-04-12T06:09:10.519753,2026-04-12T06:14:35.527775,45.42433295821953
iss,zarya,25544,2026-04-12T07:41:14.982081,2026-04-12T07:45:44.433175,2026-04-12T07:50:12.958322,11.583330737147014
iss,zarya,25544,2026-04-12T21:08:00.527253,2026-04-12T21:13:00.534657,2026-04-12T21:18:04.245857,19.799913280282357
iss,zarya,25544,2026-04-12T22:44:28.980301,2026-04-12T22:49:46.580732,2026-04-12T22:55:07.884959,28.4425395503619
iss,zarya,25544,2026-04-13T05:17:57.617171,2026-04-13T05:23:14.291653,2026-04-13T05:28:28.188289,26.513462389362
iss,zarya,25544,2026-04-13T06:54:57.974600,2026-04-13T07:00:01.685800,2026-04-13T07:05:03.545103,20.982888907962227
iss,zarya,25544,2026-04-13T20:22:52.291898,2026-04-13T20:27:17.113248,2026-04-13T20:31:45.638395,10.909127560620508
iss,zarya,25544,2026-04-13T21:58:22.818679,2026-04-13T22:03:49.678598,2026-04-13T22:09:21.168262,49.453523580074176
iss,zarya,25544,2026-04-14T04:32:14.263846,2026-04-14T04:37:13.345301,2026-04-14T04:42:10.574860,17.069205397523266
iss,zarya,25544,2026-04-14T06:08:52.664035,2026-04-14T06:14:14.894210,2026-04-14T06:19:35.272488,38.64165386387229
iss,zarya,25544,2026-04-14T21:12:25.834841,2026-04-14T21:17:55.472606,2026-04-14T21:23:29.740116,86.17462697364286
iss,zarya,25544,2026-04-14T22:50:44.843450,2026-04-14T22:55:15.220493,2026-04-14T22:59:48.375383,10.826978764777984
iss,zarya,25544,2026-04-15T03:46:32.925818,2026-04-15T03:51:07.006657,2026-04-15T03:55:41.087496,11.401405266799618
iss,zarya,25544,2026-04-15T05:22:54.168722,2026-04-15T05:28:24.732436,2026-04-15T05:33:52.518305,77.460653005003
iss,zarya,25544,2026-04-15T20:26:40.132600,2026-04-15T20:32:03.288724,2026-04-15T20:37:32.000541,43.53798984878195
iss,zarya,25544,2026-04-15T22:04:12.830154,2026-04-15T22:09:08.207814,2026-04-15T22:14:06.363322,16.172832838668093
iss,zarya,25544,2026-04-16T04:37:00.214644,2026-04-16T04:42:29.852409,2026-04-16T04:47:55.786380,54.549369449424375
iss,zarya,25544,2026-04-16T19:41:06.385993,2026-04-16T19:46:13.800988,2026-04-16T19:51:25.845727,23.42428191340294
iss,zarya,25544,2026-04-16T21:17:50.246557,2026-04-16T21:23:03.217244,2026-04-16T21:28:20.817675,24.876995814773803
iss,zarya,25544,2026-04-17T03:51:09.875851,2026-04-17T03:56:30.254128,2026-04-17T04:01:48.780508,30.53635469297306
iss,zarya,25544,2026-04-17T05:28:18.226398,2026-04-17T05:33:13.604058,2026-04-17T05:38:07.129822,17.759414396809017
iss,zarya,25544,2026-04-17T18:55:48.802638,2026-04-17T19:00:25.661323,2026-04-17T19:05:06.223803,13.07323887411098
iss,zarya,25544,2026-04-17T20:31:36.588833,2026-04-17T20:37:01.596854,2026-04-17T20:42:32.160569,41.71228088463556
iss,zarya,25544,2026-04-18T03:05:21.974480,2026-04-18T03:10:26.611629,2026-04-18T03:15:29.396880,19.239408206588962
iss,zarya,25544,2026-04-18T04:42:05.589940,2026-04-18T04:47:24.116320,2026-04-18T04:52:39.864854,32.201812836795156
iss,zarya,25544,2026-04-18T19:45:32.108894,2026-04-18T19:51:02.672608,2026-04-18T19:56:37.866067,79.0225617902348
iss,zarya,25544,2026-04-19T02:19:35.162463,2026-04-19T02:24:17.576841,2026-04-19T02:28:58.139321,12.771124328858368
iss,zarya,25544,2026-04-19T03:56:00.946601,2026-04-19T04:01:30.584366,2026-04-19T04:06:56.518337,63.702202032567506
iss,zarya,25544,2026-04-19T18:59:38.910554,2026-04-19T19:05:05.770473,2026-04-19T19:10:38.186085,52.76536754258439
iss,zarya,25544,2026-04-19T20:37:24.911812,2026-04-19T20:42:14.733780,2026-04-19T20:47:07.333595,14.492399082140842
iss,zarya,25544,2026-04-20T03:10:01.518530,2026-04-20T03:15:33.008193,2026-04-20T03:20:59.868113,65.63632292354707
iss,zarya,25544,2026-04-20T18:13:58.593793,2026-04-20T18:19:11.564480,2026-04-20T18:24:30.090860,27.601792465816324
iss,zarya,25544,2026-04-20T19:50:55.758062,2026-04-20T19:56:05.024954,2026-04-20T20:01:18.921590,22.0222068134549
iss,zarya,25544,2026-04-21T02:24:06.631694,2026-04-21T02:29:30.713766,2026-04-21T02:34:52.017993,35.32022428459462
iss,zarya,25544,2026-04-21T04:01:23.227269,2026-04-21T04:06:09.345442,2026-04-21T04:10:54.537666,15.115775920396175
iss,zarya,25544,2026-04-21T17:28:31.410530,2026-04-21T17:33:19.380600,2026-04-21T17:38:10.128517,15.417744203790377
iss,zarya,25544,2026-04-21T19:04:35.530188,2026-04-21T19:09:58.686312,2026-04-21T19:15:26.472181,35.84014130359745
iss,zarya,25544,2026-04-22T01:38:13.508246,2026-04-22T01:43:23.701087,2026-04-22T01:48:31.116082,21.67586659286517
iss,zarya,25544,2026-04-22T03:15:03.264925,2026-04-22T03:20:17.161561,2026-04-22T03:25:28.280351,27.251793174589327
iss,zarya,25544,2026-04-22T18:18:24.732012,2026-04-22T18:23:54.369777,2026-04-22T18:29:29.563236,66.25265907184418
iss,zarya,25544,2026-04-23T00:52:23.074135,2026-04-23T00:57:11.970154,2026-04-23T01:01:59.940224,14.25457024840081
iss,zarya,25544,2026-04-23T02:28:52.473558,2026-04-23T02:34:20.259425,2026-04-23T02:39:45.267447,52.58255946340566
iss,zarya,25544,2026-04-23T17:32:24.711608,2026-04-23T17:37:53.423424,2026-04-23T17:43:27.690934,63.70599995909998
iss,zarya,25544,2026-04-23T19:10:22.416587,2026-04-23T19:15:05.756913,2026-04-23T19:19:51.875086,13.06231166722209
iss,zarya,25544,2026-04-24T01:42:47.571498,2026-04-24T01:48:19.987110,2026-04-24T01:53:47.772979,78.38677193689658
iss,zarya,25544,2026-04-24T16:46:36.224713,2026-04-24T16:51:53.825144,2026-04-24T16:57:16.981269,32.45622337423866
iss,zarya,25544,2026-04-24T18:23:45.766738,2026-04-24T18:28:51.329835,2026-04-24T18:34:00.596728,19.68532910514412
iss,zarya,25544,2026-04-25T00:56:47.210671,2026-04-25T01:02:14.996538,2026-04-25T01:07:38.152663,41.03368744466613
iss,zarya,25544,2026-04-25T02:34:12.725312,2026-04-25T02:38:49.583997,2026-04-25T02:43:25.516734,12.904737298479255
iss,zarya,25544,2026-04-25T16:01:01.545350,2026-04-25T16:05:56.923010,2026-04-25T16:10:56.930415,17.971784459524773
iss,zarya,25544,2026-04-25T17:37:19.220627,2026-04-25T17:42:39.598904,2026-04-25T17:48:05.532875,31.289420509097383
iss,zarya,25544,2026-04-26T00:10:50.465131,2026-04-26T00:16:05.287716,2026-04-26T00:21:17.332455,24.423140002491145
iss,zarya,25544,2026-04-26T01:47:45.688992,2026-04-26T01:52:54.029936,2026-04-26T01:57:59.593034,23.356425815969736
iss,zarya,25544,2026-04-26T16:51:01.600389,2026-04-26T16:56:31.238154,2026-04-26T17:02:05.505664,55.94834958659897
iss,zarya,25544,2026-04-26T23:24:54.557031,2026-04-26T23:29:50.860640,2026-04-26T23:34:44.386404,15.861315503482883
iss,zarya,25544,2026-04-27T01:01:28.497687,2026-04-27T01:06:54.431657,2026-04-27T01:12:16.661833,43.96991715594356
iss,zarya,25544,2026-04-27T16:04:55.261744,2026-04-27T16:10:24.899509,2026-04-27T16:16:00.092968,75.97964389421237
iss,zarya,25544,2026-04-27T17:43:04.418530,2026-04-27T17:47:41.277215,2026-04-27T17:52:21.839695,11.830263803453006
iss,zarya,25544,2026-04-27T22:39:00.664227,2026-04-27T22:43:31.041270,2026-04-27T22:48:00.492365,10.605528010111186
iss,zarya,25544,2026-04-28T00:15:19.047582,2026-04-28T00:20:51.463194,2026-04-28T00:26:19.249063,88.03213337515155
iss,zarya,25544,2026-04-28T15:18:59.026835,2026-04-28T15:24:21.257010,2026-04-28T15:29:48.116930,38.12906464695361
iss,zarya,25544,2026-04-28T16:56:21.198529,2026-04-28T17:01:22.131882,2026-04-28T17:06:26.769031,17.736707724918357
iss,zarya,25544,2026-04-28T23:29:13.464675,2026-04-28T23:34:43.102440,2026-04-28T23:40:09.036411,47.84904099934695
iss,zarya,25544,2026-04-29T01:06:48.572418,2026-04-29T01:11:14.319717,2026-04-29T01:15:39.141069,11.024403097574067
iss,zarya,25544,2026-04-29T14:33:16.851369,2026-04-29T14:38:19.636620,2026-04-29T14:43:27.051615,20.770890579609436
iss,zarya,25544,2026-04-29T16:09:48.082264,2026-04-29T16:15:05.682695,2026-04-29T16:20:27.912871,27.685716373420377
iss,zarya,25544,2026-04-29T22:43:11.245143,2026-04-29T22:48:30.697472,2026-04-29T22:53:46.446006,27.53030311334686
iss,zarya,25544,2026-04-30T00:20:12.610223,2026-04-30T00:25:15.395474,2026-04-30T00:30:15.402879,20.220790300811878
iss,zarya,25544,2026-04-30T13:47:51.513197,2026-04-30T13:52:20.038342,2026-04-30T13:56:52.267284,11.425487987821597
iss,zarya,25544,2026-04-30T15:23:24.143789,2026-04-30T15:28:51.929656,2026-04-30T15:34:25.271217,47.878660348555016
iss,zarya,25544,2026-04-30T21:57:11.040911,2026-04-30T22:02:12.900213,2026-04-30T22:07:11.981669,17.599860219785388
iss,zarya,25544,2026-04-30T23:33:49.944925,2026-04-30T23:39:13.101049,2026-04-30T23:44:32.553378,37.34069701617022
iss,zarya,25544,2026-05-01T14:37:10.309044,2026-05-01T14:42:40.872758,2026-05-01T14:48:17.918114,88.4330183384216
iss,zarya,25544,2026-05-01T16:15:29.991690,2026-05-01T16:20:01.294682,2026-05-01T16:24:35.375521,10.757688612720319
iss,zarya,25544,2026-05-01T21:11:12.600067,2026-05-01T21:15:50.384701,2026-05-01T21:20:26.317438,11.726873766807
iss,zarya,25544,2026-05-01T22:47:34.346795,2026-05-01T22:53:06.762407,2026-05-01T22:58:34.548276,75.21810290509698
iss,zarya,25544,2026-05-02T13:51:08.429933,2026-05-02T13:56:32.512005,2026-05-02T14:02:03.075720,44.74899761878466
iss,zarya,25544,2026-05-02T15:28:41.379399,2026-05-02T15:33:36.757059,2026-05-02T15:38:36.764464,16.085804926450606
iss,zarya,25544,2026-05-02T22:01:24.215846,2026-05-02T22:06:55.705509,2026-05-02T22:12:22.565429,55.89766003641632
iss,zarya,25544,2026-05-03T13:05:18.506453,2026-05-03T13:10:26.847397,2026-05-03T13:15:39.818085,23.853512673929647
iss,zarya,25544,2026-05-03T14:42:01.692981,2026-05-03T14:47:15.589617,2026-05-03T14:52:35.041946,24.767715784564718
iss,zarya,25544,2026-05-03T21:15:16.774233,2026-05-03T21:20:39.930357,2026-05-03T21:25:58.456737,31.052597947522592
iss,zarya,25544,2026-05-03T22:52:24.954569,2026-05-03T22:57:21.258178,2026-05-03T23:02:14.783942,17.64408612644887
iss,zarya,25544,2026-05-04T12:19:44.746229,2026-05-04T12:24:22.530863,2026-05-04T12:29:04.945241,13.226230225779918
iss,zarya,25544,2026-05-04T13:55:31.184352,2026-05-04T14:00:57.118322,2026-05-04T14:06:29.533934,41.590109206133576
iss,zarya,25544,2026-05-04T20:29:12.021958,2026-05-04T20:34:19.436953,2026-05-04T20:39:23.148153,19.480488596675634
iss,zarya,25544,2026-05-04T22:05:55.215295,2026-05-04T22:11:15.593572,2026-05-04T22:16:32.268055,32.17896145368338
iss,zarya,25544,2026-05-05T13:09:11.453494,2026-05-05T13:14:42.017208,2026-05-05T13:20:18.136615,79.09606892144578
iss,zarya,25544,2026-05-05T19:43:09.284985,2026-05-05T19:47:53.551260,2026-05-05T19:52:35.965638,12.904640869603053
iss,zarya,25544,2026-05-05T21:19:34.395086,2026-05-05T21:25:05.884749,2026-05-05T21:30:32.744669,63.97871358030681
iss,zarya,25544,2026-05-06T12:23:02.078286,2026-05-06T12:28:28.938205,2026-05-06T12:34:01.353817,52.41717765738278
iss,zarya,25544,2026-05-06T14:00:45.805524,2026-05-06T14:05:36.553440,2026-05-06T14:10:31.005153,14.669422356946454
iss,zarya,25544,2026-05-06T20:33:19.042060,2026-05-06T20:38:51.457672,2026-05-06T20:44:20.169489,65.14847869839394
iss,zarya,25544,2026-05-07T11:37:04.910619,2026-05-07T11:42:17.881306,2026-05-07T11:47:36.407686,27.26132308241538
iss,zarya,25544,2026-05-07T13:13:59.800866,2026-05-07T13:19:09.993707,2026-05-07T13:24:25.742241,22.3609376312863
iss,zarya,25544,2026-05-07T19:47:07.052404,2026-05-07T19:52:32.986374,2026-05-07T19:57:55.216550,35.0478900844096
iss,zarya,25544,2026-05-07T21:24:22.047995,2026-05-07T21:29:10.944014,2026-05-07T21:33:57.988136,15.487668030642405
iss,zarya,25544,2026-05-08T10:51:23.402382,2026-05-08T10:56:09.520555,2026-05-08T11:01:00.268472,15.112230830126512
iss,zarya,25544,2026-05-08T12:27:23.396123,2026-05-08T12:32:47.478195,2026-05-08T12:38:17.115961,36.641537949981384
iss,zarya,25544,2026-05-08T19:00:58.004000,2026-05-08T19:06:09.122790,2026-05-08T19:11:17.463734,21.510916395953075
iss,zarya,25544,2026-05-08T20:37:45.234745,2026-05-08T20:43:01.909227,2026-05-08T20:48:14.879915,28.089690682275062
iss,zarya,25544,2026-05-09T11:40:57.347026,2026-05-09T11:46:26.984791,2026-05-09T11:52:03.104198,68.4257822885515
iss,zarya,25544,2026-05-09T18:14:50.718982,2026-05-09T18:19:40.540950,2026-05-09T18:24:29.436969,14.136454334989374
iss,zarya,25544,2026-05-09T19:51:18.940543,2026-05-09T19:56:49.504257,2026-05-09T20:02:15.438228,54.72811743471347
iss,zarya,25544,2026-05-10T10:54:41.401664,2026-05-10T11:00:09.187531,2026-05-10T11:05:43.455041,61.10518010645286
iss,zarya,25544,2026-05-10T12:32:34.980723,2026-05-10T12:37:20.172947,2026-05-10T12:42:09.068966,13.440192707782316
iss,zarya,25544,2026-05-10T19:04:58.365438,2026-05-10T19:10:31.706999,2026-05-10T19:16:01.344765,75.35903606804429
iss,zarya,25544,2026-05-11T10:08:37.411936,2026-05-11T10:13:54.086418,2026-05-11T10:19:16.316594,31.042106155308627
iss,zarya,25544,2026-05-11T11:45:42.405918,2026-05-11T11:50:48.894964,2026-05-11T11:56:00.939703,20.34362812028077
iss,zarya,25544,2026-05-11T18:18:41.153706,2026-05-11T18:24:09.865522,2026-05-11T18:29:34.873544,39.57104870202845
iss,zarya,25544,2026-05-11T19:56:03.638588,2026-05-11T20:00:45.127017,2026-05-11T20:05:24.763549,13.655458161670257
iss,zarya,25544,2026-05-12T09:22:48.407597,2026-05-12T09:27:41.007411,2026-05-12T09:32:39.162919,17.09062587933925
iss,zarya,25544,2026-05-12T10:59:00.356970,2026-05-12T11:04:21.661196,2026-05-12T11:09:48.521116,32.68129527071803
iss,zarya,25544,2026-05-12T17:32:27.557257,2026-05-12T17:37:43.305791,2026-05-12T17:42:55.350530,23.700434054052163
iss,zarya,25544,2026-05-12T19:09:20.677308,2026-05-12T19:14:32.722047,2026-05-12T19:19:41.988940,24.789958532587846
iss,zarya,25544,2026-05-13T10:12:27.737723,2026-05-13T10:17:56.449539,2026-05-13T10:23:31.642998,59.51200045626736
iss,zarya,25544,2026-05-13T16:46:16.650146,2026-05-13T16:51:12.027806,2026-05-13T16:56:05.553570,15.419390217865871
iss,zarya,25544,2026-05-13T18:22:47.561044,2026-05-13T18:28:16.272860,2026-05-13T18:33:41.280882,47.305073324953675
iss,zarya,25544,2026-05-14T09:26:06.148158,2026-05-14T09:31:33.934025,2026-05-14T09:37:10.053432,70.61487294264087
iss,zarya,25544,2026-05-14T11:04:07.979055,2026-05-14T11:08:47.615586,2026-05-14T11:13:31.881861,12.36382920190341
iss,zarya,25544,2026-05-14T16:00:05.906439,2026-05-14T16:04:35.357533,2026-05-14T16:09:03.882680,10.294398694181497
iss,zarya,25544,2026-05-14T17:36:22.185983,2026-05-14T17:41:56.453493,2026-05-14T17:47:26.091259,86.01292935327547
iss,zarya,25544,2026-05-15T08:39:55.336364,2026-05-15T08:45:14.788693,2026-05-15T08:50:39.796715,35.23853715123782
iss,zarya,25544,2026-05-15T10:17:10.434082,2026-05-15T10:22:12.293384,2026-05-15T10:27:19.708379,18.62997397560842
iss,zarya,25544,2026-05-15T16:50:00.678120,2026-05-15T16:55:31.241834,2026-05-15T17:00:58.101754,44.66985767210982
iss,zarya,25544,2026-05-15T18:27:29.052309,2026-05-15T18:32:03.133148,2026-05-15T18:36:35.362090,12.07778972041413
iss,zarya,25544,2026-05-16T07:53:58.835929,2026-05-16T07:58:56.991435,2026-05-16T08:04:00.702635,19.16821608226081
iss,zarya,25544,2026-05-16T09:30:22.066898,2026-05-16T09:35:39.667329,2026-05-16T09:41:04.675351,29.46093647024857
iss,zarya,25544,2026-05-16T16:03:41.859596,2026-05-16T16:09:01.311925,2026-05-16T16:14:17.060459,26.05432843335985
iss,zarya,25544,2026-05-16T17:40:39.017056,2026-05-16T17:45:47.358000,2026-05-16T17:50:52.921098,22.0779834464909
iss,zarya,25544,2026-05-17T07:08:21.024681,2026-05-17T07:12:41.216288,2026-05-17T07:17:06.037640,10.324576736070522
iss,zarya,25544,2026-05-17T08:43:42.625590,2026-05-17T08:49:10.411457,2026-05-17T08:54:44.678967,52.25954769692977
iss,zarya,25544,2026-05-17T15:17:26.656357,2026-05-17T15:22:26.663761,2026-05-17T15:27:24.819269,16.74796488703641
iss,zarya,25544,2026-05-17T16:54:01.352751,2026-05-17T16:59:28.212670,2026-05-17T17:04:51.368795,41.40025757721983
iss,zarya,25544,2026-05-18T07:57:15.391823,2026-05-18T08:02:43.177690,2026-05-18T08:08:19.297097,80.52004411733645
iss,zarya,25544,2026-05-18T09:35:26.148593,2026-05-18T09:40:00.229432,2026-05-18T09:44:38.940015,11.415482613314728
iss,zarya,25544,2026-05-18T14:31:11.616518,2026-05-18T14:35:46.623306,2026-05-18T14:40:20.704145,11.150153491705622
iss,zarya,25544,2026-05-18T16:07:30.081575,2026-05-18T16:13:04.349085,2026-05-18T16:18:34.912800,83.51192264658813
iss,zarya,25544,2026-05-19T07:10:58.009877,2026-05-19T07:16:19.314103,2026-05-19T07:21:47.099972,39.88407945796403
iss,zarya,25544,2026-05-19T08:48:22.033469,2026-05-19T08:53:20.188975,2026-05-19T08:58:22.974226,17.158358545427586
iss,zarya,25544,2026-05-19T15:21:04.277580,2026-05-19T15:26:35.767243,2026-05-19T15:32:04.479060,50.35166598331323
iss,zarya,25544,2026-05-19T16:58:39.889149,2026-05-19T17:03:05.636448,2026-05-19T17:07:29.531851,10.70453821435609
iss,zarya,25544,2026-05-20T06:24:55.613323,2026-05-20T06:29:57.472625,2026-05-20T06:35:05.813569,21.350893707686012
iss,zarya,25544,2026-05-20T08:01:27.096130,2026-05-20T08:06:42.844664,2026-05-20T08:12:04.148891,26.80623109447826
iss,zarya,25544,2026-05-20T14:34:40.911012,2026-05-20T14:40:03.141187,2026-05-20T14:45:21.667567,28.57579505333661
iss,zarya,25544,2026-05-20T16:11:42.779917,2026-05-20T16:16:46.491117,2026-05-20T16:21:47.424471,19.81412963827674
iss,zarya,25544,2026-05-21T05:39:09.128115,2026-05-21T05:43:37.653260,2026-05-21T05:48:10.808150,11.62245529611332
iss,zarya,25544,2026-05-21T07:14:43.188480,2026-05-21T07:20:08.196501,2026-05-21T07:25:41.538062,46.4008315808003
iss,zarya,25544,2026-05-21T13:48:20.485693,2026-05-21T13:53:25.122842,2026-05-21T13:58:26.982145,18.116588193440002
iss,zarya,25544,2026-05-21T15:24:59.219497,2026-05-21T15:30:23.301569,2026-05-21T15:35:44.605796,36.66144079655254
iss,zarya,25544,2026-05-22T06:28:09.132648,2026-05-22T06:33:36.918515,2026-05-22T06:39:13.037922,88.8835681268361
iss,zarya,25544,2026-05-22T08:06:28.141257,2026-05-22T08:10:56.666402,2026-05-22T08:15:28.895344,10.574989274804691
iss,zarya,25544,2026-05-22T13:02:01.823760,2026-05-22T13:06:42.386240,2026-05-22T13:11:21.096823,12.010407132278043
iss,zarya,25544,2026-05-22T14:38:22.474327,2026-05-22T14:43:56.741837,2026-05-22T14:49:26.379603,74.01540334816008
iss,zarya,25544,2026-05-23T05:41:46.106501,2026-05-23T05:47:08.336676,2026-05-23T05:52:37.974442,44.998485126479046
iss,zarya,25544,2026-05-23T07:19:18.381930,2026-05-23T07:24:11.907693,2026-05-23T07:29:10.063201,15.8836047208597
iss,zarya,25544,2026-05-23T13:51:51.448254,2026-05-23T13:57:24.789815,2026-05-23T14:02:54.427581,56.60079155182099
iss,zarya,25544,2026-05-24T04:55:36.887884,2026-05-24T05:00:42.450981,2026-05-24T05:05:54.495720,23.642768304702503
iss,zarya,25544,2026-05-24T06:32:17.800389,2026-05-24T06:37:29.845128,2026-05-24T06:42:48.371508,24.587418221488726
iss,zarya,25544,2026-05-24T13:05:24.711507,2026-05-24T13:10:48.793579,2026-05-24T13:16:10.097806,31.263910943028794
iss,zarya,25544,2026-05-24T14:42:31.291858,2026-05-24T14:47:29.447364,2026-05-24T14:52:25.750974,17.897347726126903
iss,zarya,25544,2026-05-25T04:09:43.832523,2026-05-25T04:14:17.913362,2026-05-25T04:18:57.549894,12.928140618273348
iss,zarya,25544,2026-05-25T05:45:27.070676,2026-05-25T05:50:51.152748,2026-05-25T05:56:21.716463,41.66970615985966
iss,zarya,25544,2026-05-25T12:18:59.990057,2026-05-25T12:24:07.405052,2026-05-25T12:29:13.894098,19.517802875661637
iss,zarya,25544,2026-05-25T13:55:40.657459,2026-05-25T14:01:02.887634,2026-05-25T14:06:22.339963,32.82290894357177
iss,zarya,25544,2026-05-26T04:58:47.370642,2026-05-26T05:04:15.156509,2026-05-26T05:09:50.349968,80.40329777331014
iss,zarya,25544,2026-05-26T11:32:37.031995,2026-05-26T11:37:21.298270,2026-05-26T11:42:05.564545,12.86781596934344
iss,zarya,25544,2026-05-26T13:08:59.616161,2026-05-26T13:14:32.957722,2026-05-26T13:20:02.595488,65.68210953691194
iss,zarya,25544,2026-05-27T04:12:18.700292,2026-05-27T04:17:41.856416,2026-05-27T04:23:13.346080,50.57044433604558
iss,zarya,25544,2026-05-27T05:49:58.553523,2026-05-27T05:54:47.449542,2026-05-27T05:59:41.901255,14.772828580411485
iss,zarya,25544,2026-05-27T12:22:23.368010,2026-05-27T12:27:57.635520,2026-05-27T12:33:28.199235,63.31987936842399
iss,zarya,25544,2026-05-28T03:26:02.911523,2026-05-28T03:31:11.252467,2026-05-28T03:36:27.001001,26.043798410514142
iss,zarya,25544,2026-05-28T05:02:52.075867,2026-05-28T05:08:01.342759,2026-05-28T05:13:16.165344,22.715344225780246
iss,zarya,25544,2026-05-28T11:35:52.335130,2026-05-28T11:41:18.269100,2026-05-28T11:46:41.425225,34.11211418057182
iss,zarya,25544,2026-05-28T13:13:03.626926,2026-05-28T13:17:56.226740,2026-05-28T13:22:47.900606,16.255678459405658
iss,zarya,25544,2026-05-29T02:40:03.034099,2026-05-29T02:44:42.670630,2026-05-29T02:49:28.788803,14.23943621259571
iss,zarya,25544,2026-05-29T04:15:56.627899,2026-05-29T04:21:17.932125,2026-05-29T04:26:46.643942,37.81465502059523
iss,zarya,25544,2026-05-29T10:49:23.317552,2026-05-29T10:54:33.510393,2026-05-29T10:59:42.777286,20.94255151528972
iss,zarya,25544,2026-05-29T12:26:07.770450,2026-05-29T12:31:26.296830,2026-05-29T12:36:42.971313,29.671948698889103
iss,zarya,25544,2026-05-30T03:29:10.357715,2026-05-30T03:34:37.217634,2026-05-30T03:40:12.411093,72.24430722037164
iss,zarya,25544,2026-05-30T10:02:55.811448,2026-05-30T10:07:44.707467,2026-05-30T10:12:31.751589,13.716019030048487
iss,zarya,25544,2026-05-30T11:39:20.581126,2026-05-30T11:44:52.996738,2026-05-30T11:50:21.708555,58.61442054135692
iss,zarya,25544,2026-05-31T02:42:35.791252,2026-05-31T02:47:59.873324,2026-05-31T02:53:31.362988,56.54480281955586
iss,zarya,25544,2026-05-31T04:20:23.222284,2026-05-31T04:25:07.488559,2026-05-31T04:29:57.310527,13.80175710548661
iss,zarya,25544,2026-05-31T10:52:40.036847,2026-05-31T10:58:14.304357,2026-05-31T11:03:45.794021,70.34402106151711
iss,zarya,25544,2026-06-01T01:56:13.432333,2026-06-01T02:01:24.551123,2026-06-01T02:06:43.077503,28.551698762414777
iss,zarya,25544,2026-06-01T03:33:11.100427,2026-06-01T03:38:16.663524,2026-06-01T03:43:27.782314,21.123402070126545
iss,zarya,25544,2026-06-01T10:06:03.781889,2026-06-01T10:11:31.567756,2026-06-01T10:16:56.575778,37.1064961049896
iss,zarya,25544,2026-06-01T11:43:19.533217,2026-06-01T11:48:07.503287,2026-06-01T11:52:53.621460,14.836968503759065
iss,zarya,25544,2026-06-02T01:10:06.732842,2026-06-02T01:14:51.925066,2026-06-02T01:19:42.672983,15.552659951665838
iss,zarya,25544,2026-06-02T02:46:09.082304,2026-06-02T02:51:28.534633,2026-06-02T02:56:55.394553,34.650530359312604
iss,zarya,25544,2026-06-02T09:19:31.142214,2026-06-02T09:24:44.112901,2026-06-02T09:29:55.231691,22.381196286463013
iss,zarya,25544,2026-06-02T10:56:18.454659,2026-06-02T11:01:34.203193,2026-06-02T11:06:48.099829,27.056483657607895
iss,zarya,25544,2026-06-03T01:59:17.841954,2026-06-03T02:04:43.775924,2026-06-03T02:10:17.117485,65.22335993042702
iss,zarya,25544,2026-06-03T08:32:59.591892,2026-06-03T08:37:51.265757,2026-06-03T08:42:42.013674,14.547047220561796
iss,zarya,25544,2026-06-03T10:09:26.295169,2026-06-03T10:14:56.858883,2026-06-03T10:20:24.644752,52.721207531282495
iss,zarya,25544,2026-06-04T01:12:37.631288,2026-06-04T01:18:01.713360,2026-06-04T01:23:34.128972,62.7998580824193
iss,zarya,25544,2026-06-04T02:50:30.788224,2026-06-04T02:55:11.350704,2026-06-04T02:59:56.542928,12.95132123953028
iss,zarya,25544,2026-06-04T09:22:41.202847,2026-06-04T09:28:15.470357,2026-06-04T09:33:46.960021,77.48361750680077
iss,zarya,25544,2026-06-05T00:26:09.376254,2026-06-05T00:31:22.346941,2026-06-05T00:36:42.725219,31.15761768266838
iss,zarya,25544,2026-06-05T02:03:13.948113,2026-06-05T02:08:15.807415,2026-06-05T02:13:24.148359,19.763260707905
iss,zarya,25544,2026-06-05T08:35:59.977722,2026-06-05T08:41:28.689538,2026-06-05T08:46:55.549458,40.22405946866673
iss,zarya,25544,2026-06-05T10:13:20.188582,2026-06-05T10:18:02.602960,2026-06-05T10:22:43.165440,13.601893142363407
iss,zarya,25544,2026-06-05T23:39:56.106614,2026-06-05T23:44:45.002633,2026-06-05T23:49:39.454346,16.861875171794665
iss,zarya,25544,2026-06-06T01:16:06.033878,2026-06-06T01:21:23.634309,2026-06-06T01:26:47.716383,32.037945305032856
iss,zarya,25544,2026-06-06T07:49:23.041921,2026-06-06T07:54:37.864506,2026-06-06T07:59:51.761142,23.8193948283224
iss,zarya,25544,2026-06-06T09:26:12.962003,2026-06-06T09:31:25.932690,2026-06-06T09:36:37.051480,24.861517735139444
iss,zarya,25544,2026-06-07T00:29:09.149327,2026-06-07T00:34:34.157348,2026-06-07T00:40:06.572960,59.30107491287984
iss,zarya,25544,2026-06-07T07:02:47.195471,2026-06-07T07:07:41.647182,2026-06-07T07:12:36.098895,15.353767235506112
iss,zarya,25544,2026-06-07T08:39:15.580434,2026-06-07T08:44:45.218199,2026-06-07T08:50:11.152170,47.84735260731488
iss,zarya,25544,2026-06-07T23:42:23.042545,2026-06-07T23:47:48.050566,2026-06-07T23:53:20.466178,69.18431172830691
iss,zarya,25544,2026-06-08T01:20:22.851333,2026-06-08T01:24:59.710018,2026-06-08T01:29:40.272498,12.207605125342898
iss,zarya,25544,2026-06-08T06:16:13.112405,2026-06-08T06:20:40.711602,2026-06-08T06:25:08.310800,10.147812073633329
iss,zarya,25544,2026-06-08T07:52:26.443892,2026-06-08T07:57:59.785453,2026-06-08T08:03:31.275117,84.39668448465963
iss,zarya,25544,2026-06-08T22:55:50.069255,2026-06-08T23:01:03.965891,2026-06-08T23:06:26.196067,33.841924575892016
iss,zarya,25544,2026-06-09T00:33:00.367018,2026-06-09T00:37:59.448473,2026-06-09T00:43:04.085622,18.59958837662982
iss,zarya,25544,2026-06-09T07:05:40.670723,2026-06-09T07:11:10.308488,2026-06-09T07:16:38.094357,43.437164142912394
iss,zarya,25544,2026-06-09T08:43:05.593029,2026-06-09T08:47:41.525765,2026-06-09T08:52:17.458502,12.521627842717349
iss,zarya,25544,2026-06-09T22:09:30.903498,2026-06-09T22:14:22.577363,2026-06-09T22:19:20.732871,18.16056016128836
iss,zarya,25544,2026-06-09T23:45:47.734527,2026-06-09T23:51:02.557112,2026-06-09T23:56:24.787288,29.868081296134648
iss,zarya,25544,2026-06-10T06:18:58.764753,2026-06-10T06:24:15.439235,2026-06-10T06:29:31.187769,25.2436400670081
iss,zarya,25544,2026-06-10T07:55:52.218418,2026-06-10T08:01:01.485310,2026-06-10T08:06:08.900305,23.004944003557473
iss,zarya,25544,2026-06-10T22:58:44.953859,2026-06-10T23:04:09.035931,2026-06-10T23:09:40.525595,54.38711454248481
iss,zarya,25544,2026-06-11T05:32:19.548118,2026-06-11T05:37:15.851727,2026-06-11T05:42:12.155337,16.128754257706433
iss,zarya,25544,2026-06-11T07:08:49.614769,2026-06-11T07:14:17.400636,2026-06-11T07:19:42.408658,43.81537930800988
iss,zarya,25544,2026-06-11T22:11:53.202873,2026-06-11T22:17:18.210894,2026-06-11T22:22:50.626506,75.48043795149846
iss,zarya,25544,2026-06-11T23:49:58.989478,2026-06-11T23:54:31.218419,2026-06-11T23:59:08.077104,11.558935256442606
iss,zarya,25544,2026-06-12T04:45:41.168924,2026-06-12T04:50:11.545967,2026-06-12T04:54:41.923011,10.628785243010887
iss,zarya,25544,2026-06-12T06:21:55.256148,2026-06-12T06:27:28.597709,2026-06-12T06:32:59.161424,88.71881734809747
iss,zarya,25544,2026-06-12T21:25:14.333469,2026-06-12T21:30:30.082003,2026-06-12T21:35:53.238128,36.580813717548
iss,zarya,25544,2026-06-12T23:02:30.609049,2026-06-12T23:07:26.912658,2026-06-12T23:12:28.771961,17.604229157998986
iss,zarya,25544,2026-06-13T05:35:05.438762,2026-06-13T05:40:35.076527,2026-06-13T05:46:03.788344,46.692287536262306
iss,zarya,25544,2026-06-13T07:12:34.568689,2026-06-13T07:17:04.945732,2026-06-13T07:21:35.322776,11.575038597510847
iss,zarya,25544,2026-06-13T20:38:49.271597,2026-06-13T20:43:44.649257,2026-06-13T20:48:45.582611,19.439297071234115
iss,zarya,25544,2026-06-13T22:15:12.080442,2026-06-13T22:20:25.977078,2026-06-13T22:25:45.429407,28.06322618085406
iss,zarya,25544,2026-06-14T04:48:18.984750,2026-06-14T04:53:37.511130,2026-06-14T04:58:54.185613,26.639486978194245
iss,zarya,25544,2026-06-14T06:25:15.297963,2026-06-14T06:30:20.861060,2026-06-14T06:35:25.498209,21.42613542074891
iss,zarya,25544,2026-06-14T19:52:43.150827,2026-06-14T19:57:00.564587,2026-06-14T20:01:22.608092,10.300726021810966
iss,zarya,25544,2026-06-14T21:28:04.581523,2026-06-14T21:33:27.737647,2026-06-14T21:38:57.375413,50.332945264819436
iss,zarya,25544,2026-06-15T04:01:35.471989,2026-06-15T04:06:34.553444,2026-06-15T04:11:32.708952,16.86532248912543
iss,zarya,25544,2026-06-15T05:38:07.472238,2026-06-15T05:43:33.406208,2026-06-15T05:48:56.562333,40.47731351017556
iss,zarya,25544,2026-06-15T20:41:07.860373,2026-06-15T20:46:32.868394,2026-06-15T20:52:04.358058,81.51477187531562
iss,zarya,25544,2026-06-15T22:19:18.698846,2026-06-15T22:23:47.223991,2026-06-15T22:28:20.378881,10.997203225823435
iss,zarya,25544,2026-06-16T03:14:53.048576,2026-06-16T03:19:26.203466,2026-06-16T03:23:59.358356,11.076598763950944
iss,zarya,25544,2026-06-16T04:51:08.817488,2026-06-16T04:56:41.233100,2026-06-16T05:02:11.796815,82.8681638651833
iss,zarya,25544,2026-06-16T19:54:23.346768,2026-06-16T19:59:40.021250,2026-06-16T20:05:04.103324,39.33391448730567
iss,zarya,25544,2026-06-16T21:31:44.674214,2026-06-16T21:36:38.199977,2026-06-16T21:41:37.281433,16.756168967773405
iss,zarya,25544,2026-06-17T04:04:14.703973,2026-06-17T04:09:44.341738,2026-06-17T04:15:13.053555,49.9460810438615
iss,zarya,25544,2026-06-17T05:41:47.367484,2026-06-17T05:46:12.188834,2026-06-17T05:50:37.010186,10.745668301322572
iss,zarya,25544,2026-06-17T19:07:52.640694,2026-06-17T19:12:49.870252,2026-06-17T19:17:53.581452,20.684417903621316
iss,zarya,25544,2026-06-17T20:44:21.427356,2026-06-17T20:49:32.546146,2026-06-17T20:54:50.146577,26.56022168691664
iss,zarya,25544,2026-06-18T03:17:24.205746,2026-06-18T03:22:42.732126,2026-06-18T03:28:00.332557,27.98667667726534
iss,zarya,25544,2026-06-18T04:54:21.948732,2026-06-18T04:59:24.733983,2026-06-18T05:04:26.593286,20.08117630413392
iss,zarya,25544,2026-06-18T18:21:39.445948,2026-06-18T18:26:02.415401,2026-06-18T18:30:29.088650,11.029447359236583
iss,zarya,25544,2026-06-18T19:57:08.032322,2026-06-18T20:02:30.262497,2026-06-18T20:07:58.974314,47.008679590306876
iss,zarya,25544,2026-06-19T02:30:36.396854,2026-06-19T02:35:36.404258,2026-06-19T02:40:36.411663,17.555133130814866
iss,zarya,25544,2026-06-19T04:07:10.078789,2026-06-19T04:12:33.234913,2026-06-19T04:17:54.539140,37.71124271650081
iss,zarya,25544,2026-06-19T19:10:05.666970,2026-06-19T19:15:30.674991,2026-06-19T19:21:02.164655,86.93305218731521
iss,zarya,25544,2026-06-19T20:48:20.631362,2026-06-19T20:52:46.378661,2026-06-19T20:57:15.829756,10.51482418767761
iss,zarya,25544,2026-06-20T01:43:49.677313,2026-06-20T01:48:24.684101,2026-06-20T01:52:59.690889,11.48817211693826
iss,zarya,25544,2026-06-20T03:20:06.201963,2026-06-20T03:25:37.691626,2026-06-20T03:31:07.329392,77.50490062193485
iss,zarya,25544,2026-06-20T18:23:15.931285,2026-06-20T18:28:34.457665,2026-06-20T18:33:58.539739,42.057437442109396
iss,zarya,25544,2026-06-20T20:00:42.562513,2026-06-20T20:05:33.310429,2026-06-20T20:10:29.614039,16.0389196309981
iss,zarya,25544,2026-06-21T02:33:06.866367,2026-06-21T02:38:37.430081,2026-06-21T02:44:05.215950,53.12867745376648
iss,zarya,25544,2026-06-21T04:10:43.989410,2026-06-21T04:15:03.255068,2026-06-21T04:19:23.446675,10.02160045139937
iss,zarya,25544,2026-06-21T17:36:39.581010,2026-06-21T17:41:39.588414,2026-06-21T17:46:45.151512,21.88295291343985
iss,zarya,25544,2026-06-21T19:13:13.419539,2026-06-21T19:18:23.612380,2026-06-21T19:23:39.360914,25.316296571700676
iss,zarya,25544,2026-06-22T01:46:12.323922,2026-06-22T01:51:31.776251,2026-06-22T01:56:50.302631,29.267213988762464
iss,zarya,25544,2026-06-22T03:23:13.348581,2026-06-22T03:28:12.430036,2026-06-22T03:33:10.585544,18.93599505131176
iss,zarya,25544,2026-06-22T16:50:20.742061,2026-06-22T16:54:47.415309,2026-06-22T16:59:17.792353,11.714137713140941
iss,zarya,25544,2026-06-22T18:25:55.306252,2026-06-22T18:31:16.610478,2026-06-22T18:36:44.396347,44.29937365810325
iss,zarya,25544,2026-06-23T00:59:20.218901,2026-06-23T01:04:22.078203,2026-06-23T01:09:23.011557,18.191798401756174
iss,zarya,25544,2026-06-23T02:35:55.582523,2026-06-23T02:41:16.886749,2026-06-23T02:46:37.265027,35.42110145740551
iss,zarya,25544,2026-06-23T17:38:47.970733,2026-06-23T17:44:12.978754,2026-06-23T17:49:44.468418,87.7407307266743
iss,zarya,25544,2026-06-23T19:17:07.061043,2026-06-23T19:21:30.030496,2026-06-23T19:25:56.703745,10.106638904855084
iss,zarya,25544,2026-06-24T00:12:30.129178,2026-06-24T00:17:06.987863,2026-06-24T00:21:43.846548,11.860870842543852
iss,zarya,25544,2026-06-24T01:48:47.409565,2026-06-24T01:54:17.973279,2026-06-24T01:59:46.685096,72.84074490254561
iss,zarya,25544,2026-06-24T16:51:52.590844,2026-06-24T16:57:12.043173,2026-06-24T17:02:37.051195,44.68664109214923
iss,zarya,25544,2026-06-24T18:29:23.347990,2026-06-24T18:34:12.244009,2026-06-24T18:39:05.769773,15.439318387443404
iss,zarya,25544,2026-06-25T01:01:44.029750,2026-06-25T01:07:13.667515,2026-06-25T01:12:42.379332,56.161612381151315
iss,zarya,25544,2026-06-25T16:05:11.018486,2026-06-25T16:10:13.803737,2026-06-25T16:15:21.218732,23.0179316101898
iss,zarya,25544,2026-06-25T17:41:49.234847,2026-06-25T17:46:58.501739,2026-06-25T17:52:12.398375,24.294527362322768
iss,zarya,25544,2026-06-26T00:14:44.939260,2026-06-26T00:20:05.317537,2026-06-26T00:25:23.843917,30.4632490280337
iss,zarya,25544,2026-06-26T01:51:47.645604,2026-06-26T01:56:43.949213,2026-06-26T02:01:39.326874,17.966152416284114
iss,zarya,25544,2026-06-26T15:18:46.535334,2026-06-26T15:23:16.912377,2026-06-26T15:27:50.993216,12.348540778767578
iss,zarya,25544,2026-06-26T16:54:26.151392,2026-06-26T16:59:47.455618,2026-06-26T17:05:14.315538,42.114410461784445
iss,zarya,25544,2026-06-26T23:27:48.790020,2026-06-26T23:32:51.575271,2026-06-26T23:37:53.434574,18.76873787192523
iss,zarya,25544,2026-06-27T01:04:25.583416,2026-06-27T01:09:45.035745,2026-06-27T01:15:02.636176,33.53615765933192
iss,zarya,25544,2026-06-27T16:07:14.097621,2026-06-27T16:12:39.105642,2026-06-27T16:18:10.595306,83.55976699692049
iss,zarya,25544,2026-06-27T22:40:54.656081,2026-06-27T22:45:32.440715,2026-06-27T22:50:11.151298,12.192182686926522
iss,zarya,25544,2026-06-28T00:17:12.440294,2026-06-28T00:22:42.078059,2026-06-28T00:28:09.863928,68.88191484688437
iss,zarya,25544,2026-06-28T15:20:13.747570,2026-06-28T15:25:34.125847,2026-06-28T15:31:00.059818,47.16649517677582
iss,zarya,25544,2026-06-28T16:57:47.956598,2026-06-28T17:02:35.000719,2026-06-28T17:07:26.674585,14.94663138411869
iss,zarya,25544,2026-06-28T23:30:04.764353,2026-06-28T23:35:34.402118,2026-06-28T23:41:02.187987,58.98863856334989
iss,zarya,25544,2026-06-29T14:33:26.531011,2026-06-29T14:38:31.168160,2026-06-29T14:43:40.435053,24.067868552219604
iss,zarya,25544,2026-06-29T16:10:09.125204,2026-06-29T16:15:16.540199,2026-06-29T16:20:28.584938,23.466649818412275
iss,zarya,25544,2026-06-29T22:43:01.629648,2026-06-29T22:48:22.007925,2026-06-29T22:53:41.460254,31.550343536772104
iss,zarya,25544,2026-06-30T00:20:05.765766,2026-06-30T00:24:59.291529,2026-06-30T00:29:51.891344,17.153517057144928
iss,zarya,25544,2026-06-30T13:46:57.077693,2026-06-30T13:51:30.232583,2026-06-30T13:56:07.091268,12.924517866015858
iss,zarya,25544,2026-06-30T15:22:41.071583,2026-06-30T15:28:01.449860,2026-06-30T15:33:27.383831,40.36847407571996
iss,zarya,25544,2026-06-30T21:56:01.184276,2026-06-30T22:01:04.895476,2026-06-30T22:06:07.680727,19.279730447814035
iss,zarya,25544,2026-06-30T23:32:39.407446,2026-06-30T23:37:57.007877,2026-06-30T23:43:12.756411,31.997365339067276
iss,zarya,25544,2026-07-01T14:35:23.121695,2026-07-01T14:40:49.055665,2026-07-01T14:46:19.619380,79.96666633377193
iss,zarya,25544,2026-07-01T21:09:03.006119,2026-07-01T21:13:41.716702,2026-07-01T21:18:21.353234,12.4805331730444
iss,zarya,25544,2026-07-01T22:45:21.294157,2026-07-01T22:50:50.005973,2026-07-01T22:56:16.865893,65.60225519284039
iss,zarya,25544,2026-07-02T13:48:18.053390,2026-07-02T13:53:39.357616,2026-07-02T13:59:06.217536,49.42082169043588
iss,zarya,25544,2026-07-02T15:25:55.462388,2026-07-02T15:30:41.580561,2026-07-02T15:35:31.402529,14.551876795922562
iss,zarya,25544,2026-07-02T21:58:09.322086,2026-07-02T22:03:38.959851,2026-07-02T22:09:05.819771,61.52880763830948
iss,zarya,25544,2026-07-03T13:01:26.792612,2026-07-03T13:06:32.355709,2026-07-03T13:11:43.474499,25.01276056140452
iss,zarya,25544,2026-07-03T14:38:11.912738,2026-07-03T14:43:18.401784,2026-07-03T14:48:29.520574,22.81174736692743
iss,zarya,25544,2026-07-03T21:11:02.143160,2026-07-03T21:16:22.521437,2026-07-03T21:21:41.973766,32.5095826190461
iss,zarya,25544,2026-07-03T22:48:07.709052,2026-07-03T22:52:58.456968,2026-07-03T22:57:48.278936,16.484759784123234
iss,zarya,25544,2026-07-04T12:14:51.443178,2026-07-04T12:19:27.375914,2026-07-04T12:24:07.012446,13.433606872597098
iss,zarya,25544,2026-07-04T13:50:38.888951,2026-07-04T13:55:59.267228,2026-07-04T14:01:24.275250,39.00535859588544
iss,zarya,25544,2026-07-04T20:23:57.653572,2026-07-04T20:29:01.364772,2026-07-04T20:34:05.075972,19.718442673314204
iss,zarya,25544,2026-07-04T22:00:36.380567,2026-07-04T22:05:52.129101,2026-07-04T22:11:06.951686,30.761639375222845
iss,zarya,25544,2026-07-05T13:03:17.146759,2026-07-05T13:08:42.154780,2026-07-05T13:14:13.644444,77.01051673809818
iss,zarya,25544,2026-07-05T19:36:55.179286,2026-07-05T19:41:34.815817,2026-07-05T19:46:15.378297,12.724390828721917
iss,zarya,25544,2026-07-05T21:13:13.971149,2026-07-05T21:18:41.757016,2026-07-05T21:24:07.690987,62.963300667006955
iss,zarya,25544,2026-07-06T12:16:06.856375,2026-07-06T12:21:29.086550,2026-07-06T12:26:55.946470,51.39716587616793
iss,zarya,25544,2026-07-06T13:53:46.117271,2026-07-06T13:58:31.309495,2026-07-06T14:03:20.205514,14.24713386234916
iss,zarya,25544,2026-07-06T20:25:57.954861,2026-07-06T20:31:26.666677,2026-07-06T20:36:53.526597,63.70312382940387
iss,zarya,25544,2026-07-07T11:29:09.951395,2026-07-07T11:34:17.366390,2026-07-07T11:39:29.411129,25.831180531079692
iss,zarya,25544,2026-07-07T13:05:57.597455,2026-07-07T13:11:04.086501,2026-07-07T13:16:15.205291,22.31257173393842
iss,zarya,25544,2026-07-07T19:38:46.479804,2026-07-07T19:44:06.858081,2026-07-07T19:49:26.310410,33.321311503760356
iss,zarya,25544,2026-07-07T21:15:53.223557,2026-07-07T21:20:42.119576,2026-07-07T21:25:30.089646,15.950870799210094
iss,zarya,25544,2026-07-08T10:42:30.557743,2026-07-08T10:47:08.342377,2026-07-08T10:51:49.830806,13.866996496198151
iss,zarya,25544,2026-07-08T12:18:19.855414,2026-07-08T12:23:40.233691,2026-07-08T12:29:05.241713,37.975107838099724
iss,zarya,25544,2026-07-08T18:51:37.020050,2026-07-08T18:56:41.657199,2026-07-08T19:01:45.368399,20.08012509706301
iss,zarya,25544,2026-07-08T20:28:16.924906,2026-07-08T20:33:31.747491,2026-07-08T20:38:44.718179,29.802189797486374
iss,zarya,25544,2026-07-09T11:30:53.817092,2026-07-09T11:36:19.751062,2026-07-09T11:41:51.240726,74.77133597299434
iss,zarya,25544,2026-07-09T18:04:30.249633,2026-07-09T18:09:11.738062,2026-07-09T18:13:52.300542,12.922307261251762
iss,zarya,25544,2026-07-09T19:40:50.471269,2026-07-09T19:46:17.331188,2026-07-09T19:51:42.339210,60.92536127417303
iss,zarya,25544,2026-07-10T10:43:38.808452,2026-07-10T10:49:01.964576,2026-07-10T10:54:29.750445,53.02470100769
iss,zarya,25544,2026-07-10T12:21:20.595282,2026-07-10T12:26:04.861557,2026-07-10T12:30:51.905679,14.02626565033082
iss,zarya,25544,2026-07-10T18:53:30.158851,2026-07-10T18:58:58.870667,2026-07-10T19:04:24.804638,65.48071527289976
iss,zarya,25544,2026-07-11T09:56:37.859256,2026-07-11T10:01:46.200200,2026-07-11T10:06:59.170888,26.50232358289682
iss,zarya,25544,2026-07-11T11:33:27.105301,2026-07-11T11:38:33.594347,2026-07-11T11:43:43.787188,21.95510367543909
iss,zarya,25544,2026-07-11T18:06:13.713629,2026-07-11T18:11:35.017855,2026-07-11T18:16:53.544235,33.967408974697875
iss,zarya,25544,2026-07-11T19:43:22.813104,2026-07-11T19:48:08.931277,2026-07-11T19:52:55.049450,15.543958843759857
iss,zarya,25544,2026-07-12T09:09:53.495438,2026-07-12T09:14:33.131969,2026-07-12T09:19:16.472296,14.215928274361769
iss,zarya,25544,2026-07-12T10:45:44.645006,2026-07-12T10:51:05.023283,2026-07-12T10:56:30.031305,37.24461436864375
iss,zarya,25544,2026-07-12T17:19:01.135606,2026-07-12T17:24:05.772755,2026-07-12T17:29:09.483955,20.36027294217624
iss,zarya,25544,2026-07-12T18:55:41.292375,2026-07-12T19:00:55.189011,2026-07-12T19:06:07.233750,29.094723643462643
iss,zarya,25544,2026-07-13T09:58:13.636518,2026-07-13T10:03:40.496437,2026-07-13T10:09:11.986101,73.13583807108692
iss,zarya,25544,2026-07-13T16:31:50.320972,2026-07-13T16:36:31.809401,2026-07-13T16:41:12.371881,13.072544121707098
iss,zarya,25544,2026-07-13T18:08:09.868572,2026-07-13T18:13:36.728491,2026-07-13T18:19:01.736513,59.45365346572825
iss,zarya,25544,2026-07-14T09:10:54.583664,2026-07-14T09:16:18.665736,2026-07-14T09:21:46.451605,54.26012775731804
iss,zarya,25544,2026-07-14T10:48:37.296442,2026-07-14T10:53:21.562717,2026-07-14T10:58:08.606839,13.88335020712456
iss,zarya,25544,2026-07-14T17:20:45.511938,2026-07-14T17:26:14.223754,2026-07-14T17:31:40.157725,66.78648519017617
iss,zarya,25544,2026-07-15T08:23:48.664302,2026-07-15T08:28:58.857143,2026-07-15T08:34:12.753779,27.007098152917674
iss,zarya,25544,2026-07-15T10:00:39.762244,2026-07-15T10:05:46.251290,2026-07-15T10:10:55.518183,21.727529469137895
iss,zarya,25544,2026-07-15T16:33:25.022499,2026-07-15T16:38:46.326725,2026-07-15T16:44:05.779054,34.43012536230936
iss,zarya,25544,2026-07-15T18:10:34.373887,2026-07-15T18:15:19.566111,2026-07-15T18:20:04.758335,15.259958466695592
iss,zarya,25544,2026-07-16T07:37:00.256267,2026-07-16T07:41:41.744696,2026-07-16T07:46:26.010971,14.47213717940542
iss,zarya,25544,2026-07-16T09:12:53.257733,2026-07-16T09:18:13.636010,2026-07-16T09:23:38.644032,36.787666345211406
iss,zarya,25544,2026-07-16T15:46:08.148348,2026-07-16T15:51:13.711445,2026-07-16T15:56:17.422645,20.55482043599729
iss,zarya,25544,2026-07-16T17:22:48.808942,2026-07-16T17:28:01.779629,2026-07-16T17:33:12.898419,28.622615775374967
iss,zarya,25544,2026-07-17T08:25:17.530992,2026-07-17T08:30:44.390911,2026-07-17T08:36:16.806523,72.08528858882958
iss,zarya,25544,2026-07-17T14:58:53.541411,2026-07-17T15:03:35.029840,2026-07-17T15:08:16.518269,13.173726583046937
iss,zarya,25544,2026-07-17T16:35:13.089011,2026-07-17T16:40:39.948930,2026-07-17T16:46:04.031004,58.52115407609573
iss,zarya,25544,2026-07-18T07:37:54.433921,2026-07-18T07:43:18.515993,2026-07-18T07:48:47.227810,55.05893604402032
iss,zarya,25544,2026-07-18T09:15:38.072648,2026-07-18T09:20:21.412974,2026-07-18T09:25:09.383044,13.813514939084945
iss,zarya,25544,2026-07-18T15:47:44.688158,2026-07-18T15:53:13.399974,2026-07-18T15:58:39.333945,67.60015478652672
iss,zarya,25544,2026-07-19T06:50:44.470341,2026-07-19T06:55:54.663182,2026-07-19T07:01:09.485767,27.32779250576916
iss,zarya,25544,2026-07-19T08:27:35.568283,2026-07-19T08:32:42.057329,2026-07-19T08:37:52.250170,21.62138807874411
iss,zarya,25544,2026-07-19T15:00:20.154502,2026-07-19T15:05:41.458728,2026-07-19T15:10:59.985108,34.69968906277866
iss,zarya,25544,2026-07-19T16:37:29.505890,2026-07-19T16:42:14.698114,2026-07-19T16:46:58.038441,15.096671894563354
iss,zarya,25544,2026-07-20T06:03:51.092138,2026-07-20T06:08:33.506516,2026-07-20T06:13:19.624689,14.628046557310581
iss,zarya,25544,2026-07-20T07:39:45.019553,2026-07-20T07:45:05.397830,2026-07-20T07:50:31.331801,36.58154990893143
iss,zarya,25544,2026-07-20T14:12:59.236133,2026-07-20T14:18:04.799230,2026-07-20T14:23:08.510430,20.659695572556696
iss,zarya,25544,2026-07-20T15:49:39.896727,2026-07-20T15:54:52.867414,2026-07-20T16:00:03.060255,28.380023232845716
iss,zarya,25544,2026-07-21T06:52:04.996683,2026-07-21T06:57:32.782550,2026-07-21T07:03:05.198162,71.65713629216569
iss,zarya,25544,2026-07-21T13:25:39.659028,2026-07-21T13:30:22.073406,2026-07-21T13:35:03.561835,13.225002487151066
iss,zarya,25544,2026-07-21T15:02:00.384490,2026-07-21T15:07:26.318460,2026-07-21T15:12:50.400534,58.09861022461372
iss,zarya,25544,2026-07-22T06:04:37.181357,2026-07-22T06:10:02.189378,2026-07-22T06:15:31.827144,55.40359027811296
iss,zarya,25544,2026-07-22T07:42:20.820084,2026-07-22T07:47:05.086359,2026-07-22T07:51:53.056429,13.81320076825656
iss,zarya,25544,2026-07-22T14:14:27.013471,2026-07-22T14:19:55.725287,2026-07-22T14:25:21.659258,67.88328621285127
iss,zarya,25544,2026-07-23T05:17:23.173558,2026-07-23T05:22:34.292348,2026-07-23T05:27:50.040882,27.45417638713726
iss,zarya,25544,2026-07-23T06:54:15.197449,2026-07-23T06:59:21.686495,2026-07-23T07:04:31.879336,21.631185159010275
iss,zarya,25544,2026-07-23T13:26:58.183683,2026-07-23T13:32:20.413858,2026-07-23T13:37:38.940238,34.76819730398763
iss,zarya,25544,2026-07-23T15:04:08.038897,2026-07-23T15:08:52.305172,2026-07-23T15:13:35.645499,15.051280155907945
iss,zarya,25544,2026-07-24T04:30:26.677088,2026-07-24T04:35:09.091466,2026-07-24T04:39:55.209639,14.678390705552747
iss,zarya,25544,2026-07-24T06:06:19.678554,2026-07-24T06:11:40.982780,2026-07-24T06:17:06.916751,36.618659361610696
iss,zarya,25544,2026-07-24T12:39:33.473011,2026-07-24T12:44:39.036108,2026-07-24T12:49:42.747308,20.672465428166788
iss,zarya,25544,2026-07-24T14:16:14.133605,2026-07-24T14:21:27.104292,2026-07-24T14:26:37.297133,28.359397586677357
iss,zarya,25544,2026-07-25T05:18:35.863379,2026-07-25T05:24:03.649246,2026-07-25T05:29:36.064858,71.7571496268901
iss,zarya,25544,2026-07-25T11:52:10.525724,2026-07-25T11:56:52.940102,2026-07-25T12:01:34.428531,13.225031537469713
iss,zarya,25544,2026-07-25T13:28:30.577149,2026-07-25T13:33:56.511119,2026-07-25T13:39:19.667244,58.19312273735875
iss,zarya,25544,2026-07-26T04:31:04.677872,2026-07-26T04:36:29.685893,2026-07-26T04:41:59.323659,55.28257146073171
iss,zarya,25544,2026-07-26T06:08:47.642563,2026-07-26T06:13:31.908838,2026-07-26T06:18:20.804857,13.878803038961687
iss,zarya,25544,2026-07-26T12:40:53.161914,2026-07-26T12:46:21.873730,2026-07-26T12:51:47.807701,67.64665113731817
iss,zarya,25544,2026-07-27T03:43:46.625857,2026-07-27T03:48:57.744647,2026-07-27T03:54:13.493181,27.379307826762837
iss,zarya,25544,2026-07-27T05:20:37.049763,2026-07-27T05:25:44.464758,2026-07-27T05:30:55.583548,21.752229717988865
iss,zarya,25544,2026-07-27T11:53:20.539823,2026-07-27T11:58:41.844049,2026-07-27T12:04:00.370429,34.6276347031481
iss,zarya,25544,2026-07-27T13:30:30.143124,2026-07-27T13:35:14.409399,2026-07-27T13:39:57.749726,15.12544095787579
iss,zarya,25544,2026-07-28T02:56:45.411133,2026-07-28T03:01:27.825511,2026-07-28T03:06:14.869633,14.618980145135682
iss,zarya,25544,2026-07-28T04:32:38.412599,2026-07-28T04:37:59.716825,2026-07-28T04:43:26.576745,36.89076043739236
iss,zarya,25544,2026-07-28T11:05:51.533019,2026-07-28T11:10:57.096116,2026-07-28T11:16:00.807316,20.592473937214066
iss,zarya,25544,2026-07-28T12:42:31.519576,2026-07-28T12:47:44.490263,2026-07-28T12:52:55.609053,28.561208958031195
iss,zarya,25544,2026-07-29T03:44:50.553205,2026-07-29T03:50:18.339072,2026-07-29T03:55:51.680633,72.4340460684143
iss,zarya,25544,2026-07-29T10:18:23.867478,2026-07-29T10:23:06.281856,2026-07-29T10:27:47.770285,13.171674305461398
iss,zarya,25544,2026-07-29T11:54:43.666991,2026-07-29T12:00:10.526910,2026-07-29T12:05:33.683035,58.81053253663443
iss,zarya,25544,2026-07-30T02:57:15.323481,2026-07-30T03:02:40.331502,2026-07-30T03:08:09.969268,54.68886152041299
iss,zarya,25544,2026-07-30T04:34:56.436274,2026-07-30T04:39:42.554447,2026-07-30T04:44:31.450466,14.008556726446955
iss,zarya,25544,2026-07-30T11:07:02.207538,2026-07-30T11:12:31.845303,2026-07-30T11:17:56.853325,66.8952650603412
iss,zarya,25544,2026-07-31T02:09:53.227248,2026-07-31T02:15:04.346038,2026-07-31T02:20:20.094572,27.100269286151832
iss,zarya,25544,2026-07-31T03:46:42.977118,2026-07-31T03:51:50.392113,2026-07-31T03:57:02.436852,21.982955957589617
iss,zarya,25544,2026-07-31T10:19:25.541228,2026-07-31T10:24:47.771403,2026-07-31T10:30:06.297783,34.28777491930836
iss,zarya,25544,2026-07-31T11:56:34.470493,2026-07-31T12:01:19.662717,2026-07-31T12:06:03.928992,15.319391214138077
iss,zarya,25544,2026-08-01T01:22:48.642341,2026-08-01T01:27:31.056719,2026-08-01T01:32:17.174892,14.449393730439288
iss,zarya,25544,2026-08-01T02:58:39.369785,2026-08-01T03:04:01.599960,2026-08-01T03:09:28.459880,37.40057612600735
iss,zarya,25544,2026-08-01T09:31:52.742117,2026-08-01T09:36:58.305214,2026-08-01T09:42:02.016414,20.418496531748676
iss,zarya,25544,2026-08-01T11:08:31.802725,2026-08-01T11:13:45.699361,2026-08-01T11:18:56.818151,28.992301999256032
iss,zarya,25544,2026-08-02T02:10:48.392122,2026-08-02T02:16:16.177989,2026-08-02T02:21:50.445499,73.66965290343445
iss,zarya,25544,2026-08-02T08:44:21.032358,2026-08-02T08:49:03.446736,2026-08-02T08:53:44.009216,13.064684873297265
iss,zarya,25544,2026-08-02T10:20:39.905923,2026-08-02T10:26:07.691790,2026-08-02T10:31:31.773864,59.952726406467626
iss,zarya,25544,2026-08-03T01:23:09.118179,2026-08-03T01:28:34.126200,2026-08-03T01:34:04.689915,53.637102847637955
iss,zarya,25544,2026-08-03T03:00:48.630988,2026-08-03T03:05:35.675109,2026-08-03T03:10:26.423026,14.200564390260581
iss,zarya,25544,2026-08-03T09:32:54.654164,2026-08-03T09:38:24.291929,2026-08-03T09:43:50.225900,65.60890927728144
iss,zarya,25544,2026-08-04T00:35:43.903680,2026-08-04T00:40:54.096521,2026-08-04T00:46:09.845055,26.621502782259494
iss,zarya,25544,2026-08-04T02:12:31.801652,2026-08-04T02:17:40.142596,2026-08-04T02:22:53.113284,22.325296264751486
iss,zarya,25544,2026-08-04T08:45:14.869587,2026-08-04T08:50:36.173813,2026-08-04T08:55:54.700193,33.7471747005424
iss,zarya,25544,2026-08-04T10:22:21.695042,2026-08-04T10:27:08.739163,2026-08-04T10:31:53.931387,15.636555161137307
iss,zarya,25544,2026-08-04T23:48:36.200505,2026-08-04T23:53:16.762985,2026-08-04T23:58:01.955209,14.169199265713639
iss,zarya,25544,2026-08-05T01:24:25.076051,2026-08-05T01:29:47.306226,2026-08-05T01:35:15.092095,38.1623860000489
iss,zarya,25544,2026-08-05T07:57:37.100311,2026-08-05T08:02:42.663408,2026-08-05T08:07:45.448659,20.15132110880461
iss,zarya,25544,2026-08-05T09:34:15.909007,2026-08-05T09:39:30.731592,2026-08-05T09:44:42.776331,29.66359391489114
iss,zarya,25544,2026-08-06T00:36:30.054172,2026-08-06T00:41:57.840039,2026-08-06T00:47:32.107549,75.52078788002399
iss,zarya,25544,2026-08-06T07:10:01.346336,2026-08-06T07:14:43.760714,2026-08-06T07:19:24.323194,12.902788219747105
iss,zarya,25544,2026-08-06T08:46:20.219901,2026-08-06T08:51:48.005768,2026-08-06T08:57:12.087842,61.645411283729935
iss,zarya,25544,2026-08-06T23:48:46.736012,2026-08-06T23:54:11.744033,2026-08-06T23:59:42.307748,52.16067548368325
iss,zarya,25544,2026-08-07T01:26:24.648835,2026-08-07T01:31:12.618905,2026-08-07T01:36:04.292771,14.455820712978234
iss,zarya,25544,2026-08-07T07:58:30.672010,2026-08-07T08:04:01.235724,2026-08-07T08:09:26.243746,63.87575256365462
iss,zarya,25544,2026-08-07T23:01:18.403242,2026-08-07T23:06:27.670134,2026-08-07T23:11:42.492719,25.9545827702527
iss,zarya,25544,2026-08-08T00:38:03.101244,2026-08-08T00:43:12.368136,2026-08-08T00:48:26.264772,22.781768744326136
iss,zarya,25544,2026-08-08T07:10:46.169179,2026-08-08T07:16:08.399354,2026-08-08T07:21:26.925734,33.02242697849919
iss,zarya,25544,2026-08-08T08:47:52.068685,2026-08-08T08:52:40.964704,2026-08-08T08:57:28.008826,16.08069000382586
iss,zarya,25544,2026-08-08T22:14:07.581798,2026-08-08T22:18:46.292381,2026-08-08T22:23:29.632708,13.782727939662049
iss,zarya,25544,2026-08-08T23:49:53.005462,2026-08-08T23:55:16.161586,2026-08-09T00:00:44.873403,39.19194598262898
iss,zarya,25544,2026-08-09T06:23:04.607599,2026-08-09T06:28:10.170696,2026-08-09T06:33:12.955947,19.792947145519324
iss,zarya,25544,2026-08-09T07:59:42.238434,2026-08-09T08:04:58.912916,2026-08-09T08:10:11.883604,30.589273638157763
iss,zarya,25544,2026-08-09T23:01:54.865316,2026-08-09T23:07:22.651183,2026-08-09T23:12:56.918693,77.98122097817806
iss,zarya,25544,2026-08-10T05:35:25.735356,2026-08-10T05:40:07.223785,2026-08-10T05:44:46.860317,12.685607655594147
iss,zarya,25544,2026-08-10T07:11:43.431059,2026-08-10T07:17:12.142875,2026-08-10T07:22:37.150897,63.94396625415887
iss,zarya,25544,2026-08-10T22:14:08.428887,2026-08-10T22:19:32.510959,2026-08-10T22:25:02.148725,50.29144076614114
iss,zarya,25544,2026-08-10T23:51:43.141740,2026-08-10T23:56:32.037759,2026-08-11T00:01:25.563523,14.775297992996784
iss,zarya,25544,2026-08-11T06:23:50.090865,2026-08-11T06:29:20.654579,2026-08-11T06:34:46.588550,61.68727151206733
iss,zarya,25544,2026-08-11T21:26:36.725936,2026-08-11T21:31:45.066880,2026-08-11T21:36:58.963516,25.11425322122249
iss,zarya,25544,2026-08-11T23:03:18.223969,2026-08-11T23:08:28.416810,2026-08-11T23:13:43.239395,23.361824117422547
iss,zarya,25544,2026-08-12T05:36:01.543817,2026-08-12T05:41:23.773992,2026-08-12T05:46:41.374423,32.126036806756936
iss,zarya,25544,2026-08-12T07:13:05.339513,2026-08-12T07:17:57.013378,2026-08-12T07:22:45.909397,16.658850837174665
iss,zarya,25544,2026-08-12T20:39:22.786226,2026-08-12T20:43:59.644911,2026-08-12T20:48:41.133340,13.295805258220122
iss,zarya,25544,2026-08-12T22:15:05.009919,2026-08-12T22:20:28.166043,2026-08-12T22:25:56.877860,40.519738113264864
iss,zarya,25544,2026-08-13T04:48:16.863966,2026-08-13T04:53:21.501115,2026-08-13T04:58:23.360418,19.34747822902474
iss,zarya,25544,2026-08-13T06:24:52.642904,2026-08-13T06:30:10.243335,2026-08-13T06:35:25.065920,31.792962844027507
iss,zarya,25544,2026-08-13T21:27:02.825553,2026-08-13T21:32:30.611420,2026-08-13T21:38:04.878930,81.07734096325811
iss,zarya,25544,2026-08-14T04:00:33.525383,2026-08-14T04:05:13.161914,2026-08-14T04:09:51.872497,12.413035947871759
iss,zarya,25544,2026-08-14T05:36:49.791311,2026-08-14T05:42:19.429076,2026-08-14T05:47:44.437098,66.87701194618616
iss,zarya,25544,2026-08-14T20:39:13.270855,2026-08-14T20:44:36.426979,2026-08-14T20:50:06.064745,48.07942080209518
iss,zarya,25544,2026-08-14T22:16:44.531827,2026-08-14T22:21:35.279743,2026-08-14T22:26:29.731456,15.16349824072448
iss,zarya,25544,2026-08-15T04:48:52.658814,2026-08-15T04:54:23.222528,2026-08-15T04:59:49.156499,59.11771638243827
iss,zarya,25544,2026-08-15T19:51:39.375588,2026-08-15T19:56:44.938685,2026-08-15T20:01:56.983424,24.117141369957835
iss,zarya,25544,2026-08-15T21:28:16.495789,2026-08-15T21:33:27.614579,2026-08-15T21:38:43.363113,24.076582399848547
iss,zarya,25544,2026-08-16T04:01:00.319462,2026-08-16T04:06:21.623688,2026-08-16T04:11:39.224119,31.07450324310101
iss,zarya,25544,2026-08-16T05:38:01.759436,2026-08-16T05:42:56.211147,2026-08-16T05:47:47.885013,17.379284093245055
iss,zarya,25544,2026-08-16T19:04:22.991647,2026-08-16T19:08:56.146537,2026-08-16T19:13:33.931171,12.715720664705895
iss,zarya,25544,2026-08-16T20:40:00.163473,2026-08-16T20:45:23.319597,2026-08-16T20:50:52.957363,42.188874131203725
iss,zarya,25544,2026-08-17T03:13:11.595398,2026-08-17T03:18:15.306598,2026-08-17T03:23:16.239952,18.81805292287785
iss,zarya,25544,2026-08-17T04:49:45.944561,2026-08-17T04:55:05.396890,2026-08-17T05:00:21.145424,33.31014765751962
iss,zarya,25544,2026-08-17T19:51:54.608926,2026-08-17T19:57:22.394793,2026-08-17T20:02:56.662303,84.89808052953676
iss,zarya,25544,2026-08-17T21:30:11.929040,2026-08-17T21:34:36.750390,2026-08-17T21:39:04.349588,10.107380743206882
iss,zarya,25544,2026-08-18T02:25:24.212595,2026-08-18T02:30:02.923178,2026-08-18T02:34:39.781863,12.08672650222728
iss,zarya,25544,2026-08-18T04:01:39.300663,2026-08-18T04:07:09.864377,2026-08-18T04:12:35.798348,70.49460128050676
iss,zarya,25544,2026-08-18T19:04:01.935958,2026-08-18T19:09:24.166133,2026-08-18T19:14:52.877950,45.59112809970118
iss,zarya,25544,2026-08-18T20:41:29.996959,2026-08-18T20:46:21.670824,2026-08-18T20:51:17.974434,15.625747697395537
iss,zarya,25544,2026-08-19T03:13:39.301807,2026-08-19T03:19:08.939572,2026-08-19T03:24:35.799492,56.23465559375189
iss,zarya,25544,2026-08-19T18:16:24.670507,2026-08-19T18:21:29.307656,2026-08-19T18:26:39.500497,22.98913796951422
iss,zarya,25544,2026-08-19T19:52:57.916702,2026-08-19T19:58:09.961441,2026-08-19T20:03:27.561872,24.943406739317894
iss,zarya,25544,2026-08-20T02:25:42.918237,2026-08-20T02:31:03.296514,2026-08-20T02:36:20.896945,29.893066759768978
iss,zarya,25544,2026-08-20T04:02:41.328451,2026-08-20T04:07:38.558009,2026-08-20T04:12:33.009722,18.25423266122715
iss,zarya,25544,2026-08-20T17:29:06.094245,2026-08-20T17:33:36.471288,2026-08-20T17:38:10.552127,12.052271290231305
iss,zarya,25544,2026-08-20T19:04:38.466115,2026-08-20T19:10:01.622239,2026-08-20T19:15:32.185954,44.25817340712959
iss,zarya,25544,2026-08-21T01:37:49.475916,2026-08-21T01:42:52.261167,2026-08-21T01:47:52.268572,18.21121313283433
iss,zarya,25544,2026-08-21T03:14:21.721270,2026-08-21T03:19:43.025496,2026-08-21T03:25:00.625927,35.18028059450905
iss,zarya,25544,2026-08-21T18:16:29.793299,2026-08-21T18:21:56.653218,2026-08-21T18:27:30.920728,88.81093339855528
iss,zarya,25544,2026-08-21T19:54:42.987495,2026-08-21T19:59:09.660743,2026-08-21T20:03:40.037787,10.442399422437626
iss,zarya,25544,2026-08-22T00:49:58.300809,2026-08-22T00:54:35.159494,2026-08-22T00:59:11.092231,11.707757477870674
iss,zarya,25544,2026-08-22T02:26:11.959102,2026-08-22T02:31:43.448765,2026-08-22T02:37:10.308685,74.84166012413431
iss,zarya,25544,2026-08-22T17:28:34.676100,2026-08-22T17:33:55.054377,2026-08-22T17:39:22.840246,42.88612265802529
iss,zarya,25544,2026-08-22T19:05:57.937145,2026-08-22T19:10:50.536959,2026-08-22T19:15:48.692467,16.170001280322516
iss,zarya,25544,2026-08-23T01:38:07.916029,2026-08-23T01:43:38.479743,2026-08-23T01:49:04.413714,53.124128894153365
iss,zarya,25544,2026-08-23T16:40:55.218330,2026-08-23T16:45:56.151683,2026-08-23T16:51:03.566678,21.750879320500022
iss,zarya,25544,2026-08-23T18:17:22.486708,2026-08-23T18:22:35.457395,2026-08-23T18:27:53.983775,25.986285809029653
iss,zarya,25544,2026-08-24T00:50:08.666102,2026-08-24T00:55:28.118431,2026-08-24T01:00:44.792914,28.60118557705128
iss,zarya,25544,2026-08-24T02:27:04.046558,2026-08-24T02:32:04.053962,2026-08-24T02:37:01.283521,19.30026900094913
iss,zarya,25544,2026-08-24T15:53:34.449748,2026-08-24T15:57:59.271098,2026-08-24T16:02:29.648142,11.315271013067994
iss,zarya,25544,2026-08-24T17:28:59.665941,2026-08-24T17:34:23.748013,2026-08-24T17:39:54.311728,46.81236214065352
iss,zarya,25544,2026-08-25T00:02:11.431479,2026-08-25T00:07:12.364832,2026-08-25T00:12:10.520340,17.533980618775512
iss,zarya,25544,2026-08-25T01:38:41.321109,2026-08-25T01:44:04.477233,2026-08-25T01:49:23.929562,37.46932827510278
iss,zarya,25544,2026-08-25T16:40:48.800805,2026-08-25T16:46:14.734775,2026-08-25T16:51:49.002285,85.25764556200399
iss,zarya,25544,2026-08-25T18:18:57.195046,2026-08-25T18:23:25.720191,2026-08-25T18:27:58.875081,10.82934384365327
iss,zarya,25544,2026-08-25T23:14:16.464067,2026-08-25T23:18:50.544906,2026-08-25T23:23:23.699796,11.279235109195046
iss,zarya,25544,2026-08-26T00:50:27.766638,2026-08-26T00:56:00.182250,2026-08-26T01:01:27.968119,79.94398568516276
iss,zarya,25544,2026-08-26T15:52:51.239372,2026-08-26T15:58:09.765752,2026-08-26T16:03:35.699723,40.03859898729146
iss,zarya,25544,2026-08-26T17:30:08.774515,2026-08-26T17:35:03.226226,2026-08-26T17:40:03.233631,16.80885761500646
iss,zarya,25544,2026-08-27T00:02:20.857208,2026-08-27T00:07:50.494973,2026-08-27T00:13:16.428944,49.84229078780611
iss,zarya,25544,2026-08-27T01:39:49.980326,2026-08-27T01:44:12.949779,2026-08-27T01:48:34.993284,10.599200786726918
iss,zarya,25544,2026-08-27T15:05:08.663336,2026-08-27T15:10:06.818842,2026-08-27T15:15:11.455991,20.42895802340458
iss,zarya,25544,2026-08-27T16:41:31.131759,2026-08-27T16:46:44.102446,2026-08-27T16:52:03.554775,27.23769915979024
iss,zarya,25544,2026-08-27T23:14:16.889031,2026-08-27T23:19:35.415411,2026-08-27T23:24:51.163945,27.22010414499544
iss,zarya,25544,2026-08-28T00:51:09.661851,2026-08-28T00:56:13.373051,2026-08-28T01:01:13.380456,20.540723295797807
iss,zarya,25544,2026-08-28T14:17:46.376471,2026-08-28T14:22:06.568078,2026-08-28T14:26:30.463481,10.516841239649457
iss,zarya,25544,2026-08-28T15:53:04.266776,2026-08-28T15:58:28.348848,2026-08-28T16:03:59.838512,49.94488308898134
iss,zarya,25544,2026-08-28T22:26:16.788053,2026-08-28T22:31:14.943559,2026-08-28T22:36:12.173118,16.79386451184186
iss,zarya,25544,2026-08-29T00:02:44.070048,2026-08-29T00:08:09.078069,2026-08-29T00:13:29.456347,40.25441249355739
iss,zarya,25544,2026-08-29T15:04:50.957407,2026-08-29T15:10:15.965428,2026-08-29T15:15:49.306989,79.49442725820549
iss,zarya,25544,2026-08-29T16:42:53.625743,2026-08-29T16:47:24.928735,2026-08-29T16:52:00.861472,11.275262096944662
iss,zarya,25544,2026-08-29T21:38:17.776422,2026-08-29T21:42:49.079414,2026-08-29T21:47:19.456458,10.804860121118312
iss,zarya,25544,2026-08-29T23:14:27.649218,2026-08-29T23:20:00.064830,2026-08-29T23:25:27.850699,85.78035310096512
iss,zarya,25544,2026-08-30T14:16:50.277707,2026-08-30T14:22:06.952189,2026-08-30T14:27:31.034263,37.1097368124755
iss,zarya,25544,2026-08-30T15:54:02.760981,2026-08-30T15:58:59.064590,2026-08-30T16:04:00.923893,17.55711620967906
iss,zarya,25544,2026-08-30T22:26:16.947485,2026-08-30T22:31:45.659301,2026-08-30T22:37:11.593272,46.476051165591606
iss,zarya,25544,2026-08-31T00:03:40.937035,2026-08-31T00:08:09.462180,2026-08-31T00:12:37.061378,11.43156006785082
iss,zarya,25544,2026-08-31T13:29:06.183385,2026-08-31T13:34:00.635096,2026-08-31T13:39:01.568450,19.046370595476304
iss,zarya,25544,2026-08-31T15:05:21.999955,2026-08-31T15:10:35.896591,2026-08-31T15:15:57.200818,28.741219218425723
iss,zarya,25544,2026-08-31T21:38:09.187001,2026-08-31T21:43:25.861483,2026-08-31T21:48:40.684068,25.77398392701113
iss,zarya,25544,2026-08-31T23:14:58.678149,2026-08-31T23:20:05.167195,2026-08-31T23:25:08.878395,22.00476705417838
iss,zarya,25544,2026-09-01T14:16:52.690736,2026-09-01T14:22:16.772808,2026-09-01T14:27:48.262472,53.800658302091485
iss,zarya,25544,2026-09-01T20:50:05.041802,2026-09-01T20:55:01.345411,2026-09-01T20:59:55.797124,16.000897736912506
iss,zarya,25544,2026-09-01T22:26:30.219987,2026-09-01T22:31:56.153957,2026-09-01T22:37:19.310082,43.637269352524704
iss,zarya,25544,2026-09-02T13:28:36.937134,2026-09-02T13:34:01.019206,2026-09-02T13:39:32.508870,73.23517232734865
iss,zarya,25544,2026-09-02T15:06:34.131478,2026-09-02T15:11:07.286368,2026-09-02T15:15:45.996951,11.789335363552203
iss,zarya,25544,2026-09-02T20:02:02.489778,2026-09-02T20:06:30.088975,2026-09-02T20:10:57.688173,10.28890690939755
iss,zarya,25544,2026-09-02T21:38:10.006852,2026-09-02T21:43:42.422464,2026-09-02T21:49:11.134281,87.40490492517058
iss,zarya,25544,2026-09-03T12:40:34.065113,2026-09-03T12:45:47.961749,2026-09-03T12:51:09.265976,34.1694903441229
iss,zarya,25544,2026-09-03T14:17:39.222499,2026-09-03T14:22:37.378005,2026-09-03T14:27:41.089205,18.43434364370734
iss,zarya,25544,2026-09-03T20:49:56.186848,2026-09-03T20:55:23.972715,2026-09-03T21:00:48.980737,43.09568919674253
iss,zarya,25544,2026-09-03T22:27:15.042827,2026-09-03T22:31:49.123666,2026-09-03T22:36:22.278556,12.387104923685849
iss,zarya,25544,2026-09-04T11:52:47.778468,2026-09-04T11:57:37.600436,2026-09-04T12:02:33.904046,17.62530337334719
iss,zarya,25544,2026-09-04T13:28:56.017237,2026-09-04T13:34:10.839822,2026-09-04T13:39:33.069998,30.55519034640106
iss,zarya,25544,2026-09-04T20:01:45.560006,2026-09-04T20:06:59.456642,2026-09-04T20:12:12.427330,24.28444848994072
iss,zarya,25544,2026-09-04T21:38:30.843535,2026-09-04T21:43:40.110427,2026-09-04T21:48:47.525422,23.73457407976882
iss,zarya,25544,2026-09-05T12:40:24.263789,2026-09-05T12:45:48.345861,2026-09-05T12:51:19.835525,58.535273298738936
iss,zarya,25544,2026-09-05T19:13:37.622504,2026-09-05T19:18:30.222318,2026-09-05T19:23:21.896184,15.163527339236868
iss,zarya,25544,2026-09-05T20:49:59.267106,2026-09-05T20:55:27.052973,2026-09-05T21:00:51.135047,47.7631862195202
iss,zarya,25544,2026-09-06T11:52:05.391920,2026-09-06T11:57:28.548044,2026-09-06T12:02:59.111759,66.6327308650283
iss,zarya,25544,2026-09-06T13:29:56.860362,2026-09-06T13:34:32.793098,2026-09-06T13:39:14.281527,12.383225924268292
iss,zarya,25544,2026-09-06T20:01:36.187618,2026-09-06T20:07:08.603230,2026-09-06T20:12:37.315047,80.55474250960924
iss,zarya,25544,2026-09-07T11:04:01.001618,2026-09-07T11:09:12.120408,2026-09-07T11:14:30.646788,31.268668115891852
iss,zarya,25544,2026-09-07T12:40:59.507151,2026-09-07T12:45:59.514555,2026-09-07T12:51:05.077653,19.467868735262588
iss,zarya,25544,2026-09-07T19:13:18.827223,2026-09-07T19:18:44.761193,2026-09-07T19:24:08.843267,39.758262343661855
iss,zarya,25544,2026-09-07T20:50:32.297722,2026-09-07T20:55:11.934253,2026-09-07T20:59:50.644836,13.482991604636881
iss,zarya,25544,2026-09-08T10:16:13.196690,2026-09-08T10:20:58.388914,2026-09-08T10:25:49.136831,16.186144122911262
iss,zarya,25544,2026-09-08T11:52:12.931709,2026-09-08T11:57:29.606191,2026-09-08T12:02:52.762316,32.76043094010669
iss,zarya,25544,2026-09-08T18:25:04.156162,2026-09-08T18:30:16.200901,2026-09-08T18:35:26.393742,22.771460606649885
iss,zarya,25544,2026-09-08T20:01:46.158019,2026-09-08T20:06:58.202758,2026-09-08T20:12:08.395599,25.78709399281996
iss,zarya,25544,2026-09-09T11:03:38.985937,2026-09-09T11:09:03.068009,2026-09-09T11:14:34.557673,64.33039605600108
iss,zarya,25544,2026-09-09T17:36:52.678266,2026-09-09T17:41:41.574285,2026-09-09T17:46:29.544355,14.29184993385906
iss,zarya,25544,2026-09-09T19:13:11.715233,2026-09-09T19:18:40.427049,2026-09-09T19:24:05.435071,52.79235712097492
iss,zarya,25544,2026-09-10T10:15:17.669834,2026-09-10T10:20:39.900009,2026-09-10T10:26:09.537775,59.98220756727269
iss,zarya,25544,2026-09-10T11:53:01.812387,2026-09-10T11:57:41.448918,2026-09-10T12:02:25.715193,13.071537192247774
iss,zarya,25544,2026-09-10T18:24:45.769387,2026-09-10T18:30:17.259050,2026-09-10T18:35:45.970867,73.20456617221586
iss,zarya,25544,2026-09-11T09:27:11.087212,2026-09-11T09:32:19.428156,2026-09-11T09:37:35.176690,28.45056664833458
iss,zarya,25544,2026-09-11T11:04:02.266856,2026-09-11T11:09:04.126158,2026-09-11T11:14:12.467102,20.690291378623023
iss,zarya,25544,2026-09-11T17:36:24.364775,2026-09-11T17:41:49.372796,2026-09-11T17:47:11.602972,36.522190248252464
iss,zarya,25544,2026-09-11T19:13:32.701704,2026-09-11T19:18:17.893928,2026-09-11T19:23:02.160203,14.742463401512977
iss,zarya,25544,2026-09-12T08:39:22.689951,2026-09-12T08:44:02.326482,2026-09-12T08:48:47.518706,14.744453091286715
iss,zarya,25544,2026-09-12T10:15:13.247183,2026-09-12T10:20:30.847614,2026-09-12T10:25:54.929688,35.458769724955104
iss,zarya,25544,2026-09-12T16:48:07.079272,2026-09-12T16:53:15.420216,2026-09-12T16:58:22.835211,21.252456659050342
iss,zarya,25544,2026-09-12T18:24:44.621597,2026-09-12T18:29:59.444182,2026-09-12T18:35:12.414870,28.24075612728049
iss,zarya,25544,2026-09-13T09:26:36.857180,2026-09-13T09:32:00.939252,2026-09-13T09:37:31.502967,71.35546806810875
iss,zarya,25544,2026-09-13T15:59:51.809071,2026-09-13T16:04:36.075346,2026-09-13T16:09:20.341621,13.396333135413503
iss,zarya,25544,2026-09-13T17:36:07.312453,2026-09-13T17:41:36.950218,2026-09-13T17:47:03.810138,58.92544655382866
iss,zarya,25544,2026-09-14T08:38:14.274703,2026-09-14T08:43:33.727032,2026-09-14T08:49:01.512901,53.48360588829142
iss,zarya,25544,2026-09-14T10:15:50.165418,2026-09-14T10:20:32.579796,2026-09-14T10:25:20.549866,13.872104683709878
iss,zarya,25544,2026-09-14T16:47:38.500250,2026-09-14T16:53:09.063964,2026-09-14T16:58:37.775781,65.82940990220153
iss,zarya,25544,2026-09-15T07:50:05.921883,2026-09-15T07:55:10.559032,2026-09-15T08:00:21.677822,25.748004217742647
iss,zarya,25544,2026-09-15T09:26:48.175653,2026-09-15T09:31:51.886853,2026-09-15T09:37:02.079694,22.146552896395928
iss,zarya,25544,2026-09-15T15:59:13.555243,2026-09-15T16:04:35.785418,2026-09-15T16:09:57.089645,33.415327918771354
iss,zarya,25544,2026-09-15T17:36:16.506691,2026-09-15T17:41:06.328659,2026-09-15T17:45:56.150627,16.196576415393906
iss,zarya,25544,2026-09-16T07:02:15.332301,2026-09-16T07:06:49.413140,2026-09-16T07:11:27.197774,13.313321546212364
iss,zarya,25544,2026-09-16T08:37:56.711747,2026-09-16T08:43:15.238127,2026-09-16T08:48:40.246149,38.795672303228336
iss,zarya,25544,2026-09-16T15:10:52.225524,2026-09-16T15:15:57.788621,2026-09-16T15:21:01.499821,19.744826365690585
iss,zarya,25544,2026-09-16T16:47:26.234265,2026-09-16T16:52:43.834696,2026-09-16T16:57:59.583230,31.204186376556294
iss,zarya,25544,2026-09-17T07:49:18.129424,2026-09-17T07:54:41.285548,2026-09-17T08:00:11.849263,79.64674769040434
iss,zarya,25544,2026-09-17T14:22:33.414931,2026-09-17T14:27:13.051462,2026-09-17T14:31:52.687994,12.486560364436862
iss,zarya,25544,2026-09-17T15:58:46.984714,2026-09-17T16:04:16.622479,2026-09-17T16:09:43.482399,66.3540955391606
iss,zarya,25544,2026-09-18T07:00:52.850808,2026-09-18T07:06:11.377188,2026-09-18T07:11:36.385210,47.351320003130816
iss,zarya,25544,2026-09-18T08:38:21.667546,2026-09-18T08:43:06.859770,2026-09-18T08:47:57.607687,14.808089746245109
iss,zarya,25544,2026-09-18T15:10:14.380210,2026-09-18T15:15:44.017975,2026-09-18T15:21:11.803844,58.69153831056012
iss,zarya,25544,2026-09-19T06:12:43.231620,2026-09-19T06:17:44.164973,2026-09-19T06:22:50.654019,23.17745729393793
iss,zarya,25544,2026-09-19T07:49:16.307603,2026-09-19T07:54:22.796649,2026-09-19T07:59:35.767337,23.895462158002925
iss,zarya,25544,2026-09-19T14:21:46.568849,2026-09-19T14:27:06.021178,2026-09-19T14:32:24.547558,30.472749004084136
iss,zarya,25544,2026-09-19T15:58:43.208868,2026-09-19T16:03:38.586528,2026-09-19T16:08:33.038241,17.889599572207924
iss,zarya,25544,2026-09-20T05:24:52.975653,2026-09-20T05:29:19.648901,2026-09-20T05:33:50.025945,11.902316589411624
iss,zarya,25544,2026-09-20T07:00:23.325414,2026-09-20T07:05:42.777743,2026-09-20T07:11:08.711714,42.96592380251363
iss,zarya,25544,2026-09-20T13:33:21.698738,2026-09-20T13:38:22.632091,2026-09-20T13:43:22.639496,18.262115530091464
iss,zarya,25544,2026-09-20T15:09:51.247946,2026-09-20T15:15:10.700275,2026-09-20T15:20:29.226655,34.82592199972596
iss,zarya,25544,2026-09-21T06:11:43.224807,2026-09-21T06:17:05.454982,2026-09-21T06:22:36.018697,88.73893975222451
iss,zarya,25544,2026-09-21T07:49:53.722858,2026-09-21T07:54:15.766362,2026-09-21T07:58:41.513662,10.114599282966642
iss,zarya,25544,2026-09-21T12:44:59.095840,2026-09-21T12:49:33.176679,2026-09-21T12:54:08.183467,11.572587464963583
iss,zarya,25544,2026-09-21T14:21:09.132040,2026-09-21T14:26:38.769805,2026-09-21T14:32:06.555674,75.16983719397669
iss,zarya,25544,2026-09-22T05:23:15.501956,2026-09-22T05:28:32.176438,2026-09-22T05:33:54.406614,41.696591218024885
iss,zarya,25544,2026-09-22T07:00:35.392820,2026-09-22T07:05:24.288839,2026-09-22T07:10:18.740552,15.908316397350294
iss,zarya,25544,2026-09-22T13:32:32.735227,2026-09-22T13:38:01.447043,2026-09-22T13:43:27.381014,51.99655180013679
iss,zarya,25544,2026-09-22T15:10:01.940046,2026-09-22T15:14:21.205704,2026-09-22T15:18:40.471362,10.090749957944343
iss,zarya,25544,2026-09-23T04:35:04.616394,2026-09-23T04:40:00.920003,2026-09-23T04:45:02.779306,20.75003144039336
iss,zarya,25544,2026-09-23T06:11:28.514590,2026-09-23T06:16:36.855534,2026-09-23T06:21:51.678119,26.016070065985705
iss,zarya,25544,2026-09-23T12:44:02.057508,2026-09-23T12:49:18.731990,2026-09-23T12:54:33.554575,27.705237763470116
iss,zarya,25544,2026-09-23T14:20:53.312045,2026-09-23T14:25:53.319449,2026-09-23T14:30:52.400905,19.879830125975353
iss,zarya,25544,2026-09-24T03:47:14.945955,2026-09-24T03:51:32.359715,2026-09-24T03:55:54.403220,10.517411858606106
iss,zarya,25544,2026-09-24T05:22:33.088172,2026-09-24T05:27:53.466449,2026-09-24T05:33:20.326369,48.22930371331815
iss,zarya,25544,2026-09-24T11:55:33.647008,2026-09-24T12:00:29.950617,2026-09-24T12:05:26.254227,16.81636313013371
iss,zarya,25544,2026-09-24T13:31:59.410720,2026-09-24T13:37:20.714946,2026-09-24T13:42:41.093224,39.31749968199864
iss,zarya,25544,2026-09-25T04:33:50.543332,2026-09-25T04:39:12.773507,2026-09-25T04:44:41.485324,80.30451785973442
iss,zarya,25544,2026-09-25T06:11:53.041458,2026-09-25T06:16:19.714706,2026-09-25T06:20:50.091750,10.893302516344923
iss,zarya,25544,2026-09-25T11:07:07.251805,2026-09-25T11:11:35.776950,2026-09-25T11:16:04.302097,10.663000545935006
iss,zarya,25544,2026-09-25T12:43:14.428456,2026-09-25T12:48:44.066221,2026-09-25T12:54:11.852090,85.2690302463002
iss,zarya,25544,2026-09-26T03:45:21.554109,2026-09-26T03:50:35.450745,2026-09-26T03:55:55.829023,36.57499601723352
iss,zarya,25544,2026-09-26T05:22:32.267187,2026-09-26T05:27:24.867001,2026-09-26T05:32:23.022509,17.209562641615463
iss,zarya,25544,2026-09-26T11:54:35.417198,2026-09-26T12:00:01.351168,2026-09-26T12:05:26.359190,45.88291707686731
iss,zarya,25544,2026-09-26T13:31:56.206777,2026-09-26T13:36:23.805974,2026-09-26T13:40:51.405172,11.425030241214287
iss,zarya,25544,2026-09-27T02:57:10.076214,2026-09-27T03:02:00.824130,2026-09-27T03:06:57.127740,18.467009746520354
iss,zarya,25544,2026-09-27T04:33:22.944726,2026-09-27T04:38:34.063516,2026-09-27T04:43:50.737999,28.61649561164338
iss,zarya,25544,2026-09-27T11:06:00.947177,2026-09-27T11:11:13.917864,2026-09-27T11:16:25.962603,25.121335266551053
iss,zarya,25544,2026-09-27T12:42:46.564319,2026-09-27T12:47:51.201468,2026-09-27T12:52:54.912668,22.25100064778041
iss,zarya,25544,2026-09-28T03:44:25.325987,2026-09-28T03:49:46.630213,2026-09-28T03:55:14.416082,54.90801203874554
iss,zarya,25544,2026-09-28T10:17:28.744371,2026-09-28T10:22:20.418236,2026-09-28T10:27:11.166153,15.417887313673413
iss,zarya,25544,2026-09-28T11:53:49.796638,2026-09-28T11:59:13.878710,2026-09-28T12:04:36.108886,44.966048772251
iss,zarya,25544,2026-09-29T02:55:41.262865,2026-09-29T03:01:02.567091,2026-09-29T03:06:31.278908,69.73276605490885
iss,zarya,25544,2026-09-29T04:33:34.835116,2026-09-29T04:38:06.138108,2026-09-29T04:42:42.070845,11.800572700289997
iss,zarya,25544,2026-09-29T11:05:02.199931,2026-09-29T11:10:31.837696,2026-09-29T11:15:59.623565,83.63900695903868
iss,zarya,25544,2026-09-30T02:07:11.429395,2026-09-30T02:12:22.548185,2026-09-30T02:17:38.296719,31.99606671361191
iss,zarya,25544,2026-09-30T03:44:11.616615,2026-09-30T03:49:07.920224,2026-09-30T03:54:09.779527,18.759076621269386
iss,zarya,25544,2026-09-30T10:16:21.248268,2026-09-30T10:21:44.404392,2026-09-30T10:27:06.634568,40.41193378311956
iss,zarya,25544,2026-09-30T11:53:33.874519,2026-09-30T11:58:08.881307,2026-09-30T12:02:44.814044,12.959010588696154
iss,zarya,25544,2026-10-01T01:18:59.611078,2026-10-01T01:23:43.877353,2026-10-01T01:28:33.699321,16.32339375063665
iss,zarya,25544,2026-10-01T02:54:59.849922,2026-10-01T03:00:13.746558,2026-10-01T03:05:33.198887,31.845659991898234
iss,zarya,25544,2026-10-01T09:27:43.237853,2026-10-01T09:32:51.578797,2026-10-01T09:37:59.919741,22.722048559567966
iss,zarya,25544,2026-10-01T11:04:23.217602,2026-10-01T11:09:31.558546,2026-10-01T11:14:39.899490,25.119813963997977
iss,zarya,25544,2026-10-02T02:06:00.712897,2026-10-02T02:11:22.943072,2026-10-02T02:16:51.654889,63.3666259975885
iss,zarya,25544,2026-10-02T08:39:08.168690,2026-10-02T08:43:53.360914,2026-10-02T08:48:38.553138,14.07366273723241
iss,zarya,25544,2026-10-02T10:15:24.509512,2026-10-02T10:20:49.517533,2026-10-02T10:26:12.673658,52.13434349059787
iss,zarya,25544,2026-10-03T01:17:15.805529,2026-10-03T01:22:36.183806,2026-10-03T01:28:03.043726,59.69054616281989
iss,zarya,25544,2026-10-03T02:54:58.177885,2026-10-03T02:59:35.036570,2026-10-03T03:04:16.524999,12.861740556751673
iss,zarya,25544,2026-10-03T09:26:34.046451,2026-10-03T09:32:02.758267,2026-10-03T09:37:29.618187,72.54803964828363
iss,zarya,25544,2026-10-04T00:28:44.705689,2026-10-04T00:33:52.120684,2026-10-04T00:39:04.165423,27.920947318322497
iss,zarya,25544,2026-10-04T02:05:33.189188,2026-10-04T02:10:34.122541,2026-10-04T02:15:39.685639,20.62136940656491
iss,zarya,25544,2026-10-04T08:37:49.302482,2026-10-04T08:43:10.606708,2026-10-04T08:48:30.059037,35.574834368482435
iss,zarya,25544,2026-10-04T10:14:54.691354,2026-10-04T10:19:37.105732,2026-10-04T10:24:20.446059,14.74369401891314
iss,zarya,25544,2026-10-04T23:40:32.295037,2026-10-04T23:45:10.079671,2026-10-04T23:49:51.568100,14.309787412104136
iss,zarya,25544,2026-10-05T01:16:19.904213,2026-10-05T01:21:36.578695,2026-10-05T01:26:58.808871,35.918527459420005
iss,zarya,25544,2026-10-05T07:49:07.751677,2026-10-05T07:54:12.388826,2026-10-05T07:59:16.100026,20.504454222135887
iss,zarya,25544,2026-10-05T09:25:42.094033,2026-10-05T09:30:55.064720,2026-10-05T09:36:06.183510,28.656511893694613
iss,zarya,25544,2026-10-06T00:27:20.174855,2026-10-06T00:32:42.405030,2026-10-06T00:38:11.116847,73.86997438705534
iss,zarya,25544,2026-10-06T07:00:29.142123,2026-10-06T07:05:08.778654,2026-10-06T07:09:47.489237,12.789276220991297
iss,zarya,25544,2026-10-06T08:36:42.371484,2026-10-06T08:42:08.305454,2026-10-06T08:47:32.387528,61.23910723123103
iss,zarya,25544,2026-10-06T23:38:32.823253,2026-10-06T23:43:52.275582,2026-10-06T23:49:16.357656,50.64039315111756
iss,zarya,25544,2026-10-07T01:16:05.343786,2026-10-07T01:20:47.758164,2026-10-07T01:25:33.876337,14.109876002682029
iss,zarya,25544,2026-10-07T07:47:49.293977,2026-10-07T07:53:16.153896,2026-10-07T07:58:41.161918,62.051769258677496
iss,zarya,25544,2026-10-07T22:50:01.382989,2026-10-07T22:55:04.168240,2026-10-07T23:00:11.583235,24.298072152147284
iss,zarya,25544,2026-10-08T00:26:38.162767,2026-10-08T00:31:42.799916,2026-10-08T00:36:52.066809,22.88288722963733
iss,zarya,25544,2026-10-08T06:59:01.009615,2026-10-08T07:04:18.610046,2026-10-08T07:09:35.284529,31.323595834656448
iss,zarya,25544,2026-10-08T08:35:58.657283,2026-10-08T08:40:48.479251,2026-10-08T08:45:38.301219,16.849575322841932
iss,zarya,25544,2026-10-08T22:01:49.979988,2026-10-08T22:06:19.431082,2026-10-08T22:10:51.660024,12.414047787149904
iss,zarya,25544,2026-10-08T23:37:23.359508,2026-10-08T23:42:41.885888,2026-10-08T23:48:05.967962,41.135013895023285
iss,zarya,25544,2026-10-09T06:10:16.592454,2026-10-09T06:15:15.673909,2026-10-09T06:20:13.829417,18.45982105517358
iss,zarya,25544,2026-10-09T07:46:45.297414,2026-10-09T07:52:01.045948,2026-10-09T07:57:15.868533,33.10557197644334
iss,zarya,25544,2026-10-09T22:48:21.859952,2026-10-09T22:53:45.016076,2026-10-09T22:59:13.727893,86.27108766845288
iss,zarya,25544,2026-10-10T05:21:33.516556,2026-10-10T05:26:06.671446,2026-10-10T05:30:38.900388,11.568412806502641
iss,zarya,25544,2026-10-10T06:57:42.708508,2026-10-10T07:03:09.568427,2026-10-10T07:08:34.576449,72.54833611919048
iss,zarya,25544,2026-10-10T21:59:34.167925,2026-10-10T22:04:50.842407,2026-10-10T22:10:13.072583,42.807185668958496
iss,zarya,25544,2026-10-10T23:36:54.310702,2026-10-10T23:41:42.280772,2026-10-10T23:46:34.880587,15.585474838178863
iss,zarya,25544,2026-10-11T06:08:46.090608,2026-10-11T06:14:12.024578,2026-10-11T06:19:36.106652,52.725441592716905
iss,zarya,25544,2026-10-11T21:11:01.883417,2026-10-11T21:16:00.038923,2026-10-11T21:21:01.898226,21.07018827368151
iss,zarya,25544,2026-10-11T22:47:26.285438,2026-10-11T22:52:34.626382,2026-10-11T22:57:48.523018,25.667390999999853
iss,zarya,25544,2026-10-12T05:19:55.191803,2026-10-12T05:25:09.088439,2026-10-12T05:30:22.059127,27.600429476199146
iss,zarya,25544,2026-10-12T06:56:45.098267,2026-10-12T07:01:42.327825,2026-10-12T07:06:38.631435,19.37573433475899
iss,zarya,25544,2026-10-12T20:22:51.991888,2026-10-12T20:27:11.257546,2026-10-12T20:31:33.301051,10.622536022379073
iss,zarya,25544,2026-10-12T21:58:09.963894,2026-10-12T22:03:30.342171,2026-10-12T22:08:56.276142,47.921907834212575
iss,zarya,25544,2026-10-13T04:31:07.234250,2026-10-13T04:36:00.760013,2026-10-13T04:40:54.285777,16.578007324774248
iss,zarya,25544,2026-10-13T06:07:30.723940,2026-10-13T06:12:50.176269,2026-10-13T06:18:07.776700,38.82815398096426
iss,zarya,25544,2026-10-13T21:09:06.946053,2026-10-13T21:14:30.102177,2026-10-13T21:19:58.813994,80.03341040845025
iss,zarya,25544,2026-10-13T22:47:08.348019,2026-10-13T22:51:35.021267,2026-10-13T22:56:04.472362,10.881197124534133
iss,zarya,25544,2026-10-14T03:42:21.543908,2026-10-14T03:46:46.365258,2026-10-14T03:51:11.186610,10.412868083175091
iss,zarya,25544,2026-10-14T05:18:25.772501,2026-10-14T05:23:52.632420,2026-10-14T05:29:17.640442,85.69391780799357
iss,zarya,25544,2026-10-14T20:20:18.661694,2026-10-14T20:25:32.558330,2026-10-14T20:30:52.010659,36.17031682370392
iss,zarya,25544,2026-10-14T21:57:26.426714,2026-10-14T22:02:19.952477,2026-10-14T22:07:18.107985,17.3452256942851
iss,zarya,25544,2026-10-15T04:29:27.214194,2026-10-15T04:34:50.370318,2026-10-15T04:40:12.600494,44.77081685584953
iss,zarya,25544,2026-10-15T06:06:45.729753,2026-10-15T06:11:11.477052,2026-10-15T06:15:37.224352,11.385083826025683
iss,zarya,25544,2026-10-15T19:31:46.710799,2026-10-15T19:36:38.384664,2026-10-15T19:41:33.762325,18.175802426569696
iss,zarya,25544,2026-10-15T21:07:56.883166,2026-10-15T21:13:08.927905,2026-10-15T21:18:26.528336,29.150597754189544
iss,zarya,25544,2026-10-16T03:40:32.523086,2026-10-16T03:45:42.715927,2026-10-16T03:50:51.056871,24.34066095962753
iss,zarya,25544,2026-10-16T05:17:15.866207,2026-10-16T05:22:18.651458,2026-10-16T05:27:20.510761,22.466530840794093
iss,zarya,25544,2026-10-16T20:18:39.717374,2026-10-16T20:24:01.947549,2026-10-16T20:29:29.733418,56.82667212129886
iss,zarya,25544,2026-10-17T02:51:41.025140,2026-10-17T02:56:28.995210,2026-10-17T03:01:15.113383,14.848992845264528
iss,zarya,25544,2026-10-17T04:27:59.803385,2026-10-17T04:33:21.107611,2026-10-17T04:38:41.485889,46.32266862795252
iss,zarya,25544,2026-10-17T19:29:35.181252,2026-10-17T19:34:58.337376,2026-10-17T19:40:26.123245,66.6951142031915
iss,zarya,25544,2026-10-17T21:07:24.457373,2026-10-17T21:11:58.538212,2026-10-17T21:16:35.396897,12.128578568284304
iss,zarya,25544,2026-10-18T03:38:51.985590,2026-10-18T03:44:18.845509,2026-10-18T03:49:43.853531,79.83591630363628
iss,zarya,25544,2026-10-18T18:40:46.304555,2026-10-18T18:45:57.423345,2026-10-18T18:51:13.171879,30.579791867408048
iss,zarya,25544,2026-10-18T20:17:41.691820,2026-10-18T20:22:40.773275,2026-10-18T20:27:43.558526,19.466250338105443
iss,zarya,25544,2026-10-19T02:49:50.812839,2026-10-19T02:55:11.191116,2026-10-19T03:00:30.643445,38.131063458355776
iss,zarya,25544,2026-10-19T04:26:59.735295,2026-10-19T04:31:35.668031,2026-10-19T04:36:10.674819,13.408000875227184
iss,zarya,25544,2026-10-19T17:52:15.865134,2026-10-19T17:56:59.205460,2026-10-19T18:01:46.249582,15.561070391271254
iss,zarya,25544,2026-10-19T19:28:10.629986,2026-10-19T19:33:26.378520,2026-10-19T19:38:47.682747,33.59629177377436
iss,zarya,25544,2026-10-20T02:00:52.581335,2026-10-20T02:05:58.144432,2026-10-20T02:11:01.855632,21.477241978253254
iss,zarya,25544,2026-10-20T03:37:29.109200,2026-10-20T03:42:37.450144,2026-10-20T03:47:44.865139,26.335883367596633
iss,zarya,25544,2026-10-20T18:38:51.945909,2026-10-20T18:44:16.027981,2026-10-20T18:49:44.739798,68.37540761525634
iss,zarya,25544,2026-10-21T01:11:57.794908,2026-10-21T01:16:38.357388,2026-10-21T01:21:18.919868,13.25966627444115
iss,zarya,25544,2026-10-21T02:48:11.105971,2026-10-21T02:53:35.188043,2026-10-21T02:58:56.492270,56.24043724789308
iss,zarya,25544,2026-10-21T17:49:47.743400,2026-10-21T17:55:09.047626,2026-10-21T18:00:34.981597,54.747856804933726
iss,zarya,25544,2026-10-21T19:27:23.967728,2026-10-21T19:32:04.530208,2026-10-21T19:36:48.796483,13.594594857200487
iss,zarya,25544,2026-10-22T01:59:01.599681,2026-10-22T02:04:27.533651,2026-10-22T02:09:51.615725,66.25328707146892
iss,zarya,25544,2026-10-22T17:00:58.274368,2026-10-22T17:06:04.763414,2026-10-22T17:11:14.956255,25.850715824671564
iss,zarya,25544,2026-10-22T18:37:38.757941,2026-10-22T18:42:43.395090,2026-10-22T18:47:52.661983,22.05632717495902
iss,zarya,25544,2026-10-23T01:09:56.886536,2026-10-23T01:15:14.486967,2026-10-23T01:20:30.235501,32.62763805790378
iss,zarya,25544,2026-10-23T02:46:56.467803,2026-10-23T02:51:41.660027,2026-10-23T02:56:26.852251,15.820298203036595
iss,zarya,25544,2026-10-23T16:12:29.094510,2026-10-23T16:17:03.175349,2026-10-23T16:21:40.959983,13.178598325210466
iss,zarya,25544,2026-10-23T17:48:06.851862,2026-10-23T17:53:26.304191,2026-10-23T17:58:50.386265,39.39362634933524
iss,zarya,25544,2026-10-24T00:20:55.366555,2026-10-24T00:25:55.373959,2026-10-24T00:30:54.455415,18.952715833277868
iss,zarya,25544,2026-10-24T01:57:25.501289,2026-10-24T02:02:39.397925,2026-10-24T02:07:50.516715,31.309959002050622
iss,zarya,25544,2026-10-24T16:58:47.575451,2026-10-24T17:04:12.583472,2026-10-24T17:09:42.221238,82.62391750573701
iss,zarya,25544,2026-10-24T23:31:57.713770,2026-10-24T23:36:30.868660,2026-10-24T23:41:03.097602,11.79957071405972
iss,zarya,25544,2026-10-25T01:08:05.809562,2026-10-25T01:13:31.743532,2026-10-25T01:18:53.973708,69.13289846755791
iss,zarya,25544,2026-10-25T16:09:42.780606,2026-10-25T16:15:02.232935,2026-10-25T16:20:26.315009,44.745365860023085
iss,zarya,25544,2026-10-25T17:47:05.701230,2026-10-25T17:51:53.671300,2026-10-25T17:56:45.345166,15.332351038167282
iss,zarya,25544,2026-10-26T00:18:53.688831,2026-10-26T00:24:18.696852,2026-10-26T00:29:40.927028,54.46139786936634
iss,zarya,25544,2026-10-26T15:20:54.571141,2026-10-26T15:25:54.578545,2026-10-26T15:30:59.215694,21.81185094172628
iss,zarya,25544,2026-10-26T16:57:19.899112,2026-10-26T17:02:29.166004,2026-10-26T17:07:43.062640,25.277617915537167
iss,zarya,25544,2026-10-26T23:29:45.435295,2026-10-26T23:35:00.257880,2026-10-26T23:40:11.376670,28.055059216710355
iss,zarya,25544,2026-10-27T01:06:36.349410,2026-10-27T01:11:30.801121,2026-10-27T01:16:24.326885,18.7576320515538
iss,zarya,25544,2026-10-27T14:32:27.576794,2026-10-27T14:36:49.620298,2026-10-27T14:41:15.367598,10.986876182623043
iss,zarya,25544,2026-10-27T16:07:46.474748,2026-10-27T16:13:08.704923,2026-10-27T16:18:35.564843,47.11643528510247
iss,zarya,25544,2026-10-27T22:40:41.300872,2026-10-27T22:45:35.752583,2026-10-27T22:50:27.426449,16.717824447147507
iss,zarya,25544,2026-10-28T00:17:04.620350,2026-10-28T00:22:23.146730,2026-10-28T00:27:38.895264,37.878669278419146
iss,zarya,25544,2026-10-28T15:18:27.280038,2026-10-28T15:23:52.288059,2026-10-28T15:29:21.925825,81.28590960762274
iss,zarya,25544,2026-10-28T16:56:28.933916,2026-10-28T17:00:56.533113,2026-10-28T17:05:26.910157,10.890197312071022
iss,zarya,25544,2026-10-28T21:51:39.685572,2026-10-28T21:56:04.506922,2026-10-28T22:00:29.328274,10.456070378701801
iss,zarya,25544,2026-10-28T23:27:43.240129,2026-10-28T23:33:10.100048,2026-10-28T23:38:33.256173,84.74532658953521
iss,zarya,25544,2026-10-29T14:29:21.892856,2026-10-29T14:34:38.567338,2026-10-29T14:39:59.871565,36.632027030983394
iss,zarya,25544,2026-10-29T16:06:29.909789,2026-10-29T16:11:25.287449,2026-10-29T16:16:24.368905,17.415115745347954
iss,zarya,25544,2026-10-29T22:38:28.504949,2026-10-29T22:43:51.661073,2026-10-29T22:49:12.039351,44.85166778205899
iss,zarya,25544,2026-10-30T00:15:46.850296,2026-10-30T00:20:10.745698,2026-10-30T00:24:34.641101,11.239712495348957
iss,zarya,25544,2026-10-30T13:40:34.942952,2026-10-30T13:45:27.542766,2026-10-30T13:50:24.772325,18.318669313387836
iss,zarya,25544,2026-10-30T15:16:43.263422,2026-10-30T15:21:58.086007,2026-10-30T15:27:16.612387,29.37401501426922
iss,zarya,25544,2026-10-30T21:49:17.888883,2026-10-30T21:54:27.155775,2026-10-30T21:59:34.570770,24.22444966569758
iss,zarya,25544,2026-10-30T23:25:59.632019,2026-10-30T23:31:02.417270,2026-10-30T23:36:02.424675,22.421963589869268
iss,zarya,25544,2026-10-31T14:27:10.172674,2026-10-31T14:32:34.254746,2026-10-31T14:38:03.892512,57.542847553318595
iss,zarya,25544,2026-10-31T21:00:10.214067,2026-10-31T21:04:57.258188,2026-10-31T21:09:43.376361,14.726946629830236
iss,zarya,25544,2026-10-31T22:36:27.140414,2026-10-31T22:41:49.370589,2026-10-31T22:47:07.896969,46.76932712106881
iss,zarya,25544,2026-11-01T13:37:50.385630,2026-11-01T13:43:14.467702,2026-11-01T13:48:43.179519,65.65369623161722
iss,zarya,25544,2026-11-01T15:15:37.387730,2026-11-01T15:20:13.320466,2026-11-01T15:24:52.956998,12.381409000077577
iss,zarya,25544,2026-11-01T21:47:04.071700,2026-11-01T21:52:30.931619,2026-11-01T21:57:54.087744,78.3566867889001
iss,zarya,25544,2026-11-02T12:48:45.332065,2026-11-02T12:53:57.376804,2026-11-02T12:59:14.051287,30.080957614182772
iss,zarya,25544,2026-11-02T14:25:37.519359,2026-11-02T14:30:39.378661,2026-11-02T14:35:44.941759,19.94972834337151
iss,zarya,25544,2026-11-02T20:57:45.796130,2026-11-02T21:03:07.100356,2026-11-02T21:08:24.700787,37.22833842008448
iss,zarya,25544,2026-11-02T22:34:52.444564,2026-11-02T22:39:30.229198,2026-11-02T22:44:06.161935,13.680462688465054
iss,zarya,25544,2026-11-03T11:59:59.641723,2026-11-03T12:04:42.982049,2026-11-03T12:09:30.952119,15.253091078393426
iss,zarya,25544,2026-11-03T13:35:50.280656,2026-11-03T13:41:08.807036,2026-11-03T13:46:31.963161,34.71968054484814
iss,zarya,25544,2026-11-03T20:08:31.891582,2026-11-03T20:13:36.528731,2026-11-03T20:18:39.313982,20.98482288755102
iss,zarya,25544,2026-11-03T21:45:06.315639,2026-11-03T21:50:16.508480,2026-11-03T21:55:22.997526,27.126544437117694
iss,zarya,25544,2026-11-04T12:46:17.271607,2026-11-04T12:51:42.279628,2026-11-04T12:57:12.843343,71.38922582141501
iss,zarya,25544,2026-11-04T19:19:20.928287,2026-11-04T19:24:00.564818,2026-11-04T19:28:39.275401,12.944032566925776
iss,zarya,25544,2026-11-04T20:55:32.387452,2026-11-04T21:00:57.395473,2026-11-04T21:06:18.699700,58.885718775785186
iss,zarya,25544,2026-11-05T11:56:56.892231,2026-11-05T12:02:19.122406,2026-11-05T12:07:46.908275,52.16429998538107
iss,zarya,25544,2026-11-05T13:34:28.990641,2026-11-05T13:39:13.256916,2026-11-05T13:44:01.226986,14.143871425227786
iss,zarya,25544,2026-11-05T20:06:06.704295,2026-11-05T20:11:33.564214,2026-11-05T20:16:56.720339,62.90983638369887
iss,zarya,25544,2026-11-06T11:07:53.772263,2026-11-06T11:12:59.335360,2026-11-06T11:18:09.528201,24.740262010983948
iss,zarya,25544,2026-11-06T12:44:28.529932,2026-11-06T12:49:35.944927,2026-11-06T12:54:47.989666,23.09629864840989
iss,zarya,25544,2026-11-06T19:16:46.066191,2026-11-06T19:22:03.666622,2026-11-06T19:27:18.489207,31.18432173770785
iss,zarya,25544,2026-11-06T20:53:42.869612,2026-11-06T20:58:30.839682,2026-11-06T21:03:17.883804,16.643958514348068
iss,zarya,25544,2026-11-07T10:19:10.267434,2026-11-07T10:23:41.570426,2026-11-07T10:28:16.577214,12.524095658920452
iss,zarya,25544,2026-11-07T11:54:41.372934,2026-11-07T12:00:02.677160,2026-11-07T12:05:29.537080,41.910124108797525
iss,zarya,25544,2026-11-07T18:27:29.547205,2026-11-07T18:32:27.702711,2026-11-07T18:37:24.932270,18.212427417516757
iss,zarya,25544,2026-11-07T20:03:55.978143,2026-11-07T20:09:11.726677,2026-11-07T20:14:24.697365,33.3628452811736
iss,zarya,25544,2026-11-08T11:05:06.845601,2026-11-08T11:10:32.779571,2026-11-08T11:16:04.269235,88.21423380152564
iss,zarya,25544,2026-11-08T12:43:15.825368,2026-11-08T12:47:39.720770,2026-11-08T12:52:06.394019,10.171328484484501
iss,zarya,25544,2026-11-08T17:38:14.117566,2026-11-08T17:42:46.346507,2026-11-08T17:47:16.723551,11.338791446125793
iss,zarya,25544,2026-11-08T19:14:21.035497,2026-11-08T19:19:47.895416,2026-11-08T19:25:11.051541,74.81053945544106
iss,zarya,25544,2026-11-09T10:15:47.473872,2026-11-09T10:21:06.926201,2026-11-09T10:26:31.008275,41.39126852661329
iss,zarya,25544,2026-11-09T11:53:03.068607,2026-11-09T11:57:55.668421,2026-11-09T12:02:51.972031,16.254393849033637
iss,zarya,25544,2026-11-09T18:24:52.989806,2026-11-09T18:30:17.997827,2026-11-09T18:35:39.302054,50.28696936129371
iss,zarya,25544,2026-11-09T20:02:17.898495,2026-11-09T20:06:34.386307,2026-11-09T20:10:49.948170,10.011997609405286
iss,zarya,25544,2026-11-10T09:26:45.865384,2026-11-10T09:31:43.094942,2026-11-10T09:36:45.880193,20.30900338390495
iss,zarya,25544,2026-11-10T11:03:02.941517,2026-11-10T11:08:14.986256,2026-11-10T11:13:32.586687,27.103150126276695
iss,zarya,25544,2026-11-10T17:35:28.811315,2026-11-10T17:40:42.707951,2026-11-10T17:45:52.900792,26.341558026453054
iss,zarya,25544,2026-11-10T19:12:15.517810,2026-11-10T19:17:14.599265,2026-11-10T19:22:10.902875,20.340192498559773
iss,zarya,25544,2026-11-11T08:38:06.146053,2026-11-11T08:42:22.633865,2026-11-11T08:46:42.825472,10.0599504244298
iss,zarya,25544,2026-11-11T10:13:14.940273,2026-11-11T10:18:39.022345,2026-11-11T10:24:08.660111,51.83127983755839
iss,zarya,25544,2026-11-11T16:46:09.003850,2026-11-11T16:51:00.677715,2026-11-11T16:55:50.499683,15.812365382582685
iss,zarya,25544,2026-11-11T18:22:28.789745,2026-11-11T18:27:50.093971,2026-11-11T18:33:06.768454,41.91517103103184
iss,zarya,25544,2026-11-12T09:23:41.420590,2026-11-12T09:29:06.428611,2026-11-12T09:34:36.992326,73.20821879667902
iss,zarya,25544,2026-11-12T11:01:34.148593,2026-11-12T11:06:07.303483,2026-11-12T11:10:44.162168,11.713288910311494
iss,zarya,25544,2026-11-12T17:32:52.410515,2026-11-12T17:38:20.196382,2026-11-12T17:43:44.278456,86.3910108911939
iss,zarya,25544,2026-11-13T08:34:22.382474,2026-11-13T08:39:37.205059,2026-11-13T08:44:56.657388,33.00260544724299
iss,zarya,25544,2026-11-13T10:11:20.547585,2026-11-13T10:16:20.554989,2026-11-13T10:21:24.266189,18.827377003871707
iss,zarya,25544,2026-11-13T16:43:21.750380,2026-11-13T16:48:44.906504,2026-11-13T16:54:04.358833,40.56713179777608
iss,zarya,25544,2026-11-13T18:20:33.110260,2026-11-13T18:25:05.339201,2026-11-13T18:29:35.716245,12.577959947775453
iss,zarya,25544,2026-11-14T07:45:22.707583,2026-11-14T07:50:10.677653,2026-11-14T07:55:03.277468,16.561617109060542
iss,zarya,25544,2026-11-14T09:21:20.502195,2026-11-14T09:26:37.176677,2026-11-14T09:31:59.406853,32.371031587525614
iss,zarya,25544,2026-11-14T15:53:54.535319,2026-11-14T15:59:02.876263,2026-11-14T16:04:08.439361,22.392593492049528
iss,zarya,25544,2026-11-14T17:30:31.818923,2026-11-14T17:35:40.159867,2026-11-14T17:40:44.797016,25.09818398174719
iss,zarya,25544,2026-11-15T08:31:32.834558,2026-11-15T08:36:57.842579,2026-11-15T08:42:29.332243,65.56883563855999
iss,zarya,25544,2026-11-15T15:04:31.187456,2026-11-15T15:09:15.453731,2026-11-15T15:13:57.868109,13.711507206687067
iss,zarya,25544,2026-11-15T16:40:44.580220,2026-11-15T16:46:09.588241,2026-11-15T16:51:30.892468,53.882288792691774
iss,zarya,25544,2026-11-16T07:41:59.396580,2026-11-16T07:47:22.552704,2026-11-16T07:52:51.264521,56.809415105438156
iss,zarya,25544,2026-11-16T09:19:35.872821,2026-11-16T09:24:17.361250,2026-11-16T09:29:03.479423,13.539425227092744
iss,zarya,25544,2026-11-16T15:51:06.512499,2026-11-16T15:56:34.298366,2026-11-16T16:01:58.380440,68.22378208925511
iss,zarya,25544,2026-11-17T06:52:42.543974,2026-11-17T06:57:49.958969,2026-11-17T07:03:02.929657,26.434918255172487
iss,zarya,25544,2026-11-17T08:29:22.353512,2026-11-17T08:34:27.916609,2026-11-17T08:39:38.109450,22.038529009199184
iss,zarya,25544,2026-11-17T15:01:32.563883,2026-11-17T15:06:52.942160,2026-11-17T15:12:09.616643,33.15552710374012
iss,zarya,25544,2026-11-17T16:38:31.974938,2026-11-17T16:43:18.093111,2026-11-17T16:48:02.359386,15.69814844569651
iss,zarya,25544,2026-11-18T06:03:45.054594,2026-11-18T06:08:20.061382,2026-11-18T06:12:59.697914,13.326879910600491
iss,zarya,25544,2026-11-18T07:39:21.463875,2026-11-18T07:44:41.842152,2026-11-18T07:50:07.776123,39.551000820013115
iss,zarya,25544,2026-11-18T14:12:03.660329,2026-11-18T14:17:05.519631,2026-11-18T14:22:04.601087,19.115304722342824
iss,zarya,25544,2026-11-18T15:48:31.772954,2026-11-18T15:53:47.521488,2026-11-18T15:58:58.640278,31.456909758758368
iss,zarya,25544,2026-11-19T06:49:33.877941,2026-11-19T06:54:59.811911,2026-11-19T07:00:31.301575,83.56389940474621
iss,zarya,25544,2026-11-19T13:22:36.349949,2026-11-19T13:27:11.356737,2026-11-19T13:31:45.437576,11.853425054567769
iss,zarya,25544,2026-11-19T14:58:43.771706,2026-11-19T15:04:11.557573,2026-11-19T15:09:34.713698,70.31292789427626
iss,zarya,25544,2026-11-20T06:00:01.699523,2026-11-20T06:05:21.151852,2026-11-20T06:10:47.085823,43.79490854835254
iss,zarya,25544,2026-11-20T07:37:19.820192,2026-11-20T07:42:10.568108,2026-11-20T07:47:05.019821,15.738270564347967
iss,zarya,25544,2026-11-20T14:09:02.415503,2026-11-20T14:14:30.201370,2026-11-20T14:19:52.431546,53.18232166877928
iss,zarya,25544,2026-11-21T05:10:46.780520,2026-11-21T05:15:45.861975,2026-11-21T05:20:50.499124,21.188985182042906
iss,zarya,25544,2026-11-21T06:47:06.634499,2026-11-21T06:52:17.753289,2026-11-21T06:57:34.427772,26.16809550302562
iss,zarya,25544,2026-11-21T13:19:27.030305,2026-11-21T13:24:42.778839,2026-11-21T13:29:54.823578,27.429858523494428
iss,zarya,25544,2026-11-21T14:56:14.492538,2026-11-21T15:01:12.648044,2026-11-21T15:06:08.025705,19.606307360904335
iss,zarya,25544,2026-11-22T04:21:54.254498,2026-11-22T04:26:12.594207,2026-11-22T04:30:35.563661,10.482662572881773
iss,zarya,25544,2026-11-22T05:57:05.826563,2026-11-22T06:02:28.982687,2026-11-22T06:07:58.620453,49.68660859007173
iss,zarya,25544,2026-11-22T12:29:54.164237,2026-11-22T12:34:48.615948,2026-11-22T12:39:41.215763,16.344821846336856
iss,zarya,25544,2026-11-22T14:06:15.379906,2026-11-22T14:11:36.684132,2026-11-22T14:16:53.358615,40.30058368515192
iss,zarya,25544,2026-11-23T05:07:19.248282,2026-11-23T05:12:44.256303,2026-11-23T05:18:15.745967,76.11393844478866
iss,zarya,25544,2026-11-23T06:45:13.828183,2026-11-23T06:49:45.131175,2026-11-23T06:54:21.063912,11.461801442588728
iss,zarya,25544,2026-11-23T11:40:24.239416,2026-11-23T11:44:49.060766,2026-11-23T11:49:12.956169,10.195939896716373
iss,zarya,25544,2026-11-23T13:16:25.942076,2026-11-23T13:21:54.653892,2026-11-23T13:27:19.661914,88.95968191969801
iss,zarya,25544,2026-11-24T04:17:48.329425,2026-11-24T04:23:02.226061,2026-11-24T04:28:22.604339,33.969792106088676
iss,zarya,25544,2026-11-24T05:54:47.420485,2026-11-24T05:59:45.575991,2026-11-24T06:04:49.287191,18.442452784651888
iss,zarya,25544,2026-11-24T12:26:42.223340,2026-11-24T12:32:07.231361,2026-11-24T12:37:28.535588,41.85298192492127
iss,zarya,25544,2026-11-24T14:03:55.012994,2026-11-24T14:08:26.315986,2026-11-24T14:12:56.693030,12.316792381285957
iss,zarya,25544,2026-11-25T03:28:36.269968,2026-11-25T03:33:24.240038,2026-11-25T03:38:17.765802,16.891254677539823
iss,zarya,25544,2026-11-25T05:04:34.316491,2026-11-25T05:09:50.065025,2026-11-25T05:15:12.295201,31.680001645400694
iss,zarya,25544,2026-11-25T11:37:03.549662,2026-11-25T11:42:13.742503,2026-11-25T11:47:21.157498,22.90305162932806
iss,zarya,25544,2026-11-25T13:13:40.663054,2026-11-25T13:18:49.003998,2026-11-25T13:23:54.567096,24.684028076599425
iss,zarya,25544,2026-11-26T04:14:34.516203,2026-11-26T04:19:58.598275,2026-11-26T04:25:30.087939,64.18115819644342
iss,zarya,25544,2026-11-26T10:47:28.069146,2026-11-26T10:52:14.187319,2026-11-26T10:56:58.453594,13.966832404192779
iss,zarya,25544,2026-11-26T12:23:41.039786,2026-11-26T12:29:06.973756,2026-11-26T12:34:29.203932,52.95932030734438
iss,zarya,25544,2026-11-27T03:24:48.945570,2026-11-27T03:30:11.175745,2026-11-27T03:35:39.887562,57.620779418617246
iss,zarya,25544,2026-11-27T05:02:25.421811,2026-11-27T05:07:05.984291,2026-11-27T05:11:51.176515,13.402577735864737
iss,zarya,25544,2026-11-27T11:33:49.913461,2026-11-27T11:39:19.551226,2026-11-27T11:44:44.559248,69.22963274787219
iss,zarya,25544,2026-11-28T02:35:19.960312,2026-11-28T02:40:26.449358,2026-11-28T02:45:39.420046,26.544445339473594
iss,zarya,25544,2026-11-28T04:11:59.095813,2026-11-28T04:17:03.732962,2026-11-28T04:22:13.925803,21.864201740599402
iss,zarya,25544,2026-11-28T10:44:04.758141,2026-11-28T10:49:26.062367,2026-11-28T10:54:43.662798,33.491305072210324
iss,zarya,25544,2026-11-28T12:21:03.495161,2026-11-28T12:25:50.539282,2026-11-28T12:30:34.805557,15.711403030735802
iss,zarya,25544,2026-11-29T01:46:11.012316,2026-11-29T01:50:45.093155,2026-11-29T01:55:23.803738,13.279662669476908
iss,zarya,25544,2026-11-29T03:21:46.073523,2026-11-29T03:27:05.525852,2026-11-29T03:32:31.459823,39.36792512862686
iss,zarya,25544,2026-11-29T09:54:23.721934,2026-11-29T09:59:26.507185,2026-11-29T10:04:27.440539,19.236086225873333
iss,zarya,25544,2026-11-29T11:30:51.160524,2026-11-29T11:36:07.835006,2026-11-29T11:41:19.879745,31.578972506075683
iss,zarya,25544,2026-11-30T02:31:47.280886,2026-11-30T02:37:11.362958,2026-11-30T02:42:42.852622,83.7502771421786
iss,zarya,25544,2026-11-30T09:04:44.278904,2026-11-30T09:09:20.211640,2026-11-30T09:13:55.218428,11.895988868425952
iss,zarya,25544,2026-11-30T10:40:51.026624,2026-11-30T10:46:19.738440,2026-11-30T10:51:43.820514,70.77498118074982
iss,zarya,25544,2026-12-01T01:42:02.717905,2026-12-01T01:47:21.244285,2026-12-01T01:52:46.252307,43.255159217765275
iss,zarya,25544,2026-12-01T03:19:19.490501,2026-12-01T03:24:09.312469,2026-12-01T03:29:03.764182,15.768488880874475
iss,zarya,25544,2026-12-01T09:50:57.789683,2026-12-01T09:56:25.575550,2026-12-01T10:01:49.657624,52.75438950748448
iss,zarya,25544,2026-12-02T00:52:36.592198,2026-12-02T00:57:33.821756,2026-12-02T01:02:36.607007,20.793380416154566
iss,zarya,25544,2026-12-02T02:28:54.172156,2026-12-02T02:34:04.364997,2026-12-02T02:39:21.039480,26.350454480310677
iss,zarya,25544,2026-12-02T09:01:10.271833,2026-12-02T09:06:26.020367,2026-12-02T09:11:38.991055,27.212929576927763
iss,zarya,25544,2026-12-02T10:37:55.882168,2026-12-02T10:42:55.889572,2026-12-02T10:47:53.119131,20.01395144606956
iss,zarya,25544,2026-12-03T00:03:33.533511,2026-12-03T00:07:49.095374,2026-12-03T00:12:09.286981,10.171730567459441
iss,zarya,25544,2026-12-03T01:38:42.157519,2026-12-03T01:44:03.461745,2026-12-03T01:49:33.099511,50.54700387424679
iss,zarya,25544,2026-12-03T08:11:25.947150,2026-12-03T08:16:20.398861,2026-12-03T08:21:12.998676,16.19634705080669
iss,zarya,25544,2026-12-03T09:47:44.888797,2026-12-03T09:53:07.118972,2026-12-03T09:58:26.571301,41.38211669648695
iss,zarya,25544,2026-12-04T00:48:44.372533,2026-12-04T00:54:06.602708,2026-12-04T00:59:37.166423,73.95011982501948
iss,zarya,25544,2026-12-04T02:26:35.500552,2026-12-04T02:31:06.803544,2026-12-04T02:35:42.736281,11.58375162948183
iss,zarya,25544,2026-12-04T07:21:43.215641,2026-12-04T07:26:08.036991,2026-12-04T07:30:31.932394,10.072945923829177
iss,zarya,25544,2026-12-04T08:57:43.992352,2026-12-04T09:03:13.630117,2026-12-04T09:08:39.564088,87.08513837783333
iss,zarya,25544,2026-12-04T23:59:01.743149,2026-12-05T00:04:13.787888,2026-12-05T00:09:32.314268,32.76091730067007
iss,zarya,25544,2026-12-05T01:35:57.886151,2026-12-05T01:40:55.115709,2026-12-05T01:45:58.826909,18.729026891291817
iss,zarya,25544,2026-12-05T08:07:48.392877,2026-12-05T08:13:13.400898,2026-12-05T08:18:34.705125,40.70625071236931
iss,zarya,25544,2026-12-05T09:44:58.404684,2026-12-05T09:49:32.485523,2026-12-05T09:54:06.566362,12.80850924388603
iss,zarya,25544,2026-12-05T23:09:38.476990,2026-12-05T23:14:23.669214,2026-12-05T23:19:13.491182,16.196713434710297
iss,zarya,25544,2026-12-06T00:45:32.649508,2026-12-06T00:50:47.472093,2026-12-06T00:56:09.702269,32.498915165903206
iss,zarya,25544,2026-12-06T07:17:58.512498,2026-12-06T07:23:07.779390,2026-12-06T07:28:14.268436,22.362223205862517
iss,zarya,25544,2026-12-06T08:54:32.848044,2026-12-06T08:59:43.040885,2026-12-06T09:04:50.455880,25.711267458336255
iss,zarya,25544,2026-12-06T23:55:21.390605,2026-12-07T00:00:44.546729,2026-12-07T00:06:15.110444,67.0157543376394
iss,zarya,25544,2026-12-07T06:28:11.151244,2026-12-07T06:32:55.417519,2026-12-07T06:37:38.757846,13.626284888734068
iss,zarya,25544,2026-12-07T08:04:22.018074,2026-12-07T08:09:48.877993,2026-12-07T08:15:12.034118,55.78526411355226
iss,zarya,25544,2026-12-07T23:05:25.539220,2026-12-07T23:10:44.991549,2026-12-07T23:16:11.851469,54.40246462188118
iss,zarya,25544,2026-12-08T00:42:56.289557,2026-12-08T00:47:37.777986,2026-12-08T00:52:23.896159,13.717205741575905
iss,zarya,25544,2026-12-08T07:14:19.011011,2026-12-08T07:19:48.648776,2026-12-08T07:25:14.582747,65.71273320113872
iss,zarya,25544,2026-12-08T22:15:45.095345,2026-12-08T22:20:48.806545,2026-12-08T22:25:58.999386,25.056684671740193
iss,zarya,25544,2026-12-08T23:52:18.756855,2026-12-08T23:57:23.394004,2026-12-09T00:02:34.512794,22.56047984877173
iss,zarya,25544,2026-12-09T06:24:21.974951,2026-12-09T06:29:42.353228,2026-12-09T06:34:59.953659,32.04674453471982
iss,zarya,25544,2026-12-09T08:01:16.756263,2026-12-09T08:06:07.504179,2026-12-09T08:10:56.400198,16.622080021127395
iss,zarya,25544,2026-12-09T21:26:27.466581,2026-12-09T21:30:55.991726,2026-12-09T21:35:29.146616,12.406255396868099
iss,zarya,25544,2026-12-09T23:01:55.201898,2026-12-09T23:07:13.728278,2026-12-09T23:12:39.662249,41.37188919527951
iss,zarya,25544,2026-12-10T05:34:29.058006,2026-12-10T05:39:29.991359,2026-12-10T05:44:29.998764,18.49914338063118
iss,zarya,25544,2026-12-10T07:10:53.466836,2026-12-10T07:16:11.993216,2026-12-10T07:21:27.741750,33.659977488636805
iss,zarya,25544,2026-12-10T22:11:44.950646,2026-12-10T22:17:08.106770,2026-12-10T22:22:37.744536,89.07164179668202
iss,zarya,25544,2026-12-10T23:49:50.308320,2026-12-10T23:54:12.351824,2026-12-10T23:58:38.099124,10.142824103140653
iss,zarya,25544,2026-12-11T04:44:38.408272,2026-12-11T04:49:11.563162,2026-12-11T04:53:43.792104,11.41783507151435
iss,zarya,25544,2026-12-11T06:20:42.126233,2026-12-11T06:26:11.763998,2026-12-11T06:31:37.697969,76.18261951875188
iss,zarya,25544,2026-12-11T21:21:51.032857,2026-12-11T21:27:05.855442,2026-12-11T21:32:28.085618,39.89596676273913
iss,zarya,25544,2026-12-11T22:59:01.405513,2026-12-11T23:03:51.227481,2026-12-11T23:08:47.531091,16.370664803771888
iss,zarya,25544,2026-12-12T05:30:37.682585,2026-12-12T05:36:05.468452,2026-12-12T05:41:29.550526,49.07378545146631
iss,zarya,25544,2026-12-12T07:07:58.717268,2026-12-12T07:12:19.834823,2026-12-12T07:16:40.952379,10.569999825032795
iss,zarya,25544,2026-12-12T20:32:14.374482,2026-12-12T20:37:06.974296,2026-12-12T20:42:05.129804,19.217130391189528
iss,zarya,25544,2026-12-12T22:08:24.628551,2026-12-12T22:13:34.821392,2026-12-12T22:18:51.495875,27.738355199685845
iss,zarya,25544,2026-12-13T04:40:38.535908,2026-12-13T04:45:52.432544,2026-12-13T04:51:04.477283,25.673738402132507
iss,zarya,25544,2026-12-13T06:17:19.938621,2026-12-13T06:22:23.649821,2026-12-13T06:27:24.583175,21.565984886269714
iss,zarya,25544,2026-12-13T21:18:02.081244,2026-12-13T21:23:22.459521,2026-12-13T21:28:51.171338,54.75935780665161
iss,zarya,25544,2026-12-14T03:50:42.330483,2026-12-14T03:55:34.004348,2026-12-14T04:00:24.752265,15.341095349552997
iss,zarya,25544,2026-12-14T05:26:57.990460,2026-12-14T05:32:22.072532,2026-12-14T05:37:43.376759,45.35118748845717
iss,zarya,25544,2026-12-14T20:27:53.763591,2026-12-14T20:33:14.141868,2026-12-14T20:38:41.927737,66.96742807217495
iss,zarya,25544,2026-12-14T22:05:37.817633,2026-12-14T22:10:10.972523,2026-12-14T22:14:48.757157,12.117416693968217
iss,zarya,25544,2026-12-15T04:36:46.139223,2026-12-15T04:42:15.776988,2026-12-15T04:47:41.710959,79.67114714642533
iss,zarya,25544,2026-12-15T19:38:01.779401,2026-12-15T19:43:09.194396,2026-12-15T19:48:24.016981,29.664461213641758
iss,zarya,25544,2026-12-15T21:14:48.744617,2026-12-15T21:19:47.826072,2026-12-15T21:24:52.463221,19.77772042673043
iss,zarya,25544,2026-12-16T03:46:39.584955,2026-12-16T03:52:02.741079,2026-12-16T03:57:23.119357,37.34181190156022
iss,zarya,25544,2026-12-16T05:23:42.611296,2026-12-16T05:28:23.173776,2026-12-16T05:33:02.810308,14.066285629445694
iss,zarya,25544,2026-12-16T18:48:29.832470,2026-12-16T18:53:07.617104,2026-12-16T18:57:50.957431,14.616399883915392
iss,zarya,25544,2026-12-16T20:24:13.901253,2026-12-16T20:29:28.723838,2026-12-16T20:34:50.954014,35.114671964852405
iss,zarya,25544,2026-12-17T02:56:37.823836,2026-12-17T03:01:44.312882,2026-12-17T03:06:48.950031,20.817421621793272
iss,zarya,25544,2026-12-17T04:33:07.951762,2026-12-17T04:38:20.922449,2026-12-17T04:43:32.041239,28.32692574422847
iss,zarya,25544,2026-12-17T19:33:52.361596,2026-12-17T19:39:13.665822,2026-12-17T19:44:43.303588,74.7449104802498
iss,zarya,25544,2026-12-18T02:06:38.833755,2026-12-18T02:11:18.470286,2026-12-18T02:15:58.106818,12.700772241690276
iss,zarya,25544,2026-12-18T03:42:46.167001,2026-12-18T03:48:13.952868,2026-12-18T03:53:38.034942,62.940333198799514
iss,zarya,25544,2026-12-18T18:43:45.977542,2026-12-18T18:49:02.652024,2026-12-18T18:54:26.734098,47.84343783770284
iss,zarya,25544,2026-12-18T20:21:08.727954,2026-12-18T20:25:52.068280,2026-12-18T20:30:40.964299,14.567941047850647
iss,zarya,25544,2026-12-19T02:52:33.131094,2026-12-19T02:58:00.916961,2026-12-19T03:03:25.924983,58.31378107884818
iss,zarya,25544,2026-12-19T17:53:57.526937,2026-12-19T17:58:55.682443,2026-12-19T18:03:59.393643,22.29952301725331
iss,zarya,25544,2026-12-19T19:30:21.336623,2026-12-19T19:35:26.899720,2026-12-19T19:40:38.944459,24.334534870994855
iss,zarya,25544,2026-12-20T02:02:24.214296,2026-12-20T02:07:41.814727,2026-12-20T02:12:56.637312,29.08804455286015
iss,zarya,25544,2026-12-20T03:39:12.010142,2026-12-20T03:44:08.313751,2026-12-20T03:49:02.765464,18.524727876427754
iss,zarya,25544,2026-12-20T17:04:31.469313,2026-12-20T17:08:50.734971,2026-12-20T17:13:13.704425,10.854722553619865
iss,zarya,25544,2026-12-20T18:39:46.574962,2026-12-20T18:45:05.101342,2026-12-20T18:50:31.035313,46.24887473452623
iss,zarya,25544,2026-12-21T01:12:19.668524,2026-12-21T01:17:15.972133,2026-12-21T01:22:11.349794,16.98739264007771
iss,zarya,25544,2026-12-21T02:48:39.617822,2026-12-21T02:53:59.996099,2026-12-21T02:59:18.522479,38.166726776106714
iss,zarya,25544,2026-12-21T17:49:27.642940,2026-12-21T17:54:48.021217,2026-12-21T18:00:15.807086,79.73107224743454
iss,zarya,25544,2026-12-21T19:27:22.474754,2026-12-21T19:31:48.222053,2026-12-21T19:36:17.673148,10.86592833083536
iss,zarya,25544,2026-12-22T00:22:18.063998,2026-12-22T00:26:44.737246,2026-12-22T00:31:10.484546,10.45595911490543
iss,zarya,25544,2026-12-22T01:58:17.574339,2026-12-22T02:03:46.286155,2026-12-22T02:09:13.146075,86.89370783204758
iss,zarya,25544,2026-12-22T16:59:24.118434,2026-12-22T17:04:34.311275,2026-12-22T17:09:51.911706,34.526142929078674
iss,zarya,25544,2026-12-22T18:36:22.787369,2026-12-22T18:41:16.313132,2026-12-22T18:46:14.468640,17.701062675061856
iss,zarya,25544,2026-12-23T01:08:02.175901,2026-12-23T01:13:27.183922,2026-12-23T01:18:49.414098,42.937603272289834
iss,zarya,25544,2026-12-23T02:45:13.195359,2026-12-23T02:49:43.572402,2026-12-23T02:54:13.949446,12.098807028891741
iss,zarya,25544,2026-12-23T16:09:39.705237,2026-12-23T16:14:23.971512,2026-12-23T16:19:14.719429,16.7615784814323
iss,zarya,25544,2026-12-23T17:45:36.403688,2026-12-23T17:50:48.448427,2026-12-23T17:56:06.048858,30.75662409971567
iss,zarya,25544,2026-12-24T00:17:52.074433,2026-12-24T00:23:01.341325,2026-12-24T00:28:09.682269,23.071989979927963
iss,zarya,25544,2026-12-24T01:54:27.165716,2026-12-24T01:59:34.580711,2026-12-24T02:04:40.143809,24.523766214811257
iss,zarya,25544,2026-12-24T16:55:04.249661,2026-12-24T17:00:24.627938,2026-12-24T17:05:52.413807,63.64523956034564
iss,zarya,25544,2026-12-24T23:27:45.166127,2026-12-24T23:32:29.432402,2026-12-24T23:37:13.698677,13.880917587588893
iss,zarya,25544,2026-12-25T01:03:55.188710,2026-12-25T01:09:20.196731,2026-12-25T01:14:43.352856,53.26189799110311
iss,zarya,25544,2026-12-25T16:04:47.251239,2026-12-25T16:10:04.851670,2026-12-25T16:15:29.859692,56.24408648842915
iss,zarya,25544,2026-12-25T17:42:20.105386,2026-12-25T17:46:56.964071,2026-12-25T17:51:38.452500,13.188977629671434
iss,zarya,25544,2026-12-26T00:13:32.634596,2026-12-26T00:19:00.420463,2026-12-26T00:24:26.354434,67.82154840378128
iss,zarya,25544,2026-12-26T15:14:47.260315,2026-12-26T15:19:49.119617,2026-12-26T15:24:56.534612,25.3636425637789
iss,zarya,25544,2026-12-26T16:51:21.425650,2026-12-26T16:56:22.359003,2026-12-26T17:01:29.773998,21.864671944163632
iss,zarya,25544,2026-12-26T23:23:15.125536,2026-12-26T23:28:34.577865,2026-12-26T23:33:51.252348,32.47326563047246
iss,zarya,25544,2026-12-27T01:00:09.062601,2026-12-27T01:04:57.032671,2026-12-27T01:09:45.002741,16.24554170318942
iss,zarya,25544,2026-12-27T14:25:08.736426,2026-12-27T14:29:35.409674,2026-12-27T14:34:07.638616,12.404004001096629
iss,zarya,25544,2026-12-27T16:00:36.723656,2026-12-27T16:05:52.472190,2026-12-27T16:11:15.628315,40.39310004541773
iss,zarya,25544,2026-12-27T22:33:02.913452,2026-12-27T22:38:01.994907,2026-12-27T22:43:01.076363,18.50734570022172
iss,zarya,25544,2026-12-28T00:09:25.300174,2026-12-28T00:14:41.974656,2026-12-28T00:19:56.797241,33.14739261168486
iss,zarya,25544,2026-12-28T15:10:06.251318,2026-12-28T15:15:26.629595,2026-12-28T15:20:54.415464,88.47068712352511
iss,zarya,25544,2026-12-28T21:42:52.042632,2026-12-28T21:47:23.345624,2026-12-28T21:51:54.648617,11.302796250775133
iss,zarya,25544,2026-12-28T23:18:53.738484,2026-12-28T23:24:21.524351,2026-12-28T23:29:46.532373,75.8932382347271
iss,zarya,25544,2026-12-29T14:19:51.186492,2026-12-29T14:25:04.157179,2026-12-29T14:30:23.609508,39.45012250271616
iss,zarya,25544,2026-12-29T15:57:00.211075,2026-12-29T16:01:48.181145,2026-12-29T16:06:41.706909,16.154648301054575
iss,zarya,25544,2026-12-29T22:28:29.999697,2026-12-29T22:33:55.007718,2026-12-29T22:39:18.163843,48.54896284847456
iss,zarya,25544,2026-12-30T00:05:47.582498,2026-12-30T00:10:08.700053,2026-12-30T00:14:29.817609,10.575248868709355
iss,zarya,25544,2026-12-30T13:29:55.907014,2026-12-30T13:34:45.728982,2026-12-30T13:39:41.106643,18.782352605383576
iss,zarya,25544,2026-12-30T15:06:03.213025,2026-12-30T15:11:11.553969,2026-12-30T15:16:26.376554,27.689443934531486
iss,zarya,25544,2026-12-30T21:38:11.305967,2026-12-30T21:43:22.424757,2026-12-30T21:48:32.617598,25.170744229374247
iss,zarya,25544,2026-12-30T23:14:49.508711,2026-12-30T23:19:52.293962,2026-12-30T23:24:53.227316,21.76006948014824
iss,zarya,25544,2026-12-31T14:15:20.192717,2026-12-31T14:20:39.645046,2026-12-31T14:26:05.579017,55.699261001401844
iss,zarya,25544,2026-12-31T20:47:55.805404,2026-12-31T20:52:43.775474,2026-12-31T20:57:30.819596,14.917574079448848
iss,zarya,25544,2026-12-31T22:24:08.265410,2026-12-31T22:29:30.495585,2026-12-31T22:34:50.873863,46.429915312577556
newsat-34,amelia,55045,2026-01-01T01:19:07.516746,2026-01-01T01:24:20.033431,2026-01-01T01:29:28.807401,20.43051004641091
newsat-34,amelia,55045,2026-01-01T02:52:35.734054,2026-01-01T02:57:33.279880,2026-01-01T03:02:28.954348,16.57852571388871
newsat-34,amelia,55045,2026-01-01T13:22:21.405098,2026-01-01T13:27:59.185108,2026-01-01T13:33:43.514869,80.12714049764271
newsat-34,amelia,55045,2026-01-02T02:27:35.875308,2026-01-02T02:33:05.234210,2026-01-02T02:38:30.850396,34.99420521626709
newsat-34,amelia,55045,2026-01-02T12:58:00.074302,2026-01-02T13:03:25.690489,2026-01-02T13:08:56.920748,33.18449433937946
newsat-34,amelia,55045,2026-01-03T02:02:49.535748,2026-01-03T02:08:31.058473,2026-01-03T02:14:07.902804,85.51100518164066
newsat-34,amelia,55045,2026-01-03T12:34:03.160589,2026-01-03T12:38:56.963700,2026-01-03T12:43:54.509526,15.858661664367045
newsat-34,amelia,55045,2026-01-03T14:06:55.650106,2026-01-03T14:12:08.166791,2026-01-03T14:17:27.233227,21.903255001647985
newsat-34,amelia,55045,2026-01-04T01:38:17.651043,2026-01-04T01:43:50.752660,2026-01-04T01:49:20.111561,38.309596069286975
newsat-34,amelia,55045,2026-01-04T13:41:50.418088,2026-01-04T13:47:24.455384,2026-01-04T13:53:05.042430,49.79497661704208
newsat-34,amelia,55045,2026-01-05T01:14:00.902318,2026-01-05T01:19:04.997896,2026-01-05T01:24:05.350758,17.421613460927567
newsat-34,amelia,55045,2026-01-05T02:47:15.683005,2026-01-05T02:52:21.649940,2026-01-05T02:57:25.745517,19.29233246616506
newsat-34,amelia,55045,2026-01-05T13:17:08.240919,2026-01-05T13:22:44.149572,2026-01-05T13:28:26.607976,66.10622286807666
newsat-34,amelia,55045,2026-01-06T02:22:15.053700,2026-01-06T02:27:48.155317,2026-01-06T02:33:17.514218,41.86226764774288
newsat-34,amelia,55045,2026-01-06T12:52:47.247241,2026-01-06T12:58:07.249356,2026-01-06T13:03:32.865542,28.03283437909338
newsat-34,amelia,55045,2026-01-06T14:26:55.540493,2026-01-06T14:31:33.437067,2026-01-06T14:36:16.012034,11.940033592711293
newsat-34,amelia,55045,2026-01-07T01:57:27.007902,2026-01-07T02:03:08.530627,2026-01-07T02:08:45.374958,78.75975915914901
newsat-34,amelia,55045,2026-01-07T12:28:51.860889,2026-01-07T12:33:34.435856,2026-01-07T12:38:20.753538,13.47546771981326
newsat-34,amelia,55045,2026-01-07T14:01:23.166915,2026-01-07T14:06:42.233352,2026-01-07T14:12:06.913859,25.803284321384318
newsat-34,amelia,55045,2026-01-08T01:32:53.416961,2026-01-08T01:38:22.775863,2026-01-08T01:43:47.456370,31.87847577680974
newsat-34,amelia,55045,2026-01-08T03:06:56.839179,2026-01-08T03:11:24.443287,2026-01-08T03:15:52.047394,10.786390232869588
newsat-34,amelia,55045,2026-01-08T13:36:18.526577,2026-01-08T13:41:54.435230,2026-01-08T13:47:36.893634,61.11065658630977
newsat-34,amelia,55045,2026-01-09T01:08:37.087916,2026-01-09T01:13:30.891027,2026-01-09T01:18:21.887102,14.69174396182639
newsat-34,amelia,55045,2026-01-09T02:41:38.177421,2026-01-09T02:46:51.629785,2026-01-09T02:52:03.210791,22.68469302522719
newsat-34,amelia,55045,2026-01-09T13:11:36.686527,2026-01-09T13:17:10.723823,2026-01-09T13:22:50.375190,53.64319732013211
newsat-34,amelia,55045,2026-01-10T02:16:36.096439,2026-01-10T02:22:12.005092,2026-01-10T02:27:46.042387,51.20018424016593
newsat-34,amelia,55045,2026-01-10T12:47:17.901327,2026-01-10T12:52:30.418012,2026-01-10T12:57:48.548769,23.61022902888073
newsat-34,amelia,55045,2026-01-10T14:21:03.648849,2026-01-10T14:25:51.837889,2026-01-10T14:30:46.576678,14.269072633356817
newsat-34,amelia,55045,2026-01-11T01:51:47.280083,2026-01-11T01:57:26.931450,2026-01-11T02:03:02.840102,63.67708092633636
newsat-34,amelia,55045,2026-01-11T12:23:24.468891,2026-01-11T12:27:54.880036,2026-01-11T12:32:28.098215,11.262543841142126
newsat-34,amelia,55045,2026-01-11T13:55:33.483751,2026-01-11T14:00:57.228580,2026-01-11T14:06:28.458839,30.871475296332896
newsat-34,amelia,55045,2026-01-12T01:27:11.982904,2026-01-12T01:32:35.727733,2026-01-12T01:37:55.729848,26.50981523460156
newsat-34,amelia,55045,2026-01-12T03:01:00.523702,2026-01-12T03:05:42.162991,2026-01-12T03:10:21.930921,12.926134998119117
newsat-34,amelia,55045,2026-01-12T13:30:29.861651,2026-01-12T13:36:06.705982,2026-01-12T13:41:50.100064,75.91191863716307
newsat-34,amelia,55045,2026-01-13T01:02:56.754658,2026-01-13T01:07:38.393947,2026-01-13T01:12:18.161877,12.198320168271268
newsat-34,amelia,55045,2026-01-13T02:35:42.281626,2026-01-13T02:41:03.219420,2026-01-13T02:46:22.285856,27.037539776768106
newsat-34,amelia,55045,2026-01-13T13:05:49.294403,2026-01-13T13:11:19.588984,2026-01-13T13:16:55.497636,43.33235721366471
newsat-34,amelia,55045,2026-01-14T02:10:38.494410,2026-01-14T02:16:18.145777,2026-01-14T02:21:54.054429,63.938416624974835
newsat-34,amelia,55045,2026-01-14T12:41:31.781999,2026-01-14T12:46:35.877577,2026-01-14T12:51:45.587225,19.78881176815577
newsat-34,amelia,55045,2026-01-14T14:14:53.112437,2026-01-14T14:19:52.529621,2026-01-14T14:24:57.560877,17.1054834452293
newsat-34,amelia,55045,2026-01-15T01:45:49.162052,2026-01-15T01:51:26.942062,2026-01-15T01:57:00.979357,50.751960807782226
newsat-34,amelia,55045,2026-01-15T13:49:26.091492,2026-01-15T13:54:54.514715,2026-01-15T14:00:29.487689,37.68908091577679
newsat-34,amelia,55045,2026-01-16T01:21:14.029993,2026-01-16T01:26:30.289393,2026-01-16T01:31:42.806078,21.989415749190346
newsat-34,amelia,55045,2026-01-16T02:54:47.008254,2026-01-16T02:59:40.811365,2026-01-16T03:04:32.743119,15.513517932988519
newsat-34,amelia,55045,2026-01-16T13:24:24.677867,2026-01-16T13:30:00.586520,2026-01-16T13:35:43.044924,86.3993311158142
newsat-34,amelia,55045,2026-01-17T02:29:28.250174,2026-01-17T02:34:55.737718,2026-01-17T02:40:21.353904,32.80020746973023
newsat-34,amelia,55045,2026-01-17T12:59:44.447737,2026-01-17T13:05:10.063924,2026-01-17T13:10:41.294183,35.06609822854958
newsat-34,amelia,55045,2026-01-18T02:04:24.628076,2026-01-18T02:10:05.215122,2026-01-18T02:15:42.995132,80.48135438103806
newsat-34,amelia,55045,2026-01-18T12:35:28.889251,2026-01-18T12:40:23.628041,2026-01-18T12:45:22.109545,16.455068264513212
newsat-34,amelia,55045,2026-01-18T14:08:26.738281,2026-01-18T14:13:35.512251,2026-01-18T14:18:49.900293,20.653136505905238
newsat-34,amelia,55045,2026-01-19T01:39:33.589479,2026-01-19T01:45:08.562453,2026-01-19T01:50:39.792712,40.409028923217065
newsat-34,amelia,55045,2026-01-19T13:43:01.925811,2026-01-19T13:48:34.091749,2026-01-19T13:54:12.807438,47.169186999543626
newsat-34,amelia,55045,2026-01-20T01:14:58.877100,2026-01-20T01:20:05.779713,2026-01-20T01:25:09.875290,18.130171753398383
newsat-34,amelia,55045,2026-01-20T02:48:16.292822,2026-01-20T02:53:20.388400,2026-01-20T02:58:23.548298,18.712428979905184
newsat-34,amelia,55045,2026-01-20T13:18:02.039546,2026-01-20T13:23:36.076842,2026-01-20T13:29:17.599567,68.55428964396373
newsat-34,amelia,55045,2026-01-21T02:22:57.445302,2026-01-21T02:28:30.546919,2026-01-21T02:34:00.841499,40.70724830407924
newsat-34,amelia,55045,2026-01-21T12:53:24.017891,2026-01-21T12:58:42.148649,2026-01-21T13:04:06.829156,28.466896717627893
newsat-34,amelia,55045,2026-01-21T14:27:34.437060,2026-01-21T14:32:07.655241,2026-01-21T14:36:46.487493,11.504004185754445
newsat-34,amelia,55045,2026-01-22T01:57:52.371527,2026-01-22T02:03:33.894252,2026-01-22T02:09:11.674262,80.46482525313832
newsat-34,amelia,55045,2026-01-22T12:29:11.349001,2026-01-22T12:33:52.988290,2026-01-22T12:38:38.370293,13.514618508715873
newsat-34,amelia,55045,2026-01-22T14:01:43.164148,2026-01-22T14:06:59.423548,2026-01-22T14:12:22.232698,25.237903565389036
newsat-34,amelia,55045,2026-01-23T01:33:00.816930,2026-01-23T01:38:31.111511,2026-01-23T01:43:57.663376,32.309735218100954
newsat-34,amelia,55045,2026-01-23T03:07:04.493708,2026-01-23T03:11:32.097816,2026-01-23T03:15:59.701923,10.7501419953727
newsat-34,amelia,55045,2026-01-23T13:36:20.560154,2026-01-23T13:41:54.597450,2026-01-23T13:47:36.120175,60.546204270735636
newsat-34,amelia,55045,2026-01-24T01:08:28.141029,2026-01-24T01:13:22.879819,2026-01-24T01:18:15.747251,14.783049810420957
newsat-34,amelia,55045,2026-01-24T02:41:27.868296,2026-01-24T02:46:42.256339,2026-01-24T02:51:54.773024,22.783715066401506
newsat-34,amelia,55045,2026-01-24T13:11:21.692130,2026-01-24T13:16:53.858068,2026-01-24T13:22:32.573757,53.16877866706327
newsat-34,amelia,55045,2026-01-25T02:16:08.504780,2026-01-25T02:21:46.284790,2026-01-25T02:27:20.322085,51.88079108951415
newsat-34,amelia,55045,2026-01-25T12:46:46.560072,2026-01-25T12:51:57.205400,2026-01-25T12:57:12.529121,23.140779096998134
newsat-34,amelia,55045,2026-01-25T14:20:29.073999,2026-01-25T14:25:17.263039,2026-01-25T14:30:11.066150,14.31910503133777
newsat-34,amelia,55045,2026-01-26T01:51:02.915006,2026-01-26T01:56:43.502052,2026-01-26T02:02:20.346383,62.40096115647545
newsat-34,amelia,55045,2026-01-26T12:22:38.225577,2026-01-26T12:27:03.958328,2026-01-26T12:31:34.369471,10.891451410112582
newsat-34,amelia,55045,2026-01-26T13:54:42.135482,2026-01-26T14:00:04.944633,2026-01-26T14:05:35.239213,31.405277267607286
newsat-34,amelia,55045,2026-01-27T01:26:11.525528,2026-01-27T01:31:35.270357,2026-01-27T01:36:55.272472,25.92580921794909
newsat-34,amelia,55045,2026-01-27T02:59:57.513850,2026-01-27T03:04:41.024496,2026-01-27T03:09:24.535141,13.36320963253158
newsat-34,amelia,55045,2026-01-27T13:29:22.421084,2026-01-27T13:34:57.394058,2026-01-27T13:40:39.852462,78.67797504164575
newsat-34,amelia,55045,2026-01-28T01:01:41.140663,2026-01-28T01:06:20.908594,2026-01-28T01:10:58.805167,11.83118601861945
newsat-34,amelia,55045,2026-01-28T02:34:21.308119,2026-01-28T02:39:45.052948,2026-01-28T02:45:05.990741,28.153337648577924
newsat-34,amelia,55045,2026-01-28T13:04:25.761539,2026-01-28T13:09:53.249083,2026-01-28T13:15:27.286378,41.207926893254076
newsat-34,amelia,55045,2026-01-29T02:09:02.364281,2026-01-29T02:14:42.951327,2026-01-29T02:20:20.731337,67.65263276814869
newsat-34,amelia,55045,2026-01-29T12:39:52.837954,2026-01-29T12:44:53.190817,2026-01-29T12:49:59.157751,18.759108751733475
newsat-34,amelia,55045,2026-01-29T14:13:07.446641,2026-01-29T14:18:07.799504,2026-01-29T14:23:14.702117,17.82956027801904
newsat-34,amelia,55045,2026-01-30T01:43:56.003948,2026-01-30T01:49:34.719636,2026-01-30T01:55:09.692610,47.72923250715617
newsat-34,amelia,55045,2026-01-30T13:47:25.269079,2026-01-30T13:52:52.756623,2026-01-30T13:58:28.665275,40.08454929986892
newsat-34,amelia,55045,2026-01-31T01:19:05.969830,2026-01-31T01:24:20.357873,2026-01-31T01:29:31.938879,20.787884906491815
newsat-34,amelia,55045,2026-01-31T02:52:33.334019,2026-01-31T02:57:30.879845,2026-01-31T03:02:28.425671,16.58064132912893
newsat-34,amelia,55045,2026-01-31T13:22:07.763158,2026-01-31T13:27:41.800454,2026-01-31T13:33:23.323179,80.04186296423738
newsat-34,amelia,55045,2026-02-01T02:26:58.483643,2026-02-01T02:32:28.778224,2026-02-01T02:37:57.201446,35.54776817317758
newsat-34,amelia,55045,2026-02-01T12:57:13.057529,2026-02-01T13:02:34.931001,2026-02-01T13:08:02.418545,32.21042322949123
newsat-34,amelia,55045,2026-02-02T02:01:38.088130,2026-02-02T02:07:20.546533,2026-02-02T02:12:59.262222,87.87742093452677
newsat-34,amelia,55045,2026-02-02T12:32:44.213779,2026-02-02T12:37:31.467140,2026-02-02T12:42:24.334572,15.080094419683544
newsat-34,amelia,55045,2026-02-02T14:05:29.981546,2026-02-02T14:10:40.626874,2026-02-02T14:15:57.821952,22.37055752529815
newsat-34,amelia,55045,2026-02-03T01:36:32.147469,2026-02-03T01:42:06.184765,2026-02-03T01:47:36.479345,36.682353011815785
newsat-34,amelia,55045,2026-02-03T13:39:50.948135,2026-02-03T13:45:22.178394,2026-02-03T13:51:01.829761,52.7656087932408
newsat-34,amelia,55045,2026-02-04T01:11:43.468711,2026-02-04T01:16:45.692931,2026-02-04T01:21:46.045793,16.546112691050457
newsat-34,amelia,55045,2026-02-04T02:44:51.699647,2026-02-04T02:50:02.344975,2026-02-04T02:55:11.118945,20.672569007223977
newsat-34,amelia,55045,2026-02-04T13:14:35.650695,2026-02-04T13:20:07.816633,2026-02-04T13:25:47.468000,60.26441781857029
newsat-34,amelia,55045,2026-02-05T02:19:17.268952,2026-02-05T02:24:54.113283,2026-02-05T02:30:28.150578,46.20168991565156
newsat-34,amelia,55045,2026-02-05T12:49:44.770340,2026-02-05T12:54:58.222704,2026-02-05T13:00:18.224819,25.373967860600686
newsat-34,amelia,55045,2026-02-05T14:23:38.938971,2026-02-05T14:28:19.642581,2026-02-05T14:33:05.960263,12.91335767779781
newsat-34,amelia,55045,2026-02-06T01:53:57.293119,2026-02-06T01:59:39.751522,2026-02-06T02:05:18.467211,70.09383958673362
newsat-34,amelia,55045,2026-02-06T12:25:19.751868,2026-02-06T12:29:52.034370,2026-02-06T12:34:28.995264,11.925854525867324
newsat-34,amelia,55045,2026-02-06T13:57:35.316477,2026-02-06T14:02:54.382914,2026-02-06T14:08:21.870458,28.515950767453152
newsat-34,amelia,55045,2026-02-07T01:28:51.772143,2026-02-07T01:34:19.259687,2026-02-07T01:39:43.004516,28.441500651714634
newsat-34,amelia,55045,2026-02-07T03:02:43.457098,2026-02-07T03:07:22.289350,2026-02-07T03:12:00.185923,12.328582968911185
newsat-34,amelia,55045,2026-02-07T13:32:00.108343,2026-02-07T13:37:33.209960,2026-02-07T13:43:15.668364,71.13833847702445
newsat-34,amelia,55045,2026-02-08T01:04:06.320100,2026-02-08T01:08:52.637782,2026-02-08T01:13:38.019785,12.953499865033619
newsat-34,amelia,55045,2026-02-08T02:36:53.119865,2026-02-08T02:42:14.057659,2026-02-08T02:47:33.124095,26.095333312505772
newsat-34,amelia,55045,2026-02-08T13:06:47.700498,2026-02-08T13:12:16.123721,2026-02-08T13:17:52.032373,44.966014713002146
newsat-34,amelia,55045,2026-02-09T02:11:19.789967,2026-02-09T02:17:00.377013,2026-02-09T02:22:37.221344,61.9103611323163
newsat-34,amelia,55045,2026-02-09T12:41:59.964295,2026-02-09T12:47:03.124194,2026-02-09T12:52:12.833842,20.037204940124006
newsat-34,amelia,55045,2026-02-09T14:15:22.484971,2026-02-09T14:20:19.095119,2026-02-09T14:25:21.319338,16.611101546254964
newsat-34,amelia,55045,2026-02-10T01:45:59.298134,2026-02-10T01:51:39.885180,2026-02-10T01:57:15.793832,51.831921215698685
newsat-34,amelia,55045,2026-02-10T13:49:24.813670,2026-02-10T13:54:50.429857,2026-02-10T14:00:25.402831,37.293258244119514
newsat-34,amelia,55045,2026-02-11T01:20:55.132514,2026-02-11T01:26:13.263272,2026-02-11T01:31:27.651314,22.140564445433615
newsat-34,amelia,55045,2026-02-11T02:54:26.067418,2026-02-11T02:59:21.741887,2026-02-11T03:04:15.544998,15.721191420897213
newsat-34,amelia,55045,2026-02-11T13:23:52.495127,2026-02-11T13:29:26.532423,2026-02-11T13:35:08.990827,85.35001997677385
newsat-34,amelia,55045,2026-02-12T02:28:38.021221,2026-02-12T02:34:07.380123,2026-02-12T02:39:34.867667,33.66372567148721
newsat-34,amelia,55045,2026-02-12T12:58:43.912556,2026-02-12T13:04:06.721707,2026-02-12T13:09:36.080608,33.96429833591659
newsat-34,amelia,55045,2026-02-13T02:03:04.175323,2026-02-13T02:08:47.569405,2026-02-13T02:14:26.285094,83.69920785948382
newsat-34,amelia,55045,2026-02-13T12:34:00.937306,2026-02-13T12:38:50.997703,2026-02-13T12:43:46.672171,15.738479650327527
newsat-34,amelia,55045,2026-02-13T14:06:50.702348,2026-02-13T14:11:59.476318,2026-02-13T14:17:15.735718,21.436797496464226
newsat-34,amelia,55045,2026-02-14T01:37:45.293403,2026-02-14T01:43:20.266377,2026-02-14T01:48:52.432314,38.438600878522976
newsat-34,amelia,55045,2026-02-14T13:40:57.537438,2026-02-14T13:46:28.767697,2026-02-14T13:52:08.419064,50.481911667819276
newsat-34,amelia,55045,2026-02-15T01:12:42.483144,2026-02-15T01:17:47.514400,2026-02-15T01:22:49.738619,17.152967577966766
newsat-34,amelia,55045,2026-02-15T02:45:52.413438,2026-02-15T02:51:02.123087,2026-02-15T02:56:09.961378,20.075778086731404
newsat-34,amelia,55045,2026-02-15T13:15:29.298735,2026-02-15T13:21:01.464673,2026-02-15T13:26:42.051719,62.56648012845941
newsat-34,amelia,55045,2026-02-16T02:20:04.786920,2026-02-16T02:25:41.631251,2026-02-16T02:31:14.732867,44.83736066622031
newsat-34,amelia,55045,2026-02-16T12:50:24.541436,2026-02-16T12:55:38.929479,2026-02-16T13:00:59.867272,26.004581681090297
newsat-34,amelia,55045,2026-02-16T14:24:21.517104,2026-02-16T14:29:00.349356,2026-02-16T14:33:45.731359,12.627371209997115
newsat-34,amelia,55045,2026-02-17T01:54:31.615262,2026-02-17T02:00:15.009344,2026-02-17T02:05:53.725033,71.87234457032862
newsat-34,amelia,55045,2026-02-17T12:25:46.327141,2026-02-17T12:30:20.481001,2026-02-17T12:34:58.377574,12.165972061176591
newsat-34,amelia,55045,2026-02-17T13:58:03.081988,2026-02-17T14:03:22.148425,2026-02-17T14:08:49.635969,28.07754303667712
newsat-34,amelia,55045,2026-02-18T01:29:13.834142,2026-02-18T01:34:42.257365,2026-02-18T01:40:06.002194,28.878274362211762
newsat-34,amelia,55045,2026-02-18T03:03:05.347096,2026-02-18T03:07:43.243670,2026-02-18T03:12:21.140243,12.188993744050771
newsat-34,amelia,55045,2026-02-18T13:32:14.932590,2026-02-18T13:37:48.034207,2026-02-18T13:43:30.492611,70.32581694568375
newsat-34,amelia,55045,2026-02-19T01:04:14.505155,2026-02-19T01:09:02.694195,2026-02-19T01:13:48.076198,13.064082881155576
newsat-34,amelia,55045,2026-02-19T02:37:01.559481,2026-02-19T02:42:23.432953,2026-02-19T02:47:42.499389,25.947760909495926
newsat-34,amelia,55045,2026-02-19T13:06:49.328921,2026-02-19T13:12:18.687823,2026-02-19T13:17:55.532154,45.20633838256697
newsat-34,amelia,55045,2026-02-20T02:11:15.288319,2026-02-20T02:16:56.811044,2026-02-20T02:22:33.655375,61.90923664575257
newsat-34,amelia,55045,2026-02-20T12:41:49.587136,2026-02-20T12:46:52.747035,2026-02-20T12:52:02.456683,20.032949315490402
newsat-34,amelia,55045,2026-02-20T14:15:10.745574,2026-02-20T14:20:07.355722,2026-02-20T14:25:11.451299,16.723759442085285
newsat-34,amelia,55045,2026-02-21T01:45:42.790903,2026-02-21T01:51:23.377949,2026-02-21T01:56:59.286601,51.43481648418271
newsat-34,amelia,55045,2026-02-21T13:48:59.878451,2026-02-21T13:54:26.430317,2026-02-21T14:00:02.338969,37.81066237788709
newsat-34,amelia,55045,2026-02-22T01:20:26.619701,2026-02-22T01:25:43.814780,2026-02-22T01:30:57.267143,21.850669186539665
newsat-34,amelia,55045,2026-02-22T02:53:55.002128,2026-02-22T02:58:51.612276,2026-02-22T03:03:46.351065,15.924523259294798
newsat-34,amelia,55045,2026-02-22T13:23:15.554326,2026-02-22T13:28:49.591622,2026-02-22T13:34:32.985704,83.74209531537376
newsat-34,amelia,55045,2026-02-23T02:27:54.695787,2026-02-23T02:33:24.990368,2026-02-23T02:38:52.477912,34.36953090017389
newsat-34,amelia,55045,2026-02-23T12:57:54.711611,2026-02-23T13:03:17.520762,2026-02-23T13:08:47.815342,33.219016375573545
newsat-34,amelia,55045,2026-02-24T02:02:08.844308,2026-02-24T02:07:52.238390,2026-02-24T02:13:30.954079,86.17836793331658
newsat-34,amelia,55045,2026-02-24T12:33:00.411898,2026-02-24T12:37:49.536617,2026-02-24T12:42:44.275406,15.359029574072146
newsat-34,amelia,55045,2026-02-24T14:05:46.007666,2026-02-24T14:10:56.652994,2026-02-24T14:16:14.783751,22.179666145385298
newsat-34,amelia,55045,2026-02-25T01:36:37.021126,2026-02-25T01:42:11.994100,2026-02-25T01:47:42.288680,37.00476223248215
newsat-34,amelia,55045,2026-02-25T13:39:40.837173,2026-02-25T13:45:13.003111,2026-02-25T13:50:53.590157,52.931433307364884
newsat-34,amelia,55045,2026-02-26T01:11:24.076641,2026-02-26T01:16:26.300861,2026-02-26T01:21:25.718044,16.45327257347458
newsat-34,amelia,55045,2026-02-26T02:44:29.328541,2026-02-26T02:49:40.909548,2026-02-26T02:54:49.683518,20.824248793693403
newsat-34,amelia,55045,2026-02-26T13:14:01.274006,2026-02-26T13:19:33.439944,2026-02-26T13:25:14.962669,59.373998299719524
newsat-34,amelia,55045,2026-02-27T02:18:29.696441,2026-02-27T02:24:07.476451,2026-02-27T02:29:40.578067,47.28579529535467
newsat-34,amelia,55045,2026-02-27T12:48:45.192244,2026-02-27T12:53:58.644608,2026-02-27T12:59:18.646723,24.847078168679797
newsat-34,amelia,55045,2026-02-27T14:22:34.510482,2026-02-27T14:27:18.021128,2026-02-27T14:32:08.081525,13.390723843465711
newsat-34,amelia,55045,2026-02-28T01:52:45.454881,2026-02-28T01:58:27.913284,2026-02-28T02:04:05.693294,67.30058268721253
newsat-34,amelia,55045,2026-02-28T12:23:56.589165,2026-02-28T12:28:27.935988,2026-02-28T12:33:03.025525,11.550145432223019
newsat-34,amelia,55045,2026-02-28T13:56:05.686583,2026-02-28T14:01:27.560055,2026-02-28T14:06:56.918956,29.921593918468822
newsat-34,amelia,55045,2026-03-01T01:27:15.922736,2026-03-01T01:32:41.538923,2026-03-01T01:38:02.476716,27.076501485452294
newsat-34,amelia,55045,2026-03-01T03:01:01.312500,2026-03-01T03:05:43.887467,2026-03-01T03:10:24.591076,12.906172667073333
newsat-34,amelia,55045,2026-03-01T13:30:06.212721,2026-03-01T13:35:41.185695,2026-03-01T13:41:24.579777,76.07825627199914
newsat-34,amelia,55045,2026-03-02T01:02:06.459525,2026-03-02T01:06:49.034492,2026-03-02T01:11:27.866744,12.120587754525328
newsat-34,amelia,55045,2026-03-02T02:34:46.709540,2026-03-02T02:40:10.454369,2026-03-02T02:45:30.456484,27.65203135392406
newsat-34,amelia,55045,2026-03-02T13:04:30.474829,2026-03-02T13:09:58.898052,2026-03-02T13:15:34.806704,41.801951758081586
newsat-34,amelia,55045,2026-03-03T02:08:48.687358,2026-03-03T02:14:30.210083,2026-03-03T02:20:07.054414,67.65884093389168
newsat-34,amelia,55045,2026-03-03T12:39:20.089699,2026-03-03T12:44:21.378240,2026-03-03T12:49:28.280853,18.708516441473005
newsat-34,amelia,55045,2026-03-03T14:12:31.038230,2026-03-03T14:17:33.262450,2026-03-03T14:22:42.036420,18.158686479411372
newsat-34,amelia,55045,2026-03-04T01:43:05.120036,2026-03-04T01:48:43.835724,2026-03-04T01:54:17.873019,46.60290169543687
newsat-34,amelia,55045,2026-03-04T13:46:10.717998,2026-03-04T13:51:40.076900,2026-03-04T13:57:17.856910,41.75627733489284
newsat-34,amelia,55045,2026-03-05T01:17:38.133488,2026-03-05T01:22:50.650173,2026-03-05T01:27:59.424143,19.958318326211113
newsat-34,amelia,55045,2026-03-05T02:50:59.202485,2026-03-05T02:56:00.491026,2026-03-05T03:00:58.972530,17.226098208276756
newsat-34,amelia,55045,2026-03-05T13:20:16.005090,2026-03-05T13:25:50.978064,2026-03-05T13:31:34.372146,75.43903954476501
newsat-34,amelia,55045,2026-03-06T02:24:47.145119,2026-03-06T02:30:20.246736,2026-03-06T02:35:48.669958,37.91131615727282
newsat-34,amelia,55045,2026-03-06T12:54:45.709267,2026-03-06T13:00:06.647061,2026-03-06T13:05:34.134605,30.136375348310857
newsat-34,amelia,55045,2026-03-06T14:28:59.699150,2026-03-06T14:33:30.110295,2026-03-06T14:38:06.135510,10.941563557877874
newsat-34,amelia,55045,2026-03-07T01:58:50.478297,2026-03-07T02:04:33.872379,2026-03-07T02:10:10.716710,84.18369411540453
newsat-34,amelia,55045,2026-03-07T12:29:41.956448,2026-03-07T12:34:26.402773,2026-03-07T12:39:15.527491,13.965236440988958
newsat-34,amelia,55045,2026-03-07T14:02:14.789833,2026-03-07T14:07:30.113555,2026-03-07T14:12:53.858384,24.73884865596433
newsat-34,amelia,55045,2026-03-08T01:33:09.456568,2026-03-08T01:38:40.686827,2026-03-08T01:44:06.303013,32.77637881290528
newsat-34,amelia,55045,2026-03-08T03:07:09.301191,2026-03-08T03:11:36.905299,2026-03-08T03:16:04.509406,10.643206836847895
newsat-34,amelia,55045,2026-03-08T13:36:00.166232,2026-03-08T13:41:34.203528,2026-03-08T13:47:17.597610,60.837731548087476
newsat-34,amelia,55045,2026-03-09T01:07:45.951298,2026-03-09T01:12:40.690088,2026-03-09T01:17:31.686163,14.568494833094888
newsat-34,amelia,55045,2026-03-09T02:40:41.082732,2026-03-09T02:45:57.342132,2026-03-09T02:51:09.858817,23.11025849778962
newsat-34,amelia,55045,2026-03-09T13:10:10.895400,2026-03-09T13:15:43.061338,2026-03-09T13:21:22.712705,51.556400074261596
newsat-34,amelia,55045,2026-03-10T02:14:31.570965,2026-03-10T02:20:10.286653,2026-03-10T02:25:44.323948,54.4812564526294
newsat-34,amelia,55045,2026-03-10T12:44:46.296210,2026-03-10T12:49:56.005859,2026-03-10T12:55:11.329580,22.124489750187994
newsat-34,amelia,55045,2026-03-10T14:18:19.363911,2026-03-10T14:23:11.295665,2026-03-10T14:28:10.712848,15.299793396044336
newsat-34,amelia,55045,2026-03-11T01:48:36.514059,2026-03-11T01:54:17.101105,2026-03-11T01:59:52.074079,57.32918459231078
newsat-34,amelia,55045,2026-03-11T12:19:51.728178,2026-03-11T12:24:13.718214,2026-03-11T12:28:39.450963,10.124396202727464
newsat-34,amelia,55045,2026-03-11T13:51:42.958261,2026-03-11T13:57:08.574448,2026-03-11T14:02:43.547422,34.560080332094145
newsat-34,amelia,55045,2026-03-12T01:22:57.356808,2026-03-12T01:28:16.423245,2026-03-12T01:33:31.746966,23.4876048335739
newsat-34,amelia,55045,2026-03-12T02:56:31.435868,2026-03-12T03:01:21.496265,2026-03-12T03:06:09.685304,14.615879303611056
newsat-34,amelia,55045,2026-03-12T13:25:34.712411,2026-03-12T13:31:10.621064,2026-03-12T13:36:54.950825,88.78864097640533
newsat-34,amelia,55045,2026-03-13T00:57:40.820968,2026-03-13T01:02:10.296434,2026-03-13T01:06:36.964862,10.2707865429317
newsat-34,amelia,55045,2026-03-13T02:30:06.953244,2026-03-13T02:35:34.440788,2026-03-13T02:40:57.249938,31.764213168627627
newsat-34,amelia,55045,2026-03-13T12:59:51.138210,2026-03-13T13:05:16.754397,2026-03-13T13:10:49.856013,35.72582064956167
newsat-34,amelia,55045,2026-03-14T02:03:59.051394,2026-03-14T02:09:40.574119,2026-03-14T02:15:16.482771,80.67202685681912
newsat-34,amelia,55045,2026-03-14T12:34:33.852449,2026-03-14T12:39:27.655560,2026-03-14T12:44:26.137064,16.270798441137952
newsat-34,amelia,55045,2026-03-14T14:07:25.062288,2026-03-14T14:12:34.771937,2026-03-14T14:17:51.967015,21.189416635776425
newsat-34,amelia,55045,2026-03-15T01:38:05.858960,2026-03-15T01:43:39.896256,2026-03-15T01:49:09.255157,38.74708239608959
newsat-34,amelia,55045,2026-03-15T13:40:57.160304,2026-03-15T13:46:29.326242,2026-03-15T13:52:10.848967,50.48004914670778
newsat-34,amelia,55045,2026-03-16T01:12:29.928426,2026-03-16T01:17:33.088325,2026-03-16T01:22:31.569829,16.86566951381154
newsat-34,amelia,55045,2026-03-16T02:45:37.815362,2026-03-16T02:50:45.653654,2026-03-16T02:55:50.684910,19.939507636919743
newsat-34,amelia,55045,2026-03-16T13:14:54.611087,2026-03-16T13:20:28.648383,2026-03-16T13:26:11.106787,61.763126499816046
newsat-34,amelia,55045,2026-03-17T02:19:15.878333,2026-03-17T02:24:51.786986,2026-03-17T02:30:22.081566,45.686421641802184
newsat-34,amelia,55045,2026-03-17T12:49:17.414635,2026-03-17T12:54:32.738357,2026-03-17T12:59:54.611829,25.451509756075215
newsat-34,amelia,55045,2026-03-17T14:23:07.241993,2026-03-17T14:27:50.752639,2026-03-17T14:32:40.813036,13.225273533290526
newsat-34,amelia,55045,2026-03-18T01:53:09.586402,2026-03-18T01:58:51.109127,2026-03-18T02:04:26.082101,68.23654908983113
newsat-34,amelia,55045,2026-03-18T12:24:08.632543,2026-03-18T12:28:40.915045,2026-03-18T12:33:17.875939,11.731752128391173
newsat-34,amelia,55045,2026-03-18T13:56:17.048842,2026-03-18T14:01:39.857993,2026-03-18T14:07:10.152573,29.804975241961728
newsat-34,amelia,55045,2026-03-19T01:27:18.939567,2026-03-19T01:32:43.620075,2026-03-19T01:38:02.686511,26.887139737281505
newsat-34,amelia,55045,2026-03-19T03:01:04.157330,2026-03-19T03:05:43.925261,2026-03-19T03:10:22.757513,12.706542772665893
newsat-34,amelia,55045,2026-03-19T13:29:56.460288,2026-03-19T13:35:32.368941,2026-03-19T13:41:16.698702,76.40206053256682
newsat-34,amelia,55045,2026-03-20T01:01:49.551902,2026-03-20T01:06:29.319833,2026-03-20T01:11:05.345048,11.829731976566215
newsat-34,amelia,55045,2026-03-20T02:34:27.249440,2026-03-20T02:39:50.058591,2026-03-20T02:45:08.189348,27.641685382863237
newsat-34,amelia,55045,2026-03-20T13:04:00.543381,2026-03-20T13:09:28.966604,2026-03-20T13:15:05.810935,41.2704859425637
newsat-34,amelia,55045,2026-03-21T02:08:09.048245,2026-03-21T02:13:48.699612,2026-03-21T02:19:23.672586,69.14992378971233
newsat-34,amelia,55045,2026-03-21T12:38:29.724681,2026-03-21T12:43:31.013222,2026-03-21T12:48:36.980156,18.350520296344772
newsat-34,amelia,55045,2026-03-21T14:11:36.077378,2026-03-21T14:16:40.172956,2026-03-21T14:21:51.753962,18.70948257262781
newsat-34,amelia,55045,2026-03-22T01:42:04.620791,2026-03-22T01:47:40.529444,2026-03-22T01:53:11.759703,44.6047964839517
newsat-34,amelia,55045,2026-03-22T13:44:55.323575,2026-03-22T13:50:26.553834,2026-03-22T13:56:05.269523,43.667958234527305
newsat-34,amelia,55045,2026-03-23T01:16:17.455234,2026-03-23T01:21:26.229204,2026-03-23T01:26:30.324781,18.90882592218988
newsat-34,amelia,55045,2026-03-23T02:49:34.100397,2026-03-23T02:54:35.388938,2026-03-23T02:59:33.870442,17.714318353634013
newsat-34,amelia,55045,2026-03-23T13:18:41.367336,2026-03-23T13:24:16.340310,2026-03-23T13:29:59.734392,71.30396223791973
newsat-34,amelia,55045,2026-03-24T02:23:01.864022,2026-03-24T02:28:34.029960,2026-03-24T02:34:01.517504,39.921693386093665
newsat-34,amelia,55045,2026-03-24T12:52:51.573622,2026-03-24T12:58:11.575737,2026-03-24T13:03:37.191923,28.471129676594142
newsat-34,amelia,55045,2026-03-24T14:26:56.543838,2026-03-24T14:31:31.633376,2026-03-24T14:36:13.272664,11.72463568354271
newsat-34,amelia,55045,2026-03-25T01:56:45.272746,2026-03-25T02:02:25.859792,2026-03-25T02:08:00.832766,78.01879949466556
newsat-34,amelia,55045,2026-03-25T12:27:30.194266,2026-03-25T12:32:10.897876,2026-03-25T12:36:55.344200,13.078871877725085
newsat-34,amelia,55045,2026-03-25T13:59:52.136625,2026-03-25T14:05:11.203062,2026-03-25T14:10:37.754927,26.62134536723941
newsat-34,amelia,55045,2026-03-26T01:30:43.645445,2026-03-26T01:36:10.197311,2026-03-26T01:41:32.070783,29.934805661314694
newsat-34,amelia,55045,2026-03-26T03:04:37.366876,2026-03-26T03:09:07.778021,2026-03-26T03:13:38.189164,11.336987943238727
newsat-34,amelia,55045,2026-03-26T13:33:18.950811,2026-03-26T13:38:54.859464,2026-03-26T13:44:38.253546,67.28485465321533
newsat-34,amelia,55045,2026-03-27T01:05:02.768198,2026-03-27T01:09:49.085880,2026-03-27T01:14:31.660847,13.118271942956424
newsat-34,amelia,55045,2026-03-27T02:37:49.223964,2026-03-27T02:43:06.419043,2026-03-27T02:48:19.871406,24.885256882601087
newsat-34,amelia,55045,2026-03-27T13:07:12.053441,2026-03-27T13:12:43.283700,2026-03-27T13:18:21.063710,46.27437703699704
newsat-34,amelia,55045,2026-03-28T02:11:19.787746,2026-03-28T02:16:57.567756,2026-03-28T02:22:30.669372,61.20357357401651
newsat-34,amelia,55045,2026-03-28T12:41:30.763396,2026-03-28T12:46:35.794652,2026-03-28T12:51:46.439979,20.069572013534643
newsat-34,amelia,55045,2026-03-28T14:14:48.516238,2026-03-28T14:19:46.997743,2026-03-28T14:24:52.028999,16.994717933040548
newsat-34,amelia,55045,2026-03-29T01:45:05.060948,2026-03-29T01:50:41.905279,2026-03-29T01:56:13.135538,49.79422642636159
newsat-34,amelia,55045,2026-03-29T13:47:54.484054,2026-03-29T13:53:23.842956,2026-03-29T13:59:00.687287,39.269544897773564
newsat-34,amelia,55045,2026-03-30T01:19:07.850602,2026-03-30T01:24:19.431609,2026-03-30T01:29:27.269900,20.5773946471824
newsat-34,amelia,55045,2026-03-30T02:52:31.128077,2026-03-30T02:57:25.866867,2026-03-30T03:02:18.734299,16.200408371921956
newsat-34,amelia,55045,2026-03-30T13:21:29.547346,2026-03-30T13:27:05.455999,2026-03-30T13:32:48.850081,79.06426434410368
newsat-34,amelia,55045,2026-03-31T02:25:47.656676,2026-03-31T02:31:17.015578,2026-03-31T02:36:41.696085,36.25376167312042
newsat-34,amelia,55045,2026-03-31T12:55:29.282287,2026-03-31T13:00:51.155759,2026-03-31T13:06:19.578981,30.921157449031544
newsat-34,amelia,55045,2026-03-31T14:29:44.716968,2026-03-31T14:34:13.256755,2026-03-31T14:38:47.410613,10.677372682451043
newsat-34,amelia,55045,2026-04-01T01:59:21.020614,2026-04-01T02:05:00.671981,2026-04-01T02:10:35.644955,85.46852976381868
newsat-34,amelia,55045,2026-04-01T12:29:57.177027,2026-04-01T12:34:41.623352,2026-04-01T12:39:30.748070,14.085875108054989
newsat-34,amelia,55045,2026-04-01T14:02:27.712496,2026-04-01T14:07:43.971896,2026-04-01T14:13:06.781046,24.54501268839493
newsat-34,amelia,55045,2026-04-02T01:33:09.775089,2026-04-02T01:38:38.198312,2026-04-02T01:44:01.007462,32.373970173114444
newsat-34,amelia,55045,2026-04-02T03:07:09.193153,2026-04-02T03:11:33.054546,2026-04-02T03:15:56.915938,10.414571688986674
newsat-34,amelia,55045,2026-04-02T13:35:43.800776,2026-04-02T13:41:18.773750,2026-04-02T13:47:01.232154,61.36047078106946
newsat-34,amelia,55045,2026-04-03T01:07:19.107614,2026-04-03T01:12:08.232333,2026-04-03T01:16:55.485693,14.072928535820667
newsat-34,amelia,55045,2026-04-03T02:40:10.069775,2026-04-03T02:45:23.522139,2026-04-03T02:50:34.167466,23.13641132672331
newsat-34,amelia,55045,2026-04-03T13:09:26.177502,2026-04-03T13:14:58.343440,2026-04-03T13:20:37.059129,50.16797486007595
newsat-34,amelia,55045,2026-04-04T02:13:31.269887,2026-04-04T02:19:07.178540,2026-04-04T02:24:39.344477,56.261466984091136
newsat-34,amelia,55045,2026-04-04T12:43:34.161549,2026-04-04T12:48:41.999841,2026-04-04T12:53:54.516526,21.29488462196783
newsat-34,amelia,55045,2026-04-04T14:16:59.145261,2026-04-04T14:21:53.884051,2026-04-04T14:26:55.172592,15.876398512466315
newsat-34,amelia,55045,2026-04-05T01:47:07.179423,2026-04-05T01:52:44.023754,2026-04-05T01:58:15.254013,53.70865916565803
newsat-34,amelia,55045,2026-04-05T13:49:55.068291,2026-04-05T13:55:22.555835,2026-04-05T14:00:57.528809,36.60820881398314
newsat-34,amelia,55045,2026-04-06T01:20:59.924291,2026-04-06T01:26:13.376655,2026-04-06T01:31:23.086303,21.751301926456204
newsat-34,amelia,55045,2026-04-06T02:54:26.772480,2026-04-06T02:59:17.768556,2026-04-06T03:04:06.893274,15.267759321398264
newsat-34,amelia,55045,2026-04-06T13:23:19.405678,2026-04-06T13:28:55.314331,2026-04-06T13:34:37.772735,84.30352892821134
newsat-34,amelia,55045,2026-04-07T02:27:34.191973,2026-04-07T02:33:00.743839,2026-04-07T02:38:23.552989,34.13742531451758
newsat-34,amelia,55045,2026-04-07T12:57:09.350393,2026-04-07T13:02:32.159544,2026-04-07T13:08:01.518445,32.54994283343062
newsat-34,amelia,55045,2026-04-07T14:31:31.080266,2026-04-07T14:35:54.941659,2026-04-07T14:40:23.481444,10.016904279601787
newsat-34,amelia,55045,2026-04-08T02:00:58.192245,2026-04-08T02:06:36.907933,2026-04-08T02:12:10.945228,89.13033544870441
newsat-34,amelia,55045,2026-04-08T12:31:26.519229,2026-04-08T12:36:13.772590,2026-04-08T12:41:05.704344,14.688100268217552
newsat-34,amelia,55045,2026-04-08T14:04:03.349889,2026-04-08T14:09:16.802253,2026-04-08T14:14:36.804368,23.3254138730563
newsat-34,amelia,55045,2026-04-09T01:34:36.901933,2026-04-09T01:40:06.260835,2026-04-09T01:45:30.005664,33.94531222376087
newsat-34,amelia,55045,2026-04-09T13:37:08.712264,2026-04-09T13:42:42.749560,2026-04-09T13:48:24.272285,58.07409033122685
newsat-34,amelia,55045,2026-04-10T01:08:36.189676,2026-04-10T01:13:28.121430,2026-04-10T01:18:17.246148,14.639680869247298
newsat-34,amelia,55045,2026-04-10T02:41:31.403670,2026-04-10T02:46:42.048998,2026-04-10T02:51:50.822968,22.203222399061083
newsat-34,amelia,55045,2026-04-10T13:10:41.298766,2026-04-10T13:16:13.464704,2026-04-10T13:21:52.180393,52.452985723062305
newsat-34,amelia,55045,2026-04-11T02:14:42.558997,2026-04-11T02:20:17.531971,2026-04-11T02:25:48.762230,53.77717635606969
newsat-34,amelia,55045,2026-04-11T12:44:40.173707,2026-04-11T12:49:48.947677,2026-04-11T12:55:02.400040,21.919720053259386
newsat-34,amelia,55045,2026-04-11T14:18:09.581252,2026-04-11T14:23:01.513006,2026-04-11T14:27:59.058832,15.268287844653818
newsat-34,amelia,55045,2026-04-12T01:48:09.359425,2026-04-12T01:53:46.203756,2026-04-12T01:59:18.369693,55.83427621946099
newsat-34,amelia,55045,2026-04-12T13:50:54.778376,2026-04-12T13:56:21.330242,2026-04-12T14:01:54.431858,35.31204096417809
newsat-34,amelia,55045,2026-04-13T01:21:52.995185,2026-04-13T01:27:07.383228,2026-04-13T01:32:18.028555,22.32971086707115
newsat-34,amelia,55045,2026-04-13T02:55:22.223851,2026-04-13T03:00:10.412891,2026-04-13T03:04:57.666251,14.845887127049759
newsat-34,amelia,55045,2026-04-13T13:24:10.261216,2026-04-13T13:29:45.234190,2026-04-13T13:35:27.692594,86.64255878788312
newsat-34,amelia,55045,2026-04-14T02:28:19.598557,2026-04-14T02:33:45.214744,2026-04-14T02:39:08.023894,33.28770994933948
newsat-34,amelia,55045,2026-04-14T12:57:51.096822,2026-04-14T13:03:13.905973,2026-04-14T13:08:42.329195,33.16653162119107
newsat-34,amelia,55045,2026-04-15T02:01:34.489721,2026-04-15T02:07:13.205409,2026-04-15T02:12:47.242704,87.7101040878964
newsat-34,amelia,55045,2026-04-15T12:32:00.092229,2026-04-15T12:36:47.345590,2026-04-15T12:41:38.341665,14.846786633792144
newsat-34,amelia,55045,2026-04-15T14:04:37.177449,2026-04-15T14:09:49.694134,2026-04-15T14:15:07.824891,22.845368296763425
newsat-34,amelia,55045,2026-04-16T01:35:05.025980,2026-04-16T01:40:34.384882,2026-04-16T01:45:59.065389,34.459285403952265
newsat-34,amelia,55045,2026-04-16T13:37:34.366393,2026-04-16T13:43:07.468010,2026-04-16T13:48:47.119377,57.10185436720299
newsat-34,amelia,55045,2026-04-17T01:08:56.140293,2026-04-17T01:13:48.072047,2026-04-17T01:18:38.132444,14.78047141674385
newsat-34,amelia,55045,2026-04-17T02:41:50.673168,2026-04-17T02:47:01.318496,2026-04-17T02:52:09.156787,21.991899746292482
newsat-34,amelia,55045,2026-04-17T13:10:58.098347,2026-04-17T13:16:29.328606,2026-04-17T13:22:07.108616,52.8265888327022
newsat-34,amelia,55045,2026-04-18T02:14:52.973946,2026-04-18T02:20:27.946920,2026-04-18T02:25:59.177179,53.438401349968984
newsat-34,amelia,55045,2026-04-18T12:44:48.118739,2026-04-18T12:49:55.957031,2026-04-18T12:55:08.473716,21.888115069442666
newsat-34,amelia,55045,2026-04-18T14:18:17.526284,2026-04-18T14:23:08.522360,2026-04-18T14:28:05.132507,15.135709516094735
newsat-34,amelia,55045,2026-04-19T01:48:11.600945,2026-04-19T01:53:48.445276,2026-04-19T01:59:20.611213,55.883721852602875
newsat-34,amelia,55045,2026-04-19T13:50:54.804539,2026-04-19T13:56:19.485047,2026-04-19T14:01:51.650984,35.23414231196118
newsat-34,amelia,55045,2026-04-20T01:21:47.063275,2026-04-20T01:27:01.451318,2026-04-20T01:32:12.096645,22.255932461820375
newsat-34,amelia,55045,2026-04-20T02:55:15.356262,2026-04-20T03:00:04.480981,2026-04-20T03:04:51.734341,14.905672976381627
newsat-34,amelia,55045,2026-04-20T13:24:01.178270,2026-04-20T13:29:35.215566,2026-04-20T13:35:16.738291,86.06673705002528
newsat-34,amelia,55045,2026-04-21T02:28:04.812100,2026-04-21T02:33:30.428287,2026-04-21T02:38:53.237437,33.59701813708318
newsat-34,amelia,55045,2026-04-21T12:57:33.840449,2026-04-21T13:02:55.713921,2026-04-21T13:08:23.201465,32.69384460120723
newsat-34,amelia,55045,2026-04-22T02:01:11.784394,2026-04-22T02:06:49.564404,2026-04-22T02:12:24.537378,88.61115478293688
newsat-34,amelia,55045,2026-04-22T12:31:34.916986,2026-04-22T12:36:20.298990,2026-04-22T12:41:09.423708,14.555703673141725
newsat-34,amelia,55045,2026-04-22T14:04:10.130849,2026-04-22T14:09:22.647534,2026-04-22T14:14:40.778291,23.078040439822836
newsat-34,amelia,55045,2026-04-23T01:34:34.147226,2026-04-23T01:40:02.570449,2026-04-23T01:45:27.250956,33.844870527594246
newsat-34,amelia,55045,2026-04-23T13:36:59.400926,2026-04-23T13:42:31.566864,2026-04-23T13:48:11.218231,58.357544965937144
newsat-34,amelia,55045,2026-04-24T01:08:17.088111,2026-04-24T01:13:08.084187,2026-04-24T01:17:56.273226,14.481765111277568
newsat-34,amelia,55045,2026-04-24T02:41:09.068509,2026-04-24T02:46:20.649516,2026-04-24T02:51:30.359164,22.480906047251395
newsat-34,amelia,55045,2026-04-24T13:10:15.895129,2026-04-24T13:15:45.254031,2026-04-24T13:21:22.098362,51.22205407517279
newsat-34,amelia,55045,2026-04-25T02:14:04.131539,2026-04-25T02:19:39.104513,2026-04-25T02:25:11.270450,55.214836302516446
newsat-34,amelia,55045,2026-04-25T12:43:57.742094,2026-04-25T12:49:03.709029,2026-04-25T12:54:14.354356,21.210952080611044
newsat-34,amelia,55045,2026-04-25T14:17:22.980366,2026-04-25T14:22:14.912120,2026-04-25T14:27:12.457946,15.486500755564759
newsat-34,amelia,55045,2026-04-26T01:47:14.839669,2026-04-26T01:52:50.748322,2026-04-26T01:58:22.914259,53.84183742203897
newsat-34,amelia,55045,2026-04-26T13:49:53.020870,2026-04-26T13:55:17.701378,2026-04-26T14:00:49.867315,36.40655142828467
newsat-34,amelia,55045,2026-04-27T01:20:42.383131,2026-04-27T01:25:54.899816,2026-04-27T01:31:05.545143,21.529727692624242
newsat-34,amelia,55045,2026-04-27T02:54:06.933403,2026-04-27T02:58:57.929479,2026-04-27T03:03:48.925554,15.448627055466625
newsat-34,amelia,55045,2026-04-27T13:22:52.156852,2026-04-27T13:28:25.258469,2026-04-27T13:34:05.845515,82.59092686684038
newsat-34,amelia,55045,2026-04-28T02:26:49.151491,2026-04-28T02:32:15.703357,2026-04-28T02:37:40.383864,35.101207421159465
newsat-34,amelia,55045,2026-04-28T12:56:17.581281,2026-04-28T13:01:37.583396,2026-04-28T13:07:03.199582,31.194831380804015
newsat-34,amelia,55045,2026-04-28T14:30:34.715320,2026-04-28T14:34:57.641035,2026-04-28T14:39:25.245142,10.170246763152656
newsat-34,amelia,55045,2026-04-29T01:59:47.950358,2026-04-29T02:05:26.666046,2026-04-29T02:11:01.639020,86.6060387332714
newsat-34,amelia,55045,2026-04-29T12:30:12.355747,2026-04-29T12:34:53.995036,2026-04-29T12:39:39.377039,13.845535430966164
newsat-34,amelia,55045,2026-04-29T14:02:41.783537,2026-04-29T14:07:54.300222,2026-04-29T14:13:13.366658,24.073732639847666
newsat-34,amelia,55045,2026-04-30T01:33:02.648881,2026-04-30T01:38:30.136425,2026-04-30T01:43:53.881254,32.16873124784697
newsat-34,amelia,55045,2026-04-30T03:06:59.769028,2026-04-30T03:11:23.630421,2026-04-30T03:15:47.491813,10.488028630620926
newsat-34,amelia,55045,2026-04-30T13:35:23.561306,2026-04-30T13:40:55.727244,2026-04-30T13:46:34.442933,62.073123512579045
newsat-34,amelia,55045,2026-05-01T01:06:38.606573,2026-05-01T01:11:26.795613,2026-05-01T01:16:13.113295,13.756450558522454
newsat-34,amelia,55045,2026-05-01T02:39:26.589698,2026-05-01T02:44:40.042062,2026-05-01T02:49:52.558747,23.715692314702753
newsat-34,amelia,55045,2026-05-01T13:08:32.817758,2026-05-01T13:14:01.240981,2026-05-01T13:19:36.213955,47.84700901648906
newsat-34,amelia,55045,2026-05-02T02:12:13.479298,2026-05-02T02:17:50.323629,2026-05-02T02:23:23.425245,59.328330364036056
newsat-34,amelia,55045,2026-05-02T12:42:09.298329,2026-05-02T12:47:11.522549,2026-05-02T12:52:18.425162,19.959665627758014
newsat-34,amelia,55045,2026-05-02T14:15:26.879172,2026-05-02T14:20:20.682283,2026-05-02T14:25:21.035145,16.368607174178887
newsat-34,amelia,55045,2026-05-03T01:45:17.458797,2026-05-03T01:50:52.431771,2026-05-03T01:56:24.597708,49.96165222382663
newsat-34,amelia,55045,2026-05-03T13:47:49.681927,2026-05-03T13:53:15.298114,2026-05-03T13:58:48.399730,39.0351784413095
newsat-34,amelia,55045,2026-05-04T01:18:38.700191,2026-05-04T01:23:48.409840,2026-05-04T01:28:56.248131,20.210504621379652
newsat-34,amelia,55045,2026-05-04T02:51:57.127272,2026-05-04T02:56:52.801741,2026-05-04T03:01:47.540530,16.513489056183207
newsat-34,amelia,55045,2026-05-04T13:20:42.515840,2026-05-04T13:26:14.681778,2026-05-04T13:31:54.333145,76.1769316520202
newsat-34,amelia,55045,2026-05-05T02:24:31.681050,2026-05-05T02:30:01.039952,2026-05-05T02:35:28.527496,37.999413467875904
newsat-34,amelia,55045,2026-05-05T12:54:02.573874,2026-05-05T12:59:18.833274,2026-05-05T13:04:41.642424,28.85281294185423
newsat-34,amelia,55045,2026-05-05T14:28:08.307769,2026-05-05T14:32:36.847556,2026-05-05T14:37:10.065735,10.990207416990366
newsat-34,amelia,55045,2026-05-06T01:57:23.496725,2026-05-06T02:03:03.148092,2026-05-06T02:08:39.056744,79.51635572506683
newsat-34,amelia,55045,2026-05-06T12:27:51.727388,2026-05-06T12:32:27.752605,2026-05-06T12:37:07.520535,12.772819802385035
newsat-34,amelia,55045,2026-05-06T14:00:10.945272,2026-05-06T14:05:25.333315,2026-05-06T14:10:47.206787,25.975274767997934
newsat-34,amelia,55045,2026-05-07T01:30:32.147733,2026-05-07T01:35:57.763920,2026-05-07T01:41:19.637392,29.620823972418037
newsat-34,amelia,55045,2026-05-07T03:04:21.273331,2026-05-07T03:08:52.620154,2026-05-07T03:13:23.031297,11.448577086554128
newsat-34,amelia,55045,2026-05-07T13:32:47.356647,2026-05-07T13:38:18.586906,2026-05-07T13:43:57.302595,68.72223181400012
newsat-34,amelia,55045,2026-05-08T01:04:02.993593,2026-05-08T01:08:45.568560,2026-05-08T01:13:26.272169,12.644077427790535
newsat-34,amelia,55045,2026-05-08T02:36:42.046489,2026-05-08T02:42:00.177247,2026-05-08T02:47:16.436647,25.82590812636099
newsat-34,amelia,55045,2026-05-08T13:05:50.992146,2026-05-08T13:11:16.608333,2026-05-08T13:16:48.774270,43.142809285956474
newsat-34,amelia,55045,2026-05-09T02:09:23.143139,2026-05-09T02:15:00.923149,2026-05-09T02:20:35.896123,66.27562162978928
newsat-34,amelia,55045,2026-05-09T12:39:21.851767,2026-05-09T12:44:19.397593,2026-05-09T12:49:20.686134,18.25035065441088
newsat-34,amelia,55045,2026-05-09T14:12:27.605906,2026-05-09T14:17:25.151732,2026-05-09T14:22:30.182988,17.8787112497411
newsat-34,amelia,55045,2026-05-10T01:42:19.203769,2026-05-10T01:47:54.176743,2026-05-10T01:53:25.407002,44.74190010073928
newsat-34,amelia,55045,2026-05-10T13:44:45.723388,2026-05-10T13:50:12.275254,2026-05-10T13:55:46.312549,43.5673248248271
newsat-34,amelia,55045,2026-05-11T01:15:35.333331,2026-05-11T01:20:41.300266,2026-05-11T01:25:44.460164,18.399067290871947
newsat-34,amelia,55045,2026-05-11T02:48:45.765864,2026-05-11T02:53:47.054405,2026-05-11T02:58:47.407267,18.182051587895035
newsat-34,amelia,55045,2026-05-11T13:17:32.936350,2026-05-11T13:23:04.166609,2026-05-11T13:28:41.946619,67.3687135442526
newsat-34,amelia,55045,2026-05-12T02:21:14.272130,2026-05-12T02:26:46.438068,2026-05-12T02:32:15.796969,42.71771809754801
newsat-34,amelia,55045,2026-05-12T12:50:47.627993,2026-05-12T12:56:00.144678,2026-05-12T13:01:18.275435,25.92650664764404
newsat-34,amelia,55045,2026-05-12T14:24:39.409267,2026-05-12T14:29:15.434484,2026-05-12T14:33:56.138093,12.287294214233171
newsat-34,amelia,55045,2026-05-13T01:53:59.359174,2026-05-13T01:59:39.010541,2026-05-13T02:05:14.919193,69.94989499370857
newsat-34,amelia,55045,2026-05-13T12:24:33.967589,2026-05-13T12:29:01.571697,2026-05-13T12:33:32.918519,11.409136152788896
newsat-34,amelia,55045,2026-05-13T13:56:38.551733,2026-05-13T14:01:55.746812,2026-05-13T14:07:21.362998,29.057252542202995
newsat-34,amelia,55045,2026-05-14T01:27:02.217231,2026-05-14T01:32:24.090703,2026-05-14T01:37:43.157139,26.455177909138737
newsat-34,amelia,55045,2026-05-14T03:00:41.222363,2026-05-14T03:05:20.990294,2026-05-14T03:10:00.758224,12.861311285040067
newsat-34,amelia,55045,2026-05-14T13:29:09.596715,2026-05-14T13:34:40.826974,2026-05-14T13:40:20.478341,78.92713643306713
newsat-34,amelia,55045,2026-05-15T01:00:27.951257,2026-05-15T01:05:03.040795,2026-05-15T01:09:35.323295,11.200642181844902
newsat-34,amelia,55045,2026-05-15T02:32:56.883688,2026-05-15T02:38:19.692839,2026-05-15T02:43:40.630632,29.0648104403789
newsat-34,amelia,55045,2026-05-15T13:02:08.546939,2026-05-15T13:07:31.356090,2026-05-15T13:13:00.714991,37.69551892170972
newsat-34,amelia,55045,2026-05-16T02:05:31.251706,2026-05-16T02:11:10.903073,2026-05-16T02:16:46.811725,76.7264892361202
newsat-34,amelia,55045,2026-05-16T12:35:35.911523,2026-05-16T12:40:25.971920,2026-05-16T12:45:21.646388,16.214669292612236
newsat-34,amelia,55045,2026-05-16T14:08:24.906005,2026-05-16T14:13:29.001583,2026-05-16T14:18:39.646910,20.188861589220004
newsat-34,amelia,55045,2026-05-17T01:38:22.200502,2026-05-17T01:43:55.302119,2026-05-17T01:49:24.661020,38.785318651355105
newsat-34,amelia,55045,2026-05-17T13:40:39.528453,2026-05-17T13:46:07.951676,2026-05-17T13:51:44.796007,50.80201263929085
newsat-34,amelia,55045,2026-05-18T01:11:32.791671,2026-05-18T01:16:32.208855,2026-05-18T01:21:28.819002,16.218087794808966
newsat-34,amelia,55045,2026-05-18T02:44:31.913500,2026-05-18T02:49:40.687470,2026-05-18T02:54:47.590083,20.610776628820357
newsat-34,amelia,55045,2026-05-18T13:13:22.991821,2026-05-18T13:18:52.350723,2026-05-18T13:24:29.195054,57.1501588109679
newsat-34,amelia,55045,2026-05-19T02:16:55.307934,2026-05-19T02:22:31.216587,2026-05-19T02:28:03.382524,50.03469143606194
newsat-34,amelia,55045,2026-05-19T12:46:33.933869,2026-05-19T12:51:40.836482,2026-05-19T12:56:54.288845,22.67785252652961
newsat-34,amelia,55045,2026-05-19T14:20:07.593248,2026-05-19T14:24:52.039573,2026-05-19T14:29:43.035648,14.175293732583715
newsat-34,amelia,55045,2026-05-20T01:49:35.537706,2026-05-20T01:55:14.253394,2026-05-20T02:00:49.226368,58.9559274313886
newsat-34,amelia,55045,2026-05-20T13:52:03.921798,2026-05-20T13:57:24.859592,2026-05-20T14:02:54.218493,33.81797512935038
newsat-34,amelia,55045,2026-05-21T01:22:32.602809,2026-05-21T01:27:49.797888,2026-05-21T01:33:03.250251,22.938716745589037
newsat-34,amelia,55045,2026-05-21T02:55:59.361558,2026-05-21T03:00:49.421955,2026-05-21T03:05:38.546673,14.82914542256291
newsat-34,amelia,55045,2026-05-21T13:24:31.217186,2026-05-21T13:30:02.447445,2026-05-21T13:35:42.098812,86.8602016779894
newsat-34,amelia,55045,2026-05-22T02:28:11.101290,2026-05-22T02:33:38.588834,2026-05-22T02:39:03.269341,33.912763719926474
newsat-34,amelia,55045,2026-05-22T12:57:26.417817,2026-05-22T13:02:45.484254,2026-05-22T13:08:11.100440,32.06679036362189
newsat-34,amelia,55045,2026-05-23T02:00:39.676359,2026-05-23T02:06:20.263405,2026-05-23T02:11:57.107736,88.66021780505076
newsat-34,amelia,55045,2026-05-23T12:30:51.649605,2026-05-23T12:35:33.288894,2026-05-23T12:40:18.670897,13.977636941540359
newsat-34,amelia,55045,2026-05-23T14:03:20.905395,2026-05-23T14:08:31.550723,2026-05-23T14:13:49.681480,23.597928770959072
newsat-34,amelia,55045,2026-05-24T01:33:25.767879,2026-05-24T01:38:55.126781,2026-05-24T01:44:20.742967,32.66590571658227
newsat-34,amelia,55045,2026-05-24T03:07:20.163549,2026-05-24T03:11:45.896300,2026-05-24T03:16:11.629049,10.540256655295636
newsat-34,amelia,55045,2026-05-24T13:35:32.713923,2026-05-24T13:41:03.008504,2026-05-24T13:46:41.724193,62.02213572814969
newsat-34,amelia,55045,2026-05-25T01:06:32.437453,2026-05-25T01:11:22.497850,2026-05-25T01:16:09.751210,13.792093533459935
newsat-34,amelia,55045,2026-05-25T02:39:17.441541,2026-05-25T02:44:33.700941,2026-05-25T02:49:48.088983,24.086389882392442
newsat-34,amelia,55045,2026-05-25T13:08:12.682257,2026-05-25T13:13:39.234123,2026-05-25T13:19:14.207097,46.84792259779677
newsat-34,amelia,55045,2026-05-26T02:11:35.978703,2026-05-26T02:17:14.694391,2026-05-26T02:22:48.731686,61.234621908511954
newsat-34,amelia,55045,2026-05-26T12:41:21.491509,2026-05-26T12:46:20.908693,2026-05-26T12:51:26.875627,19.324516343145127
newsat-34,amelia,55045,2026-05-26T14:14:32.605161,2026-05-26T14:19:27.343951,2026-05-26T14:24:29.568170,16.845347944904248
newsat-34,amelia,55045,2026-05-27T01:44:10.670085,2026-05-27T01:49:47.514416,2026-05-27T01:55:20.616032,47.87822753285211
newsat-34,amelia,55045,2026-05-27T13:46:27.736597,2026-05-27T13:51:53.352784,2026-05-27T13:57:27.390079,41.17662223027397
newsat-34,amelia,55045,2026-05-28T01:17:03.813599,2026-05-28T01:22:13.523248,2026-05-28T01:27:19.490182,19.294519252905964
newsat-34,amelia,55045,2026-05-28T02:50:16.200048,2026-05-28T02:55:16.552911,2026-05-28T03:00:15.970094,17.533907217015138
newsat-34,amelia,55045,2026-05-28T13:18:53.153749,2026-05-28T13:24:23.448330,2026-05-28T13:30:03.099697,70.56757483650328
newsat-34,amelia,55045,2026-05-29T02:22:23.082504,2026-05-29T02:27:56.184121,2026-05-29T02:33:25.543022,41.27242506199241
newsat-34,amelia,55045,2026-05-29T12:51:45.540462,2026-05-29T12:56:58.992826,2026-05-29T13:02:18.994941,26.662856368833385
newsat-34,amelia,55045,2026-05-29T14:25:39.702213,2026-05-29T14:30:12.920394,2026-05-29T14:34:53.624003,11.971276060633741
newsat-34,amelia,55045,2026-05-30T01:54:47.735978,2026-05-30T02:00:28.323024,2026-05-30T02:06:04.231676,71.86631467288211
newsat-34,amelia,55045,2026-05-30T12:25:10.765369,2026-05-30T12:29:39.305156,2026-05-30T12:34:13.459014,11.635396730215424
newsat-34,amelia,55045,2026-05-30T13:57:15.604073,2026-05-30T14:02:32.799152,2026-05-30T14:07:58.415338,28.650613418084937
newsat-34,amelia,55045,2026-05-31T01:27:29.224786,2026-05-31T01:32:52.969615,2026-05-31T01:38:12.036051,26.803761689041558
newsat-34,amelia,55045,2026-05-31T03:01:08.057918,2026-05-31T03:05:47.825849,2026-05-31T03:10:26.658101,12.785145069571602
newsat-34,amelia,55045,2026-05-31T13:29:25.534366,2026-05-31T13:34:56.764625,2026-05-31T13:40:37.351671,78.58404587129601
newsat-34,amelia,55045,2026-06-01T01:00:35.034361,2026-06-01T01:05:10.123899,2026-06-01T01:09:43.342078,11.227017963257328
newsat-34,amelia,55045,2026-06-01T02:33:02.604554,2026-06-01T02:38:25.413705,2026-06-01T02:43:46.351498,29.1470652686549
newsat-34,amelia,55045,2026-06-01T13:02:03.369901,2026-06-01T13:07:26.179052,2026-06-01T13:12:56.473632,37.4984367814146
newsat-34,amelia,55045,2026-06-02T02:05:15.603323,2026-06-02T02:10:56.190369,2026-06-02T02:16:32.099021,77.81779528729237
newsat-34,amelia,55045,2026-06-02T12:35:10.982034,2026-06-02T12:40:01.042431,2026-06-02T12:44:55.781220,16.01424247890205
newsat-34,amelia,55045,2026-06-02T14:07:56.316361,2026-06-02T14:13:01.347617,2026-06-02T14:18:14.799980,20.63295306952743
newsat-34,amelia,55045,2026-06-03T01:37:46.373106,2026-06-03T01:43:19.474723,2026-06-03T01:48:47.897945,37.82851236427017
newsat-34,amelia,55045,2026-06-03T13:39:50.505234,2026-06-03T13:45:19.864136,2026-06-03T13:50:57.644146,52.77733487230507
newsat-34,amelia,55045,2026-06-04T01:10:37.720941,2026-06-04T01:15:35.266767,2026-06-04T01:20:30.005556,15.684906009358793
newsat-34,amelia,55045,2026-06-04T02:43:32.418935,2026-06-04T02:48:43.064263,2026-06-04T02:53:50.902554,21.310907244528817
newsat-34,amelia,55045,2026-06-04T13:12:14.725269,2026-06-04T13:17:43.148492,2026-06-04T13:23:20.928502,54.49511997291352
newsat-34,amelia,55045,2026-06-05T02:15:35.634358,2026-06-05T02:21:12.478689,2026-06-05T02:26:44.644626,52.82489601902514
newsat-34,amelia,55045,2026-06-05T12:45:05.914863,2026-06-05T12:50:11.881798,2026-06-05T12:55:23.462804,21.69564470194496
newsat-34,amelia,55045,2026-06-05T14:18:31.235694,2026-06-05T14:23:20.360413,2026-06-05T14:28:16.034881,15.031577873383743
newsat-34,amelia,55045,2026-06-06T01:47:55.003999,2026-06-06T01:53:33.719687,2026-06-06T01:59:07.756982,54.97377031375563
newsat-34,amelia,55045,2026-06-06T13:50:09.256592,2026-06-06T13:55:32.065743,2026-06-06T14:01:05.167359,36.389677249530095
newsat-34,amelia,55045,2026-06-07T01:20:33.761449,2026-06-07T01:25:48.149492,2026-06-07T01:30:58.794819,21.42541481356838
newsat-34,amelia,55045,2026-06-07T02:53:53.970448,2026-06-07T02:58:47.773559,2026-06-07T03:03:40.640991,15.808050880309533
newsat-34,amelia,55045,2026-06-07T13:22:17.735207,2026-06-07T13:27:49.901145,2026-06-07T13:33:30.488191,80.0352909270881
newsat-34,amelia,55045,2026-06-08T02:25:45.531166,2026-06-08T02:31:15.825747,2026-06-08T02:36:42.377612,36.85510478462711
newsat-34,amelia,55045,2026-06-08T12:54:54.628182,2026-06-08T13:00:11.823261,2026-06-08T13:05:36.503768,29.52131335625895
newsat-34,amelia,55045,2026-06-08T14:29:01.125756,2026-06-08T14:33:27.794186,2026-06-08T14:38:01.012365,10.81798880355236
newsat-34,amelia,55045,2026-06-09T01:57:55.798580,2026-06-09T02:03:36.385626,2026-06-09T02:09:11.358600,80.39100346771902
newsat-34,amelia,55045,2026-06-09T12:28:03.850233,2026-06-09T12:32:39.875450,2026-06-09T12:37:20.579059,12.825688506173718
newsat-34,amelia,55045,2026-06-09T14:00:19.662522,2026-06-09T14:05:34.050565,2026-06-09T14:10:57.795394,26.169731734539276
newsat-34,amelia,55045,2026-06-10T01:30:23.155888,2026-06-10T01:35:48.772075,2026-06-10T01:41:10.645547,29.28210566874718
newsat-34,amelia,55045,2026-06-10T03:04:07.685652,2026-06-10T03:08:40.903833,2026-06-10T03:13:13.186333,11.668235967333976
newsat-34,amelia,55045,2026-06-10T13:32:13.589955,2026-06-10T13:37:45.755893,2026-06-10T13:43:26.342939,71.0279572653422
newsat-34,amelia,55045,2026-06-11T01:03:13.643721,2026-06-11T01:07:54.347331,2026-06-11T01:12:32.243904,12.207173313139497
newsat-34,amelia,55045,2026-06-11T02:35:46.655986,2026-06-11T02:41:07.593780,2026-06-11T02:46:23.853180,26.8053585890323
newsat-34,amelia,55045,2026-06-11T13:04:36.867429,2026-06-11T13:10:01.547937,2026-06-11T13:15:35.585232,41.02368999697659
newsat-34,amelia,55045,2026-06-12T02:07:46.458932,2026-06-12T02:13:26.110299,2026-06-12T02:19:00.147594,71.1338303075207
newsat-34,amelia,55045,2026-06-12T12:37:28.731262,2026-06-12T12:42:23.470052,2026-06-12T12:47:23.822914,17.222367643266665
newsat-34,amelia,55045,2026-06-12T14:10:22.913256,2026-06-12T14:15:25.137476,2026-06-12T14:20:35.782803,19.30993548560759
newsat-34,amelia,55045,2026-06-13T01:40:03.097215,2026-06-13T01:45:37.134511,2026-06-13T01:51:06.493412,40.762319642147546
newsat-34,amelia,55045,2026-06-13T13:42:01.353833,2026-06-13T13:47:30.712735,2026-06-13T13:53:08.492745,48.87517175552984
newsat-34,amelia,55045,2026-06-14T01:12:40.313552,2026-06-14T01:17:40.666415,2026-06-14T01:22:38.212241,16.601184845020747
newsat-34,amelia,55045,2026-06-14T02:45:39.517941,2026-06-14T02:50:46.420554,2026-06-14T02:55:51.451810,20.02556972138623
newsat-34,amelia,55045,2026-06-14T13:14:10.761250,2026-06-14T13:19:41.055831,2026-06-14T13:25:19.771520,58.632010525507376
newsat-34,amelia,55045,2026-06-15T02:17:28.601863,2026-06-15T02:23:03.574837,2026-06-15T02:28:34.805096,49.350037267588334
newsat-34,amelia,55045,2026-06-15T12:46:48.073905,2026-06-15T12:51:56.847875,2026-06-15T12:57:12.171596,22.889549923788504
newsat-34,amelia,55045,2026-06-15T14:20:19.689927,2026-06-15T14:25:06.007609,2026-06-15T14:29:58.875041,14.339248197304968
newsat-34,amelia,55045,2026-06-16T01:49:34.521123,2026-06-16T01:55:13.236811,2026-06-16T02:00:46.338427,58.23696726687072
newsat-34,amelia,55045,2026-06-16T13:51:41.707967,2026-06-16T13:57:05.452796,2026-06-16T14:02:37.618733,34.73900980356598
newsat-34,amelia,55045,2026-06-17T01:22:00.082751,2026-06-17T01:27:15.406473,2026-06-17T01:32:26.051800,22.2204549547681
newsat-34,amelia,55045,2026-06-17T02:55:22.672226,2026-06-17T03:00:13.668302,2026-06-17T03:05:01.857341,15.109708429295862
newsat-34,amelia,55045,2026-06-17T13:23:36.564199,2026-06-17T13:29:09.665816,2026-06-17T13:34:51.188541,83.63421805272323
newsat-34,amelia,55045,2026-06-18T02:27:01.037124,2026-06-18T02:32:29.460347,2026-06-18T02:37:53.205176,35.35773330594412
newsat-34,amelia,55045,2026-06-18T12:56:00.261352,2026-06-18T13:01:19.327789,2026-06-18T13:06:45.879654,30.595305818374833
newsat-34,amelia,55045,2026-06-18T14:30:09.565963,2026-06-18T14:34:35.298714,2026-06-18T14:39:06.645536,10.50423235896604
newsat-34,amelia,55045,2026-06-19T01:58:57.427596,2026-06-19T02:04:37.078963,2026-06-19T02:10:11.116258,82.96990789131894
newsat-34,amelia,55045,2026-06-19T12:28:55.606463,2026-06-19T12:33:34.438715,2026-06-19T12:38:17.949360,13.212289702136717
newsat-34,amelia,55045,2026-06-19T14:01:14.225787,2026-06-19T14:06:28.613830,2026-06-19T14:11:51.422980,25.602971556873268
newsat-34,amelia,55045,2026-06-20T01:31:11.334522,2026-06-20T01:36:37.886388,2026-06-20T01:41:57.888503,29.810884595104266
newsat-34,amelia,55045,2026-06-20T03:04:57.563643,2026-06-20T03:09:27.974788,2026-06-20T03:13:57.450252,11.327533644972789
newsat-34,amelia,55045,2026-06-20T13:32:55.211958,2026-06-20T13:38:27.377896,2026-06-20T13:44:08.900621,69.49349840324145
newsat-34,amelia,55045,2026-06-21T01:03:49.816772,2026-06-21T01:08:30.520382,2026-06-21T01:13:08.416955,12.305138100422795
newsat-34,amelia,55045,2026-06-21T02:36:23.338155,2026-06-21T02:41:42.404592,2026-06-21T02:46:57.728313,26.275816113125686
newsat-34,amelia,55045,2026-06-21T13:05:05.039050,2026-06-21T13:10:31.590916,2026-06-21T13:16:05.628211,41.67553444090369
newsat-34,amelia,55045,2026-06-22T02:08:09.945281,2026-06-22T02:13:48.660969,2026-06-22T02:19:21.762585,70.31849346516361
newsat-34,amelia,55045,2026-06-22T12:37:44.897301,2026-06-22T12:42:40.571770,2026-06-22T12:47:41.860311,17.37075777857344
newsat-34,amelia,55045,2026-06-22T14:10:38.398176,2026-06-22T14:15:41.558075,2026-06-22T14:20:52.203402,19.284855174596963
newsat-34,amelia,55045,2026-06-23T01:40:14.323422,2026-06-23T01:45:47.425039,2026-06-23T01:51:14.912583,40.66636909953687
newsat-34,amelia,55045,2026-06-23T13:42:04.833170,2026-06-23T13:47:34.192072,2026-06-23T13:53:12.907761,49.051278680611055
newsat-34,amelia,55045,2026-06-24T01:12:39.279615,2026-06-24T01:17:38.696799,2026-06-24T01:22:33.435588,16.396121904370194
newsat-34,amelia,55045,2026-06-24T02:45:37.121765,2026-06-24T02:50:43.088700,2026-06-24T02:55:46.248598,19.991673288843185
newsat-34,amelia,55045,2026-06-24T13:14:01.044766,2026-06-24T13:19:32.275025,2026-06-24T13:25:11.926392,58.11579689420445
newsat-34,amelia,55045,2026-06-25T02:17:13.945544,2026-06-25T02:22:47.982840,2026-06-25T02:28:17.341741,49.87637485609334
newsat-34,amelia,55045,2026-06-25T12:46:27.032956,2026-06-25T12:51:35.806926,2026-06-25T12:56:50.194968,22.62511101018934
newsat-34,amelia,55045,2026-06-25T14:19:55.415382,2026-06-25T14:24:43.604422,2026-06-25T14:29:38.343211,14.610776801949214
newsat-34,amelia,55045,2026-06-26T01:49:07.859220,2026-06-26T01:54:44.703551,2026-06-26T02:00:15.933810,56.749778065441156
newsat-34,amelia,55045,2026-06-26T13:51:06.108957,2026-06-26T13:56:30.789465,2026-06-26T14:02:02.955402,35.64168962431303
newsat-34,amelia,55045,2026-06-27T01:21:21.415266,2026-06-27T01:26:33.931951,2026-06-27T01:31:42.705921,21.52316003763016
newsat-34,amelia,55045,2026-06-27T02:54:41.197704,2026-06-27T02:59:32.193780,2026-06-27T03:04:20.382819,15.356471546083899
newsat-34,amelia,55045,2026-06-27T13:22:49.640725,2026-06-27T13:28:22.742342,2026-06-27T13:34:04.265067,81.01800473754822
newsat-34,amelia,55045,2026-06-28T02:26:06.621340,2026-06-28T02:31:35.044563,2026-06-28T02:36:58.789392,36.41423825234199
newsat-34,amelia,55045,2026-06-28T12:55:02.013414,2026-06-28T13:00:20.144172,2026-06-28T13:05:44.824679,29.57396038390995
newsat-34,amelia,55045,2026-06-28T14:29:05.531953,2026-06-28T14:33:34.071740,2026-06-28T14:38:09.161277,10.957182251506675
newsat-34,amelia,55045,2026-06-29T01:57:51.687349,2026-06-29T02:03:30.403037,2026-06-29T02:09:02.568974,79.31367894527276
newsat-34,amelia,55045,2026-06-29T12:27:46.969739,2026-06-29T12:32:22.994956,2026-06-29T12:37:03.698565,12.706442561760323
newsat-34,amelia,55045,2026-06-29T13:59:58.612754,2026-06-29T14:05:15.807833,2026-06-29T14:10:40.488340,26.756511365916566
newsat-34,amelia,55045,2026-06-30T01:29:54.778930,2026-06-30T01:35:17.588081,2026-06-30T01:40:35.718838,28.25759626042825
newsat-34,amelia,55045,2026-06-30T03:03:36.075098,2026-06-30T03:08:08.357600,2026-06-30T03:12:39.704422,11.752350680066451
newsat-34,amelia,55045,2026-06-30T13:31:28.274460,2026-06-30T13:37:02.311756,2026-06-30T13:42:43.834481,73.73791428754559
newsat-34,amelia,55045,2026-07-01T01:02:22.191276,2026-07-01T01:06:57.280814,2026-07-01T01:11:29.563314,11.523166300671269
newsat-34,amelia,55045,2026-07-01T02:34:50.779706,2026-07-01T02:40:09.846143,2026-07-01T02:45:25.169864,27.502980529029333
newsat-34,amelia,55045,2026-07-01T13:03:27.967328,2026-07-01T13:08:53.583515,2026-07-01T13:14:26.685131,39.21357600666017
newsat-34,amelia,55045,2026-07-02T02:06:25.381248,2026-07-02T02:12:03.161258,2026-07-02T02:17:35.327195,75.41729400266513
newsat-34,amelia,55045,2026-07-02T12:35:58.117912,2026-07-02T12:40:50.985345,2026-07-02T12:45:48.531171,16.397606251774345
newsat-34,amelia,55045,2026-07-02T14:08:43.280239,2026-07-02T14:13:49.247174,2026-07-02T14:19:02.699537,20.5170268466692
newsat-34,amelia,55045,2026-07-03T01:38:18.689485,2026-07-03T01:43:48.984066,2026-07-03T01:49:13.664573,37.55033580547441
newsat-34,amelia,55045,2026-07-03T13:39:59.071888,2026-07-03T13:45:30.302147,2026-07-03T13:51:09.017836,53.3250785971197
newsat-34,amelia,55045,2026-07-04T01:10:33.766012,2026-07-04T01:15:26.633445,2026-07-04T01:20:15.758163,15.12173064666111
newsat-34,amelia,55045,2026-07-04T02:43:24.549292,2026-07-04T02:48:32.387584,2026-07-04T02:53:37.418840,21.268216804748814
newsat-34,amelia,55045,2026-07-04T13:11:45.830375,2026-07-04T13:17:16.124956,2026-07-04T13:22:53.904966,53.04436464417794
newsat-34,amelia,55045,2026-07-05T02:14:49.622048,2026-07-05T02:20:23.659344,2026-07-05T02:25:53.018245,54.71514155525637
newsat-34,amelia,55045,2026-07-05T12:44:02.365460,2026-07-05T12:49:07.396716,2026-07-05T12:54:18.042043,20.920465663586526
newsat-34,amelia,55045,2026-07-05T14:17:18.666625,2026-07-05T14:22:12.469736,2026-07-05T14:27:11.886919,15.86730934155868
newsat-34,amelia,55045,2026-07-06T01:46:33.401499,2026-07-06T01:52:07.438795,2026-07-06T01:57:36.797696,50.858743720154514
newsat-34,amelia,55045,2026-07-06T13:48:20.842772,2026-07-06T13:53:47.394638,2026-07-06T13:59:21.431933,39.340161364608605
newsat-34,amelia,55045,2026-07-07T01:18:36.823322,2026-07-07T01:23:43.725935,2026-07-07T01:28:45.950154,19.4958878542681
newsat-34,amelia,55045,2026-07-07T02:51:47.930093,2026-07-07T02:56:42.668883,2026-07-07T03:01:35.536315,16.647438411789665
newsat-34,amelia,55045,2026-07-07T13:19:54.666877,2026-07-07T13:25:27.768494,2026-07-07T13:31:08.355540,72.38670535389213
newsat-34,amelia,55045,2026-07-08T02:23:03.219502,2026-07-08T02:28:32.578404,2026-07-08T02:33:57.258911,40.483903800464645
newsat-34,amelia,55045,2026-07-08T12:51:58.522138,2026-07-08T12:57:12.910181,2026-07-08T13:02:33.847974,26.670476715587164
newsat-34,amelia,55045,2026-07-08T14:25:47.406936,2026-07-08T14:30:23.432153,2026-07-08T14:35:06.007120,12.22298727592261
newsat-34,amelia,55045,2026-07-09T01:54:37.470166,2026-07-09T02:00:14.314497,2026-07-09T02:05:45.544756,69.62607299158226
newsat-34,amelia,55045,2026-07-09T12:24:35.642151,2026-07-09T12:29:04.181938,2026-07-09T12:33:36.464438,11.357812581756765
newsat-34,amelia,55045,2026-07-09T13:56:32.651425,2026-07-09T14:01:53.589219,2026-07-09T14:07:21.076763,29.910655598450347
newsat-34,amelia,55045,2026-07-10T01:26:30.682078,2026-07-10T01:31:47.877157,2026-07-10T01:37:01.329520,25.01333278961104
newsat-34,amelia,55045,2026-07-10T03:00:02.538901,2026-07-10T03:04:41.371153,2026-07-10T03:09:18.332047,13.053069242635813
newsat-34,amelia,55045,2026-07-10T13:27:54.731383,2026-07-10T13:33:27.833000,2026-07-10T13:39:09.355725,84.33814228150545
newsat-34,amelia,55045,2026-07-11T02:31:06.682726,2026-07-11T02:36:28.556198,2026-07-11T02:41:46.686955,30.91858102970987
newsat-34,amelia,55045,2026-07-11T12:59:45.652262,2026-07-11T13:05:07.525734,2026-07-11T13:10:36.884635,34.278381017776105
newsat-34,amelia,55045,2026-07-12T02:02:31.404601,2026-07-12T02:08:08.248932,2026-07-12T02:13:40.414869,87.13400550908858
newsat-34,amelia,55045,2026-07-12T12:32:07.966537,2026-07-12T12:36:53.348541,2026-07-12T12:41:41.537580,14.446030640639185
newsat-34,amelia,55045,2026-07-12T14:04:36.623768,2026-07-12T14:09:48.204775,2026-07-12T14:15:06.335532,23.268872122176486
newsat-34,amelia,55045,2026-07-13T01:34:14.833169,2026-07-13T01:39:40.449356,2026-07-13T01:45:01.387149,32.261774462040066
newsat-34,amelia,55045,2026-07-13T03:08:07.013483,2026-07-13T03:12:27.132161,2026-07-13T03:16:47.250839,10.146192325798589
newsat-34,amelia,55045,2026-07-13T13:35:44.833664,2026-07-13T13:41:16.999602,2026-07-13T13:46:56.650969,63.019822691247846
newsat-34,amelia,55045,2026-07-14T01:06:21.901384,2026-07-14T01:11:04.476351,2026-07-14T01:15:44.244281,13.003123264397878
newsat-34,amelia,55045,2026-07-14T02:39:00.438281,2026-07-14T02:44:12.954966,2026-07-14T02:49:22.664614,24.2278894756219
newsat-34,amelia,55045,2026-07-14T13:07:23.755841,2026-07-14T13:12:51.243385,2026-07-14T13:18:25.280680,44.71296932942413
newsat-34,amelia,55045,2026-07-15T02:10:15.631369,2026-07-15T02:15:50.604343,2026-07-15T02:21:20.898923,65.55454356417785
newsat-34,amelia,55045,2026-07-15T12:39:33.390294,2026-07-15T12:44:30.936120,2026-07-15T12:49:33.160339,18.090251618627274
newsat-34,amelia,55045,2026-07-15T14:12:30.888443,2026-07-15T14:17:31.241306,2026-07-15T14:22:38.143919,18.338434952789935
newsat-34,amelia,55045,2026-07-16T01:41:49.531154,2026-07-16T01:47:20.761413,2026-07-16T01:52:46.377599,42.146701685796266
newsat-34,amelia,55045,2026-07-16T13:43:25.228281,2026-07-16T13:48:54.587183,2026-07-16T13:54:31.431514,47.09266256223392
newsat-34,amelia,55045,2026-07-17T01:13:45.199227,2026-07-17T01:18:42.745053,2026-07-17T01:23:36.548164,16.530630124166617
newsat-34,amelia,55045,2026-07-17T02:46:42.869377,2026-07-17T02:51:45.093597,2026-07-17T02:56:44.510780,19.29967475931026
newsat-34,amelia,55045,2026-07-17T13:14:52.151757,2026-07-17T13:20:23.382016,2026-07-17T13:26:01.162026,59.18087234483847
newsat-34,amelia,55045,2026-07-18T02:17:49.469357,2026-07-18T02:23:20.699616,2026-07-18T02:28:48.187160,49.12304058492748
newsat-34,amelia,55045,2026-07-18T12:46:49.787506,2026-07-18T12:51:57.625798,2026-07-18T12:57:10.142483,22.51109940832774
newsat-34,amelia,55045,2026-07-18T14:20:16.126576,2026-07-18T14:25:03.379937,2026-07-18T14:29:56.247369,14.503786955268145
newsat-34,amelia,55045,2026-07-19T01:49:14.094913,2026-07-19T01:54:48.132209,2026-07-19T02:00:17.491110,55.85126233459125
newsat-34,amelia,55045,2026-07-19T13:50:56.596354,2026-07-19T13:56:21.276862,2026-07-19T14:01:52.507121,36.05790109662956
newsat-34,amelia,55045,2026-07-20T01:20:59.298521,2026-07-20T01:26:08.072491,2026-07-20T01:31:13.103747,20.772616294179418
newsat-34,amelia,55045,2026-07-20T02:54:15.847363,2026-07-20T02:59:04.972082,2026-07-20T03:03:52.225442,15.4987692403468
newsat-34,amelia,55045,2026-07-20T13:22:11.521122,2026-07-20T13:27:44.622739,2026-07-20T13:33:23.338428,78.15330042949442
newsat-34,amelia,55045,2026-07-21T02:25:11.982879,2026-07-21T02:30:38.534745,2026-07-21T02:36:01.343895,37.74116250274021
newsat-34,amelia,55045,2026-07-21T12:53:57.412727,2026-07-21T12:59:12.736449,2026-07-21T13:04:34.609921,28.03954480089342
newsat-34,amelia,55045,2026-07-21T14:27:52.847276,2026-07-21T14:32:23.258421,2026-07-21T14:37:00.219315,11.40407899380187
newsat-34,amelia,55045,2026-07-22T01:56:28.015327,2026-07-22T02:02:03.923980,2026-07-22T02:07:35.154239,74.06963576510196
newsat-34,amelia,55045,2026-07-22T12:26:16.569086,2026-07-22T12:30:46.980231,2026-07-22T12:35:21.134089,11.80178679684359
newsat-34,amelia,55045,2026-07-22T13:58:18.256754,2026-07-22T14:03:36.387512,2026-07-22T14:09:00.132341,28.30273401977039
newsat-34,amelia,55045,2026-07-23T01:28:03.944705,2026-07-23T01:33:21.139784,2026-07-23T01:38:35.527826,26.028326705953386
newsat-34,amelia,55045,2026-07-23T03:01:37.500885,2026-07-23T03:06:12.590423,2026-07-23T03:10:46.744281,12.454053769213225
newsat-34,amelia,55045,2026-07-23T13:29:21.437378,2026-07-23T13:34:53.603316,2026-07-23T13:40:33.254683,80.6606020689468
newsat-34,amelia,55045,2026-07-24T01:00:05.811649,2026-07-24T01:04:31.544400,2026-07-24T01:08:55.405792,10.330809695763799
newsat-34,amelia,55045,2026-07-24T02:32:24.107614,2026-07-24T02:37:44.109729,2026-07-24T02:43:00.369129,29.79753056135976
newsat-34,amelia,55045,2026-07-24T13:00:55.075723,2026-07-24T13:06:16.949195,2026-07-24T13:11:44.436739,35.17631156299475
newsat-34,amelia,55045,2026-07-25T02:03:31.546953,2026-07-25T02:09:07.455606,2026-07-25T02:14:38.685865,84.96721200849261
newsat-34,amelia,55045,2026-07-25T12:33:00.616581,2026-07-25T12:37:45.062906,2026-07-25T12:42:33.251945,14.594136270779101
newsat-34,amelia,55045,2026-07-25T14:05:30.209491,2026-07-25T14:10:39.919140,2026-07-25T14:15:55.242861,22.624246112277834
newsat-34,amelia,55045,2026-07-26T01:34:57.947548,2026-07-26T01:40:22.628056,2026-07-26T01:45:43.565849,32.74583583328935
newsat-34,amelia,55045,2026-07-26T13:36:21.391412,2026-07-26T13:41:51.685993,2026-07-26T13:47:29.466003,61.92268378493036
newsat-34,amelia,55045,2026-07-27T01:06:47.733227,2026-07-27T01:11:30.308194,2026-07-27T01:16:10.076124,13.06414122601505
newsat-34,amelia,55045,2026-07-27T02:39:25.843564,2026-07-27T02:44:37.424571,2026-07-27T02:49:47.134219,24.031213060764625
newsat-34,amelia,55045,2026-07-27T13:07:43.031052,2026-07-27T13:13:09.582918,2026-07-27T13:18:41.748855,44.63412442772836
newsat-34,amelia,55045,2026-07-28T02:10:24.008676,2026-07-28T02:15:58.045972,2026-07-28T02:21:28.340552,65.72549066967645
newsat-34,amelia,55045,2026-07-28T12:39:36.573208,2026-07-28T12:44:32.247677,2026-07-28T12:49:32.600539,17.818967252299075
newsat-34,amelia,55045,2026-07-28T14:12:32.454560,2026-07-28T14:17:31.871744,2026-07-28T14:22:36.903000,18.28359891840542
newsat-34,amelia,55045,2026-07-29T01:41:41.816163,2026-07-29T01:47:11.175065,2026-07-29T01:52:37.726930,41.560100255820494
newsat-34,amelia,55045,2026-07-29T13:43:10.702101,2026-07-29T13:48:38.189645,2026-07-29T13:54:13.162619,47.71549517927294
newsat-34,amelia,55045,2026-07-30T01:13:21.137378,2026-07-30T01:18:16.811847,2026-07-30T01:23:09.679279,16.191973853886083
newsat-34,amelia,55045,2026-07-30T02:46:16.255051,2026-07-30T02:51:18.479271,2026-07-30T02:56:19.767812,19.662489096460142
newsat-34,amelia,55045,2026-07-30T13:14:21.278716,2026-07-30T13:19:50.637618,2026-07-30T13:25:25.610592,57.25252758435639
newsat-34,amelia,55045,2026-07-31T02:17:05.827056,2026-07-31T02:22:37.057315,2026-07-31T02:28:05.480537,50.886926751396516
newsat-34,amelia,55045,2026-07-31T12:46:03.757847,2026-07-31T12:51:07.853425,2026-07-31T12:56:17.563073,21.620411072770974
newsat-34,amelia,55045,2026-07-31T14:19:24.991965,2026-07-31T14:24:12.245326,2026-07-31T14:29:05.112758,14.838367601236268
newsat-34,amelia,55045,2026-08-01T01:48:15.041435,2026-08-01T01:53:48.143052,2026-08-01T01:59:17.501953,53.264311726717054
newsat-34,amelia,55045,2026-08-01T13:49:50.050566,2026-08-01T13:55:13.795395,2026-08-01T14:00:44.089975,37.54408824715503
newsat-34,amelia,55045,2026-08-02T01:19:44.152746,2026-08-02T01:24:51.055359,2026-08-02T01:29:55.150936,19.841133837001635
newsat-34,amelia,55045,2026-08-02T02:52:56.023196,2026-08-02T02:57:47.954950,2026-08-02T03:02:38.951025,16.22544963142923
newsat-34,amelia,55045,2026-08-02T13:20:49.818719,2026-08-02T13:26:20.113300,2026-08-02T13:31:56.957631,73.41261268024574
newsat-34,amelia,55045,2026-08-03T02:23:37.002096,2026-08-03T02:29:04.489640,2026-08-03T02:34:29.170147,40.224605532589884
newsat-34,amelia,55045,2026-08-03T12:52:20.044586,2026-08-03T12:57:32.561271,2026-08-03T13:02:49.756349,26.203815789592145
newsat-34,amelia,55045,2026-08-03T14:26:07.140586,2026-08-03T14:30:40.358767,2026-08-03T14:35:19.191019,12.017139728373738
newsat-34,amelia,55045,2026-08-04T01:54:36.942243,2026-08-04T02:00:12.850896,2026-08-04T02:05:44.081155,68.37292376477947
newsat-34,amelia,55045,2026-08-04T12:24:26.851360,2026-08-04T12:28:49.777075,2026-08-04T12:33:16.445503,10.855996695554705
newsat-34,amelia,55045,2026-08-04T13:56:18.329122,2026-08-04T14:01:36.459880,2026-08-04T14:07:01.140387,30.189897123219744
newsat-34,amelia,55045,2026-08-05T01:25:57.715002,2026-08-05T01:31:13.038724,2026-08-05T01:36:25.555409,24.187066537244228
newsat-34,amelia,55045,2026-08-05T02:59:24.721432,2026-08-05T03:04:04.489363,2026-08-05T03:08:44.257293,13.433800072429326
newsat-34,amelia,55045,2026-08-05T13:27:07.715368,2026-08-05T13:32:38.009949,2026-08-05T13:38:15.789959,87.90372377011019
newsat-34,amelia,55045,2026-08-06T02:29:56.171543,2026-08-06T02:35:18.980694,2026-08-06T02:40:38.982809,32.54966368672654
newsat-34,amelia,55045,2026-08-06T12:58:26.878210,2026-08-06T13:03:45.008968,2026-08-06T13:09:08.753797,31.8541290096324
newsat-34,amelia,55045,2026-08-07T02:00:48.708821,2026-08-07T02:06:24.617474,2026-08-07T02:11:57.719090,85.99084736171748
newsat-34,amelia,55045,2026-08-07T12:30:21.431724,2026-08-07T12:34:57.456941,2026-08-07T12:39:37.224871,13.146520058511147
newsat-34,amelia,55045,2026-08-07T14:02:37.581132,2026-08-07T14:07:48.226460,2026-08-07T14:13:06.357217,24.707888000880033
newsat-34,amelia,55045,2026-08-08T01:32:00.888475,2026-08-08T01:37:22.761947,2026-08-08T01:42:41.828383,29.472071251263248
newsat-34,amelia,55045,2026-08-08T03:05:42.776322,2026-08-08T03:10:09.444752,2026-08-08T03:14:36.113180,11.10805474365467
newsat-34,amelia,55045,2026-08-08T13:33:14.968672,2026-08-08T13:38:44.327574,2026-08-08T13:44:21.171905,70.40662022258606
newsat-34,amelia,55045,2026-08-09T01:03:37.643451,2026-08-09T01:08:12.732989,2026-08-09T01:12:45.951168,11.680307343585278
newsat-34,amelia,55045,2026-08-09T02:36:04.952204,2026-08-09T02:41:21.211604,2026-08-09T02:46:35.599646,26.865976524708927
newsat-34,amelia,55045,2026-08-09T13:04:24.004169,2026-08-09T13:09:45.877641,2026-08-09T13:15:14.300863,38.963698361022665
newsat-34,amelia,55045,2026-08-10T02:06:49.832054,2026-08-10T02:12:24.805028,2026-08-10T02:17:56.970965,76.12508598671204
newsat-34,amelia,55045,2026-08-10T12:36:05.623301,2026-08-10T12:40:52.876662,2026-08-10T12:45:44.808416,15.702037528059508
newsat-34,amelia,55045,2026-08-10T14:08:45.254116,2026-08-10T14:13:48.414015,2026-08-10T14:18:58.123663,20.474763417573655
newsat-34,amelia,55045,2026-08-11T01:37:52.737482,2026-08-11T01:43:20.225026,2026-08-11T01:48:44.905533,36.02270428432462
newsat-34,amelia,55045,2026-08-11T13:39:11.578635,2026-08-11T13:44:39.066179,2026-08-11T13:50:14.039153,55.90972062548261
newsat-34,amelia,55045,2026-08-12T01:09:19.963674,2026-08-12T01:14:08.152714,2026-08-12T01:18:54.470396,14.172735608073484
newsat-34,amelia,55045,2026-08-12T02:42:02.153847,2026-08-12T02:47:11.863496,2026-08-12T02:52:19.701787,22.51040850499773
newsat-34,amelia,55045,2026-08-12T13:10:10.486788,2026-08-12T13:15:35.167296,2026-08-12T13:21:07.333233,48.01729696179231
newsat-34,amelia,55045,2026-08-13T02:12:38.695149,2026-08-13T02:18:12.732445,2026-08-13T02:23:43.962704,61.02549286694063
newsat-34,amelia,55045,2026-08-13T12:41:40.788335,2026-08-13T12:46:37.398483,2026-08-13T12:51:37.751345,18.5909840783235
newsat-34,amelia,55045,2026-08-13T14:14:42.538320,2026-08-13T14:19:36.341431,2026-08-13T14:24:36.694293,17.10061087330868
newsat-34,amelia,55045,2026-08-14T01:43:34.197708,2026-08-14T01:49:05.427967,2026-08-14T01:54:33.851189,44.24638808832292
newsat-34,amelia,55045,2026-08-14T13:44:56.609573,2026-08-14T13:50:22.225760,2026-08-14T13:55:54.391697,44.95418883215042
newsat-34,amelia,55045,2026-08-15T01:14:51.213992,2026-08-15T01:19:50.631176,2026-08-15T01:24:47.241323,16.95375690582965
newsat-34,amelia,55045,2026-08-15T02:47:48.966702,2026-08-15T02:52:50.255243,2026-08-15T02:57:50.608105,19.06275467210203
newsat-34,amelia,55045,2026-08-15T13:15:45.390379,2026-08-15T13:21:12.877923,2026-08-15T13:26:47.850897,59.46098038744021
newsat-34,amelia,55045,2026-08-16T02:18:17.169456,2026-08-16T02:23:48.399715,2026-08-16T02:29:17.758616,49.36438444443418
newsat-34,amelia,55045,2026-08-16T12:47:06.500259,2026-08-16T12:52:09.660158,2026-08-16T12:57:18.434128,21.899225451090192
newsat-34,amelia,55045,2026-08-16T14:20:29.179175,2026-08-16T14:25:12.689821,2026-08-16T14:30:02.750218,14.338781378970442
newsat-34,amelia,55045,2026-08-17T01:49:04.078906,2026-08-17T01:54:39.051880,2026-08-17T02:00:09.346460,54.559531241601235
newsat-34,amelia,55045,2026-08-17T13:50:32.187405,2026-08-17T13:55:53.125199,2026-08-17T14:01:21.548421,36.82672296599509
newsat-34,amelia,55045,2026-08-18T01:20:13.011205,2026-08-18T01:25:20.849497,2026-08-18T01:30:26.816431,20.093124334697894
newsat-34,amelia,55045,2026-08-18T02:53:23.519417,2026-08-18T02:58:16.386850,2026-08-18T03:03:08.318604,16.257576527617562
newsat-34,amelia,55045,2026-08-18T13:21:10.586308,2026-08-18T13:26:39.009531,2026-08-18T13:32:14.918183,73.31527219370754
newsat-34,amelia,55045,2026-08-19T02:23:43.383624,2026-08-19T02:29:11.806847,2026-08-19T02:34:38.358712,40.64994036502718
newsat-34,amelia,55045,2026-08-19T12:52:20.633163,2026-08-19T12:57:30.342812,2026-08-19T13:02:45.666533,25.73931467819177
newsat-34,amelia,55045,2026-08-19T14:26:05.176687,2026-08-19T14:30:37.459189,2026-08-19T14:35:15.355762,12.027436174589571
newsat-34,amelia,55045,2026-08-20T01:54:23.825880,2026-08-20T01:59:59.734533,2026-08-20T02:05:31.900470,67.10761115524141
newsat-34,amelia,55045,2026-08-20T12:24:07.687487,2026-08-20T12:28:27.806165,2026-08-20T12:32:51.667557,10.499652950744482
newsat-34,amelia,55045,2026-08-20T13:55:55.250534,2026-08-20T14:01:12.445613,2026-08-20T14:06:36.190442,30.71754501852059
newsat-34,amelia,55045,2026-08-21T01:25:23.229390,2026-08-21T01:30:39.488790,2026-08-21T01:35:52.005475,23.679127958682344
newsat-34,amelia,55045,2026-08-21T02:58:46.747663,2026-08-21T03:03:30.258309,2026-08-21T03:08:12.833276,13.921929853309107
newsat-34,amelia,55045,2026-08-21T13:26:24.457768,2026-08-21T13:31:52.880991,2026-08-21T13:37:29.725322,88.36999377642566
newsat-34,amelia,55045,2026-08-22T02:28:58.954440,2026-08-22T02:34:23.634948,2026-08-22T02:39:45.508420,34.09886660081957
newsat-34,amelia,55045,2026-08-22T12:57:25.058394,2026-08-22T13:02:39.446437,2026-08-22T13:08:00.384230,30.253632483841802
newsat-34,amelia,55045,2026-08-22T14:31:29.849731,2026-08-22T14:35:49.968409,2026-08-22T14:40:14.765479,10.057444402910205
newsat-34,amelia,55045,2026-08-23T01:59:31.312709,2026-08-23T02:05:08.157040,2026-08-23T02:10:42.194335,81.34788838028547
newsat-34,amelia,55045,2026-08-23T12:29:00.114016,2026-08-23T12:33:31.460839,2026-08-23T12:38:06.550376,12.347997807022654
newsat-34,amelia,55045,2026-08-23T14:01:07.924875,2026-08-23T14:06:19.505882,2026-08-23T14:11:38.572318,26.009240812702206
newsat-34,amelia,55045,2026-08-24T01:30:23.313349,2026-08-24T01:35:45.186821,2026-08-24T01:41:03.317578,27.818846840414857
newsat-34,amelia,55045,2026-08-24T03:03:59.587124,2026-08-24T03:08:31.869626,2026-08-24T03:13:04.152126,11.939799054081547
newsat-34,amelia,55045,2026-08-24T13:31:26.750201,2026-08-24T13:36:55.173424,2026-08-24T13:42:32.017755,76.35440063801144
newsat-34,amelia,55045,2026-08-25T01:01:42.696351,2026-08-25T01:06:14.043174,2026-08-25T01:10:42.582959,10.898689645716335
newsat-34,amelia,55045,2026-08-25T02:34:02.519674,2026-08-25T02:39:22.521789,2026-08-25T02:44:40.652546,29.062708364901262
newsat-34,amelia,55045,2026-08-25T13:02:18.159164,2026-08-25T13:07:36.289922,2026-08-25T13:13:01.906108,35.61434986177465
newsat-34,amelia,55045,2026-08-26T02:04:27.475074,2026-08-26T02:10:04.319405,2026-08-26T02:15:38.356700,83.90693738422584
newsat-34,amelia,55045,2026-08-26T12:33:42.832882,2026-08-26T12:38:23.536492,2026-08-26T12:43:08.918495,14.338910648874345
newsat-34,amelia,55045,2026-08-26T14:06:09.955875,2026-08-26T14:11:14.987131,2026-08-26T14:16:28.439494,22.286879700291305
newsat-34,amelia,55045,2026-08-27T01:35:12.072846,2026-08-27T01:40:38.624712,2026-08-27T01:46:01.433862,32.64416380693727
newsat-34,amelia,55045,2026-08-27T03:08:59.911886,2026-08-27T03:13:21.901922,2026-08-27T03:17:42.956278,10.231429825359498
newsat-34,amelia,55045,2026-08-27T13:36:18.399296,2026-08-27T13:41:45.886840,2026-08-27T13:47:21.795492,63.3769678779594
newsat-34,amelia,55045,2026-08-28T01:06:22.181621,2026-08-28T01:11:04.756588,2026-08-28T01:15:44.524518,12.808088886661126
newsat-34,amelia,55045,2026-08-28T02:38:54.760446,2026-08-28T02:44:09.148489,2026-08-28T02:49:22.600852,25.094567843871445
newsat-34,amelia,55045,2026-08-28T13:06:59.680911,2026-08-28T13:12:21.554383,2026-08-28T13:17:50.913284,42.02153563555183
newsat-34,amelia,55045,2026-08-29T02:09:12.058416,2026-08-29T02:14:48.902747,2026-08-29T02:20:22.004363,70.63369743339082
newsat-34,amelia,55045,2026-08-29T12:38:14.908399,2026-08-29T12:43:04.033118,2026-08-29T12:47:57.836229,16.494552033580767
newsat-34,amelia,55045,2026-08-29T14:10:59.472168,2026-08-29T14:15:58.889352,2026-08-29T14:21:04.856286,19.27345000404119
newsat-34,amelia,55045,2026-08-30T01:39:49.507877,2026-08-30T01:45:19.802458,2026-08-30T01:50:46.354323,38.30510032321206
newsat-34,amelia,55045,2026-08-30T13:40:57.788243,2026-08-30T13:46:24.340109,2026-08-30T13:51:58.377404,52.91731025861176
newsat-34,amelia,55045,2026-08-31T01:10:50.342425,2026-08-31T01:15:43.209858,2026-08-31T01:20:32.334576,14.841890625464766
newsat-34,amelia,55045,2026-08-31T02:43:34.486514,2026-08-31T02:48:44.196163,2026-08-31T02:53:52.034454,21.893938943009438
newsat-34,amelia,55045,2026-08-31T13:11:30.559312,2026-08-31T13:16:55.239820,2026-08-31T13:22:27.405757,49.66693021420976
newsat-34,amelia,55045,2026-09-01T02:13:45.571852,2026-09-01T02:19:20.544826,2026-09-01T02:24:52.710763,59.44933363811374
newsat-34,amelia,55045,2026-09-01T12:42:36.595133,2026-09-01T12:47:32.269602,2026-09-01T12:52:34.493821,18.839022748997515
newsat-34,amelia,55045,2026-09-01T14:15:37.663998,2026-09-01T14:20:30.531431,2026-09-01T14:25:29.948614,16.7829955026026
newsat-34,amelia,55045,2026-09-02T01:44:15.618443,2026-09-02T01:49:48.720060,2026-09-02T01:55:18.078961,44.953625580435585
newsat-34,amelia,55045,2026-09-02T13:45:26.788406,2026-09-02T13:50:50.533235,2026-09-02T13:56:22.699172,44.7656652184451
newsat-34,amelia,55045,2026-09-03T01:15:08.369001,2026-09-03T01:20:08.721864,2026-09-03T01:25:06.267690,17.01550423440394
newsat-34,amelia,55045,2026-09-03T02:48:03.823794,2026-09-03T02:53:06.983693,2026-09-03T02:58:08.272234,19.25671631704565
newsat-34,amelia,55045,2026-09-03T13:15:50.113246,2026-09-03T13:21:16.665112,2026-09-03T13:26:51.638086,58.64921465039473
newsat-34,amelia,55045,2026-09-04T02:18:06.570584,2026-09-04T02:23:40.607880,2026-09-04T02:29:09.966781,50.52510763328426
newsat-34,amelia,55045,2026-09-04T12:46:46.702840,2026-09-04T12:51:48.927060,2026-09-04T12:56:56.765351,21.399803874185928
newsat-34,amelia,55045,2026-09-04T14:20:05.467040,2026-09-04T14:24:49.913365,2026-09-04T14:29:40.909440,14.689420467998067
newsat-34,amelia,55045,2026-09-05T01:48:30.404545,2026-09-05T01:54:05.377519,2026-09-05T01:59:36.607778,52.703361832913025
newsat-34,amelia,55045,2026-09-05T13:49:43.273865,2026-09-05T13:55:05.147337,2026-09-05T14:00:35.441917,38.43958396278938
newsat-34,amelia,55045,2026-09-06T01:19:14.816556,2026-09-06T01:24:22.654848,2026-09-06T01:29:26.750425,19.346685418241538
newsat-34,amelia,55045,2026-09-06T02:52:20.219815,2026-09-06T02:57:16.829963,2026-09-06T03:02:12.504431,17.04448775382326
newsat-34,amelia,55045,2026-09-06T13:19:58.088159,2026-09-06T13:25:26.511382,2026-09-06T13:31:02.420034,68.87337488357618
newsat-34,amelia,55045,2026-09-07T02:22:16.499416,2026-09-07T02:27:47.729675,2026-09-07T02:33:15.217219,43.49958021595044
newsat-34,amelia,55045,2026-09-07T12:50:46.421766,2026-09-07T12:55:53.324379,2026-09-07T13:01:07.712421,24.204598040526065
newsat-34,amelia,55045,2026-09-07T14:24:20.074266,2026-09-07T14:28:57.035161,2026-09-07T14:33:40.545806,12.904361584361705
newsat-34,amelia,55045,2026-09-08T01:52:32.930506,2026-09-08T01:58:09.774837,2026-09-08T02:03:41.940774,61.55798649432797
newsat-34,amelia,55045,2026-09-08T13:53:48.434861,2026-09-08T13:59:07.501298,2026-09-08T14:04:34.988842,33.47481224355808
newsat-34,amelia,55045,2026-09-09T01:23:11.129886,2026-09-09T01:28:23.646571,2026-09-09T01:33:33.356219,21.851351368538186
newsat-34,amelia,55045,2026-09-09T02:56:25.972491,2026-09-09T03:01:15.097210,2026-09-09T03:06:03.286249,15.162191713021215
newsat-34,amelia,55045,2026-09-09T13:23:54.993169,2026-09-09T13:29:23.416392,2026-09-09T13:35:01.196402,79.85882242014334
newsat-34,amelia,55045,2026-09-10T02:26:14.168104,2026-09-10T02:31:42.591327,2026-09-10T02:37:08.207513,37.955849670917694
newsat-34,amelia,55045,2026-09-10T12:54:34.561666,2026-09-10T12:59:46.142673,2026-09-10T13:05:05.209109,27.283096133223427
newsat-34,amelia,55045,2026-09-10T14:28:24.038144,2026-09-10T14:32:52.577931,2026-09-10T14:37:26.731789,11.364888404098794
newsat-34,amelia,55045,2026-09-11T01:56:24.132003,2026-09-11T02:02:01.912013,2026-09-11T02:07:35.013629,71.32331594004116
newsat-34,amelia,55045,2026-09-11T12:25:50.456515,2026-09-11T12:30:14.317908,2026-09-11T12:34:41.922015,11.017023446659401
newsat-34,amelia,55045,2026-09-11T13:57:42.271396,2026-09-11T14:02:57.595118,2026-09-11T14:08:22.275625,29.517024242719796
newsat-34,amelia,55045,2026-09-12T01:26:54.928514,2026-09-12T01:32:13.059272,2026-09-12T01:37:26.511635,24.547844026154767
newsat-34,amelia,55045,2026-09-12T03:00:18.529348,2026-09-12T03:05:01.104315,2026-09-12T03:09:41.807924,13.540698978579824
newsat-34,amelia,55045,2026-09-12T13:27:40.064594,2026-09-12T13:33:09.423496,2026-09-12T13:38:47.203506,88.85719805097251
newsat-34,amelia,55045,2026-09-13T02:30:00.257766,2026-09-13T02:35:25.873953,2026-09-13T02:40:47.747425,33.53228407041182
newsat-34,amelia,55045,2026-09-13T12:58:11.377101,2026-09-13T13:03:26.700823,2026-09-13T13:08:49.509973,30.66084118418553
newsat-34,amelia,55045,2026-09-13T14:32:15.996438,2026-09-13T14:36:35.179438,2026-09-13T14:41:00.912187,10.024133628028371
newsat-34,amelia,55045,2026-09-14T02:00:04.009034,2026-09-14T02:05:41.789044,2026-09-14T02:11:14.890660,81.5603487527466
newsat-34,amelia,55045,2026-09-14T12:29:18.761401,2026-09-14T12:33:50.108224,2026-09-14T12:38:26.133439,12.363336881188935
newsat-34,amelia,55045,2026-09-14T14:01:23.593225,2026-09-14T14:06:36.109910,2026-09-14T14:11:57.047703,26.31147012367983
newsat-34,amelia,55045,2026-09-15T01:30:27.657234,2026-09-15T01:35:49.530706,2026-09-15T01:41:06.725784,27.449094158573327
newsat-34,amelia,55045,2026-09-15T03:04:00.016294,2026-09-15T03:08:34.170154,2026-09-15T03:13:08.324012,12.130009744625438
newsat-34,amelia,55045,2026-09-15T13:31:13.130432,2026-09-15T13:36:42.489334,2026-09-15T13:42:20.269344,78.49520197726763
newsat-34,amelia,55045,2026-09-16T01:01:19.878033,2026-09-16T01:05:48.417820,2026-09-16T01:10:15.086248,10.548844578736075
newsat-34,amelia,55045,2026-09-16T02:33:34.341844,2026-09-16T02:38:56.215316,2026-09-16T02:44:14.346073,29.947303668723954
newsat-34,amelia,55045,2026-09-16T13:01:36.868071,2026-09-16T13:06:54.998829,2026-09-16T13:12:21.550694,34.35846443203431
newsat-34,amelia,55045,2026-09-17T02:03:31.625920,2026-09-17T02:09:09.405930,2026-09-17T02:14:41.571867,88.19748845617997
newsat-34,amelia,55045,2026-09-17T12:32:34.806145,2026-09-17T12:37:13.638397,2026-09-17T12:41:57.149042,13.737260962154982
newsat-34,amelia,55045,2026-09-17T14:04:53.590589,2026-09-17T14:10:02.364559,2026-09-17T14:15:18.623959,23.673966122444188
newsat-34,amelia,55045,2026-09-18T01:33:48.125811,2026-09-18T01:39:13.741998,2026-09-18T01:44:33.744113,30.566716997066717
newsat-34,amelia,55045,2026-09-18T03:07:28.988540,2026-09-18T03:11:55.656970,2026-09-18T03:16:21.389719,10.894177350147963
newsat-34,amelia,55045,2026-09-18T13:34:34.617249,2026-09-18T13:40:03.976151,2026-09-18T13:45:41.756161,69.2648524986454
newsat-34,amelia,55045,2026-09-19T01:04:32.262625,2026-09-19T01:09:09.223520,2026-09-19T01:13:43.377378,11.776519889113496
newsat-34,amelia,55045,2026-09-19T02:36:56.165782,2026-09-19T02:42:14.296540,2026-09-19T02:47:28.684582,27.00283495505052
newsat-34,amelia,55045,2026-09-19T13:04:49.844343,2026-09-19T13:10:11.717815,2026-09-19T13:15:41.076716,38.38868517230117
newsat-34,amelia,55045,2026-09-20T02:06:46.301549,2026-09-20T02:12:24.081559,2026-09-20T02:17:56.247496,78.80249628712659
newsat-34,amelia,55045,2026-09-20T12:35:40.207546,2026-09-20T12:40:25.589550,2026-09-20T12:45:15.649947,15.134322220831567
newsat-34,amelia,55045,2026-09-20T14:08:10.646694,2026-09-20T14:13:15.677950,2026-09-20T14:18:29.130313,21.474664037540855
newsat-34,amelia,55045,2026-09-21T01:36:57.524489,2026-09-21T01:42:25.012033,2026-09-21T01:47:47.821183,33.90319077101104
newsat-34,amelia,55045,2026-09-21T13:37:44.098485,2026-09-21T13:43:12.521708,2026-09-21T13:48:50.301718,61.40773434912849
newsat-34,amelia,55045,2026-09-22T01:07:34.258429,2026-09-22T01:12:17.769075,2026-09-22T01:16:57.537005,13.002595630101181
newsat-34,amelia,55045,2026-09-22T02:40:05.729576,2026-09-22T02:45:20.117619,2026-09-22T02:50:30.762946,24.55427632141955
newsat-34,amelia,55045,2026-09-22T13:07:51.750709,2026-09-22T13:13:15.495538,2026-09-22T13:18:47.661475,42.73960150298013
newsat-34,amelia,55045,2026-09-23T02:09:49.652714,2026-09-23T02:15:26.497045,2026-09-23T02:20:57.727304,70.42688565676694
newsat-34,amelia,55045,2026-09-23T12:38:34.539043,2026-09-23T12:43:24.599440,2026-09-23T12:48:21.209587,16.546639435300985
newsat-34,amelia,55045,2026-09-23T14:11:16.123776,2026-09-23T14:16:17.412317,2026-09-23T14:21:26.186287,19.622037279304024
newsat-34,amelia,55045,2026-09-24T01:39:54.663022,2026-09-24T01:45:24.021924,2026-09-24T01:50:48.702431,37.4535320556368
newsat-34,amelia,55045,2026-09-24T13:40:42.000697,2026-09-24T13:46:09.488241,2026-09-24T13:51:46.332572,54.905173893853636
newsat-34,amelia,55045,2026-09-25T01:10:24.248652,2026-09-25T01:15:13.373371,2026-09-25T01:19:58.755374,14.220718460148461
newsat-34,amelia,55045,2026-09-25T02:43:03.033229,2026-09-25T02:48:13.678557,2026-09-25T02:53:20.581170,22.497093300788382
newsat-34,amelia,55045,2026-09-25T13:10:42.078049,2026-09-25T13:16:07.694236,2026-09-25T13:21:41.731531,47.38814938236969
newsat-34,amelia,55045,2026-09-26T02:12:41.679411,2026-09-26T02:18:16.652385,2026-09-26T02:23:46.946965,63.24735649578279
newsat-34,amelia,55045,2026-09-26T12:41:17.291514,2026-09-26T12:46:12.030304,2026-09-26T12:51:13.318845,17.966146338675486
newsat-34,amelia,55045,2026-09-26T14:14:09.595271,2026-09-26T14:19:06.205419,2026-09-26T14:24:11.236675,18.046508103326502
newsat-34,amelia,55045,2026-09-27T01:42:39.541408,2026-09-27T01:48:10.771667,2026-09-27T01:53:36.387853,41.19906121757714
newsat-34,amelia,55045,2026-09-27T13:43:26.707084,2026-09-27T13:48:54.194628,2026-09-27T13:54:30.103280,49.56945231103948
newsat-34,amelia,55045,2026-09-28T01:13:02.914409,2026-09-28T01:17:56.717520,2026-09-28T01:22:46.777917,15.423862709607253
newsat-34,amelia,55045,2026-09-28T02:45:48.331295,2026-09-28T02:50:54.298230,2026-09-28T02:55:57.458128,20.754268465831505
newsat-34,amelia,55045,2026-09-28T13:13:21.080925,2026-09-28T13:18:47.632791,2026-09-28T13:24:22.605765,52.27235317856577
newsat-34,amelia,55045,2026-09-29T02:15:20.510288,2026-09-29T02:20:54.547584,2026-09-29T02:26:22.970806,57.2238596854886
newsat-34,amelia,55045,2026-09-29T12:43:48.719523,2026-09-29T12:48:47.201028,2026-09-29T12:53:52.232284,19.38070451440103
newsat-34,amelia,55045,2026-09-29T14:16:49.616389,2026-09-29T14:21:43.419500,2026-09-29T14:26:43.772362,16.699190356452014
newsat-34,amelia,55045,2026-09-30T01:45:13.095334,2026-09-30T01:50:45.261272,2026-09-30T01:56:11.813137,45.104151024160515
newsat-34,amelia,55045,2026-09-30T13:46:00.343571,2026-09-30T13:51:25.959758,2026-09-30T13:57:00.932732,45.198821578267456
newsat-34,amelia,55045,2026-10-01T01:15:29.574585,2026-10-01T01:20:27.120411,2026-10-01T01:25:20.923522,16.60265129443643
newsat-34,amelia,55045,2026-10-01T02:48:21.114663,2026-10-01T02:53:23.338883,2026-10-01T02:58:22.756066,19.2711654620748
newsat-34,amelia,55045,2026-10-01T13:15:46.887984,2026-10-01T13:21:15.311207,2026-10-01T13:26:51.219859,57.3029929944815
newsat-34,amelia,55045,2026-10-02T02:17:47.335585,2026-10-02T02:23:19.501523,2026-10-02T02:28:46.989067,52.22207766406035
newsat-34,amelia,55045,2026-10-02T12:46:07.887388,2026-10-02T12:51:10.111608,2026-10-02T12:56:18.885578,20.776245908929823
newsat-34,amelia,55045,2026-10-02T14:19:18.567599,2026-10-02T14:24:07.692318,2026-10-02T14:29:04.302465,15.541026985716433
newsat-34,amelia,55045,2026-10-03T01:47:33.707997,2026-10-03T01:53:06.809614,2026-10-03T01:58:34.297158,49.107626543396194
newsat-34,amelia,55045,2026-10-03T13:48:21.465353,2026-10-03T13:53:46.145861,2026-10-03T13:59:19.247477,41.622906252952816
newsat-34,amelia,55045,2026-10-04T01:17:43.974616,2026-10-04T01:22:45.263157,2026-10-04T01:27:42.808983,17.74727729815233
newsat-34,amelia,55045,2026-10-04T02:50:40.956767,2026-10-04T02:55:39.438272,2026-10-04T03:00:35.112740,18.004125107270486
newsat-34,amelia,55045,2026-10-04T13:18:01.370575,2026-10-04T13:23:30.729477,2026-10-04T13:29:07.573808,62.36399670178279
newsat-34,amelia,55045,2026-10-05T02:20:00.965056,2026-10-05T02:25:32.195315,2026-10-05T02:30:57.811501,48.10011904530484
newsat-34,amelia,55045,2026-10-05T12:48:15.730786,2026-10-05T12:53:20.762042,2026-10-05T12:58:32.343048,22.13627517327342
newsat-34,amelia,55045,2026-10-05T14:21:34.322986,2026-10-05T14:26:19.704990,2026-10-05T14:31:11.636744,14.543976131431332
newsat-34,amelia,55045,2026-10-06T01:49:42.996194,2026-10-06T01:55:16.097811,2026-10-06T02:00:43.585355,53.14100529377999
newsat-34,amelia,55045,2026-10-06T13:50:29.645870,2026-10-06T13:55:53.390699,2026-10-06T14:01:25.556636,38.682720198137666
newsat-34,amelia,55045,2026-10-07T01:19:47.050180,2026-10-07T01:24:51.145758,2026-10-07T01:29:50.562941,18.846043121726073
newsat-34,amelia,55045,2026-10-07T02:52:48.538726,2026-10-07T02:57:43.277516,2026-10-07T03:02:35.209270,16.922081395307817
newsat-34,amelia,55045,2026-10-07T13:20:03.847580,2026-10-07T13:25:33.206482,2026-10-07T13:31:10.986492,67.31021823854563
newsat-34,amelia,55045,2026-10-08T02:22:03.270063,2026-10-08T02:27:32.628965,2026-10-08T02:32:57.309472,44.713775217785944
newsat-34,amelia,55045,2026-10-08T12:50:11.314044,2026-10-08T12:55:19.152336,2026-10-08T13:00:33.540378,23.442098365264922
newsat-34,amelia,55045,2026-10-08T14:23:37.137114,2026-10-08T14:28:18.776403,2026-10-08T14:33:06.965442,13.685657220757037
newsat-34,amelia,55045,2026-10-09T01:51:39.088569,2026-10-09T01:57:13.125865,2026-10-09T02:02:40.613409,57.115445368545096
newsat-34,amelia,55045,2026-10-09T13:52:25.566246,2026-10-09T13:57:48.375397,2026-10-09T14:03:18.669977,36.264562067041666
newsat-34,amelia,55045,2026-10-10T01:21:38.120162,2026-10-10T01:26:44.087097,2026-10-10T01:31:46.311316,19.885027060848888
newsat-34,amelia,55045,2026-10-10T02:54:43.860540,2026-10-10T02:59:34.856616,2026-10-10T03:04:23.045655,16.000748984205167
newsat-34,amelia,55045,2026-10-10T13:21:53.128764,2026-10-10T13:27:23.423345,2026-10-10T13:33:02.139034,72.01079029448519
newsat-34,amelia,55045,2026-10-11T02:23:52.633808,2026-10-11T02:29:20.121352,2026-10-11T02:34:42.930502,41.93620632819306
newsat-34,amelia,55045,2026-10-11T12:51:55.572836,2026-10-11T12:57:05.282485,2026-10-11T13:02:21.541885,24.67320051923908
newsat-34,amelia,55045,2026-10-11T14:25:27.436538,2026-10-11T14:30:06.268790,2026-10-11T14:34:50.715114,12.950103634078735
newsat-34,amelia,55045,2026-10-12T01:53:23.175362,2026-10-12T01:58:57.212658,2026-10-12T02:04:24.700202,60.92340574609063
newsat-34,amelia,55045,2026-10-12T13:54:09.226480,2026-10-12T13:59:31.099952,2026-10-12T14:04:59.523174,34.27708267971167
newsat-34,amelia,55045,2026-10-13T01:23:15.994327,2026-10-13T01:28:24.768297,2026-10-13T01:33:27.928195,20.850825143515447
newsat-34,amelia,55045,2026-10-13T02:56:26.241098,2026-10-13T03:01:13.494459,2026-10-13T03:05:58.876462,15.221098642002927
newsat-34,amelia,55045,2026-10-13T13:23:31.085487,2026-10-13T13:29:01.380068,2026-10-13T13:34:40.095757,76.3478676543944
newsat-34,amelia,55045,2026-10-14T02:25:29.737411,2026-10-14T02:30:55.353598,2026-10-14T02:36:17.227070,39.67415094428765
newsat-34,amelia,55045,2026-10-14T12:53:27.571486,2026-10-14T12:58:39.152493,2026-10-14T13:03:56.347571,25.807757951236848
newsat-34,amelia,55045,2026-10-14T14:27:05.049260,2026-10-14T14:31:40.138798,2026-10-14T14:36:21.778086,12.323104526280458
newsat-34,amelia,55045,2026-10-15T01:54:54.320893,2026-10-15T02:00:28.358189,2026-10-15T02:05:56.781411,64.46066916646308
newsat-34,amelia,55045,2026-10-15T12:24:03.190870,2026-10-15T12:28:22.373870,2026-10-15T12:32:44.363905,10.15112049429522
newsat-34,amelia,55045,2026-10-15T13:55:40.881131,2026-10-15T14:01:00.883246,2026-10-15T14:06:28.370790,32.649068659820756
newsat-34,amelia,55045,2026-10-16T01:24:42.798585,2026-10-16T01:29:52.508234,2026-10-16T01:34:57.539490,21.727912615235017
newsat-34,amelia,55045,2026-10-16T02:57:55.425833,2026-10-16T03:02:39.872158,2026-10-16T03:07:22.447125,14.569239183117894
newsat-34,amelia,55045,2026-10-16T13:24:56.782067,2026-10-16T13:30:27.076648,2026-10-16T13:36:05.792337,80.23189303361748
newsat-34,amelia,55045,2026-10-17T02:26:53.645194,2026-10-17T02:32:18.325702,2026-10-17T02:37:38.327817,37.849668433989805
newsat-34,amelia,55045,2026-10-17T12:54:46.628875,2026-10-17T13:00:00.081239,2026-10-17T13:05:18.211996,26.82270030745706
newsat-34,amelia,55045,2026-10-17T14:28:29.466161,2026-10-17T14:33:01.748663,2026-10-17T14:37:39.645236,11.795435442425589
newsat-34,amelia,55045,2026-10-18T01:56:14.141962,2026-10-18T02:01:47.243579,2026-10-18T02:07:15.666801,67.64472411500105
newsat-34,amelia,55045,2026-10-18T12:25:17.225866,2026-10-18T12:29:39.215902,2026-10-18T12:34:04.012972,10.547782061557317
newsat-34,amelia,55045,2026-10-18T13:56:59.339960,2026-10-18T14:02:18.406397,2026-10-18T14:07:44.022583,31.330161935002103
newsat-34,amelia,55045,2026-10-19T01:25:56.661580,2026-10-19T01:31:07.306908,2026-10-19T01:36:14.209521,22.50132383976637
newsat-34,amelia,55045,2026-10-19T02:59:12.350424,2026-10-19T03:03:53.989713,2026-10-19T03:08:33.757643,14.034149303677603
newsat-34,amelia,55045,2026-10-19T13:26:09.537383,2026-10-19T13:31:39.831964,2026-10-19T13:37:18.547653,83.5254436476792
newsat-34,amelia,55045,2026-10-20T02:28:04.611712,2026-10-20T02:33:28.356541,2026-10-20T02:38:47.422977,36.40016422065875
newsat-34,amelia,55045,2026-10-20T12:55:54.361797,2026-10-20T13:01:08.749840,2026-10-20T13:06:27.816276,27.697456662975746
newsat-34,amelia,55045,2026-10-20T14:29:41.622918,2026-10-20T14:34:11.098384,2026-10-20T14:38:46.187921,11.359564955663755
newsat-34,amelia,55045,2026-10-21T01:57:19.831527,2026-10-21T02:02:53.868823,2026-10-21T02:08:21.356367,70.39862083808165
newsat-34,amelia,55045,2026-10-21T12:26:19.255277,2026-10-21T12:30:43.116670,2026-10-21T12:35:09.785098,10.874157809346224
newsat-34,amelia,55045,2026-10-21T13:58:04.857526,2026-10-21T14:03:22.988284,2026-10-21T14:08:47.668791,30.279787211542722
newsat-34,amelia,55045,2026-10-22T01:26:58.264432,2026-10-22T01:32:09.845439,2026-10-22T01:37:16.748052,23.1575691429022
newsat-34,amelia,55045,2026-10-22T03:00:16.333754,2026-10-22T03:04:55.166006,2026-10-22T03:09:33.062579,13.606938882470084
newsat-34,amelia,55045,2026-10-22T13:27:10.032556,2026-10-22T13:32:40.327137,2026-10-22T13:38:18.107147,86.24280937330964
newsat-34,amelia,55045,2026-10-23T02:29:03.318087,2026-10-23T02:34:26.127238,2026-10-23T02:39:44.257995,35.283706989463006
newsat-34,amelia,55045,2026-10-23T12:56:50.089136,2026-10-23T13:02:04.477179,2026-10-23T13:07:24.479294,28.411002586773193
newsat-34,amelia,55045,2026-10-23T14:30:39.902734,2026-10-23T14:35:07.506842,2026-10-23T14:39:39.789342,11.009495288177286
newsat-34,amelia,55045,2026-10-24T01:58:14.451189,2026-10-24T02:03:47.552806,2026-10-24T02:09:15.040350,72.6391445260043
newsat-34,amelia,55045,2026-10-24T12:27:09.960224,2026-10-24T12:31:34.757296,2026-10-24T12:36:03.297081,11.12650986300839
newsat-34,amelia,55045,2026-10-24T13:58:57.433831,2026-10-24T14:04:14.628910,2026-10-24T14:09:38.373739,29.469153597880982
newsat-34,amelia,55045,2026-10-25T01:27:46.926021,2026-10-25T01:32:59.442706,2026-10-25T01:38:07.280997,23.682555793590858
newsat-34,amelia,55045,2026-10-25T03:01:07.121259,2026-10-25T03:05:44.082154,2026-10-25T03:10:21.043048,13.281726184532628
newsat-34,amelia,55045,2026-10-25T13:27:58.267586,2026-10-25T13:33:28.562167,2026-10-25T13:39:05.406498,88.41785201340585
newsat-34,amelia,55045,2026-10-26T02:29:49.083202,2026-10-26T02:35:10.956674,2026-10-26T02:40:29.087431,34.46499357374662
newsat-34,amelia,55045,2026-10-26T12:57:33.556334,2026-10-26T13:02:47.944377,2026-10-26T13:08:07.946492,28.947436363618607
newsat-34,amelia,55045,2026-10-26T14:31:26.176968,2026-10-26T14:35:50.974040,2026-10-26T14:40:21.385183,10.741300285128283
newsat-34,amelia,55045,2026-10-27T01:58:55.193909,2026-10-27T02:04:28.295526,2026-10-27T02:09:56.718748,74.31578945716892
newsat-34,amelia,55045,2026-10-27T12:27:48.405028,2026-10-27T12:32:14.137779,2026-10-27T12:36:43.613243,11.301838063116692
newsat-34,amelia,55045,2026-10-27T13:59:37.749993,2026-10-27T14:04:54.009393,2026-10-27T14:10:16.818543,28.87990256331008
newsat-34,amelia,55045,2026-10-28T01:28:24.263147,2026-10-28T01:33:36.779832,2026-10-28T01:38:45.553802,24.066004418007562
newsat-34,amelia,55045,2026-10-28T03:01:44.712944,2026-10-28T03:06:20.738161,2026-10-28T03:10:55.827698,13.05388140836896
newsat-34,amelia,55045,2026-10-28T13:28:32.880236,2026-10-28T13:34:03.174817,2026-10-28T13:39:40.019148,89.0578803189501
newsat-34,amelia,55045,2026-10-29T02:30:21.907052,2026-10-29T02:35:42.844846,2026-10-29T02:41:00.975603,33.920363247365
newsat-34,amelia,55045,2026-10-29T12:58:04.082268,2026-10-29T13:03:18.470311,2026-10-29T13:08:39.408104,29.291740804848626
newsat-34,amelia,55045,2026-10-29T14:31:58.319700,2026-10-29T14:36:22.181093,2026-10-29T14:40:50.720878,10.552698806574726
newsat-34,amelia,55045,2026-10-30T01:59:23.676486,2026-10-30T02:04:56.778103,2026-10-30T02:10:25.201325,75.41795852646305
newsat-34,amelia,55045,2026-10-30T12:28:13.908569,2026-10-30T12:32:40.576999,2026-10-30T12:37:10.052463,11.3978977872669
newsat-34,amelia,55045,2026-10-30T14:00:05.806011,2026-10-30T14:05:21.129733,2026-10-30T14:10:43.003205,28.49844387479496
newsat-34,amelia,55045,2026-10-31T01:28:47.977892,2026-10-31T01:34:00.494577,2026-10-31T01:39:10.204225,24.297092571433687
newsat-34,amelia,55045,2026-10-31T03:02:09.363368,2026-10-31T03:06:44.452906,2026-10-31T03:11:18.606764,12.91985019346576
newsat-34,amelia,55045,2026-10-31T13:28:56.168422,2026-10-31T13:34:25.527324,2026-10-31T13:40:02.371655,88.70622452863329
newsat-34,amelia,55045,2026-11-01T02:30:42.216202,2026-11-01T02:36:03.153996,2026-11-01T02:41:20.349074,33.64023749334385
newsat-34,amelia,55045,2026-11-01T12:58:22.348061,2026-11-01T13:03:36.736104,2026-11-01T13:08:56.738219,29.436998709664202
newsat-34,amelia,55045,2026-11-01T14:32:16.840052,2026-11-01T14:36:39.765767,2026-11-01T14:41:07.369874,10.44182795149632
newsat-34,amelia,55045,2026-11-02T01:59:39.217803,2026-11-02T02:05:12.319420,2026-11-02T02:10:40.742642,75.90272228466524
newsat-34,amelia,55045,2026-11-02T12:28:28.087648,2026-11-02T12:32:54.756078,2026-11-02T12:37:24.231542,11.414160344426136
newsat-34,amelia,55045,2026-11-02T14:00:19.303970,2026-11-02T14:05:34.627692,2026-11-02T14:10:55.565485,28.31468612956436
newsat-34,amelia,55045,2026-11-03T01:28:59.177934,2026-11-03T01:34:12.630298,2026-11-03T01:39:21.404268,24.37343218723823
newsat-34,amelia,55045,2026-11-03T03:02:20.817970,2026-11-03T03:06:55.907508,2026-11-03T03:11:30.061366,12.878201584199452
newsat-34,amelia,55045,2026-11-03T13:29:06.260786,2026-11-03T13:34:35.619688,2026-11-03T13:40:11.528340,88.79690981798817
newsat-34,amelia,55045,2026-11-04T02:30:49.838650,2026-11-04T02:36:09.840765,2026-11-04T02:41:27.035843,33.60950312339722
newsat-34,amelia,55045,2026-11-04T12:58:28.608271,2026-11-04T13:03:42.060635,2026-11-04T13:09:02.062750,29.377469538563815
newsat-34,amelia,55045,2026-11-04T14:32:23.100262,2026-11-04T14:36:45.090298,2026-11-04T14:41:12.694405,10.409054883907805
newsat-34,amelia,55045,2026-11-05T01:59:42.753537,2026-11-05T02:05:14.919475,2026-11-05T02:10:43.342697,75.75773006407789
newsat-34,amelia,55045,2026-11-05T12:28:30.261143,2026-11-05T12:32:55.993894,2026-11-05T12:37:24.533679,11.350736328212806
newsat-34,amelia,55045,2026-11-05T14:00:21.477465,2026-11-05T14:05:35.865508,2026-11-05T14:10:56.803301,28.329541996853234
newsat-34,amelia,55045,2026-11-06T01:28:58.626953,2026-11-06T01:34:11.143638,2026-11-06T01:39:20.853286,24.289417778892556
newsat-34,amelia,55045,2026-11-06T03:02:19.331310,2026-11-06T03:06:54.420848,2026-11-06T03:11:28.574706,12.92800769923178
newsat-34,amelia,55045,2026-11-06T13:29:03.666448,2026-11-06T13:34:32.089671,2026-11-06T13:40:07.998323,88.87960471928199
newsat-34,amelia,55045,2026-11-07T02:30:44.265276,2026-11-07T02:36:04.267391,2026-11-07T02:41:22.398148,33.83214016029326
newsat-34,amelia,55045,2026-11-07T12:58:21.672659,2026-11-07T13:03:35.125023,2026-11-07T13:08:54.191459,29.116995423345195
newsat-34,amelia,55045,2026-11-07T14:32:15.483531,2026-11-07T14:36:37.473567,2026-11-07T14:41:05.077674,10.454988600175188
newsat-34,amelia,55045,2026-11-08T01:59:33.093449,2026-11-08T02:05:05.259387,2026-11-08T02:10:33.682609,75.02065342229464
newsat-34,amelia,55045,2026-11-08T12:28:20.429056,2026-11-08T12:32:44.290449,2026-11-08T12:37:11.894556,11.209113030779202
newsat-34,amelia,55045,2026-11-08T14:00:09.774020,2026-11-08T14:05:24.162063,2026-11-08T14:10:45.099856,28.545089646078587
newsat-34,amelia,55045,2026-11-09T01:28:44.880151,2026-11-09T01:33:57.396836,2026-11-09T01:39:06.170806,24.04825350295426
newsat-34,amelia,55045,2026-11-09T03:02:03.967710,2026-11-09T03:06:39.992927,2026-11-09T03:11:16.018142,13.069828132902021
newsat-34,amelia,55045,2026-11-09T13:28:47.876289,2026-11-09T13:34:16.299512,2026-11-09T13:39:51.272486,89.05666386761827
newsat-34,amelia,55045,2026-11-10T02:30:24.814961,2026-11-10T02:35:45.752755,2026-11-10T02:41:04.819191,34.31181236916161
newsat-34,amelia,55045,2026-11-10T12:58:02.731464,2026-11-10T13:03:15.248149,2026-11-10T13:08:33.378906,28.660545222523382
newsat-34,amelia,55045,2026-11-10T14:31:53.989858,2026-11-10T14:36:16.915573,2026-11-10T14:40:44.519680,10.581618832719474
newsat-34,amelia,55045,2026-11-11T01:59:10.492097,2026-11-11T02:04:42.658035,2026-11-11T02:10:11.081257,73.66882032186376
newsat-34,amelia,55045,2026-11-11T12:27:58.336823,2026-11-11T12:32:20.326859,2026-11-11T12:36:46.059608,10.992250762421031
newsat-34,amelia,55045,2026-11-11T13:59:45.129311,2026-11-11T14:04:59.517354,2026-11-11T14:10:20.455147,28.970301116180593
newsat-34,amelia,55045,2026-11-12T01:28:18.446644,2026-11-12T01:33:30.027651,2026-11-12T01:38:38.801621,23.6527817529044
newsat-34,amelia,55045,2026-11-12T03:01:36.343966,2026-11-12T03:06:13.304861,2026-11-12T03:10:50.265755,13.305967484004107
newsat-34,amelia,55045,2026-11-12T13:28:19.144865,2026-11-12T13:33:47.568088,2026-11-12T13:39:22.541062,87.61237549246516
newsat-34,amelia,55045,2026-11-13T02:29:53.104502,2026-11-13T02:35:14.977974,2026-11-13T02:40:34.044410,35.06523172051081
newsat-34,amelia,55045,2026-11-13T12:57:30.849004,2026-11-13T13:02:42.430011,2026-11-13T13:07:59.625089,28.020434164624128
newsat-34,amelia,55045,2026-11-13T14:31:19.554923,2026-11-13T14:35:43.416316,2026-11-13T14:40:11.956101,10.79205746334597
newsat-34,amelia,55045,2026-11-14T01:58:34.949483,2026-11-14T02:04:07.115421,2026-11-14T02:09:36.474322,71.72795191466115
newsat-34,amelia,55045,2026-11-14T12:27:23.303329,2026-11-14T12:31:43.422007,2026-11-14T12:36:07.283399,10.703344468190473
newsat-34,amelia,55045,2026-11-14T13:59:06.607661,2026-11-14T14:04:21.931383,2026-11-14T14:09:42.869176,29.620051640782165
newsat-34,amelia,55045,2026-11-15T01:27:39.752994,2026-11-15T01:32:50.398322,2026-11-15T01:37:58.236613,23.11286904315755
newsat-34,amelia,55045,2026-11-15T03:00:55.524399,2026-11-15T03:05:34.356651,2026-11-15T03:10:12.253224,13.639667607044208
newsat-34,amelia,55045,2026-11-15T13:27:38.407858,2026-11-15T13:33:05.895402,2026-11-15T13:38:39.932697,85.23908470543833
newsat-34,amelia,55045,2026-11-16T02:29:09.388458,2026-11-16T02:34:31.261930,2026-11-16T02:39:51.264045,36.11116770757488
newsat-34,amelia,55045,2026-11-16T12:56:46.960961,2026-11-16T13:01:56.670610,2026-11-16T13:07:11.994331,27.213002658712476
newsat-34,amelia,55045,2026-11-16T14:30:31.243045,2026-11-16T14:34:56.975796,2026-11-16T14:39:27.386939,11.090642749177384
newsat-34,amelia,55045,2026-11-17T01:57:47.146726,2026-11-17T02:03:19.312664,2026-11-17T02:08:48.671565,69.26322742775322
newsat-34,amelia,55045,2026-11-17T12:26:36.945369,2026-11-17T12:30:54.257011,2026-11-17T12:35:15.311367,10.347107614535695
newsat-34,amelia,55045,2026-11-17T13:58:16.080427,2026-11-17T14:03:31.404149,2026-11-17T14:08:53.277621,30.516116864862067
newsat-34,amelia,55045,2026-11-18T01:26:48.118082,2026-11-18T01:31:57.827731,2026-11-18T01:37:04.730344,22.438052474089123
newsat-34,amelia,55045,2026-11-18T03:00:01.082450,2026-11-18T03:04:41.786060,2026-11-18T03:09:22.489669,14.074866158284191
newsat-34,amelia,55045,2026-11-18T13:26:44.729588,2026-11-18T13:32:11.281454,2026-11-18T13:37:45.318749,82.17677156715706
newsat-34,amelia,55045,2026-11-19T02:28:11.795475,2026-11-19T02:33:34.604626,2026-11-19T02:38:55.542419,37.481284287319205
newsat-34,amelia,55045,2026-11-19T12:55:49.877098,2026-11-19T13:00:58.651068,2026-11-19T13:06:12.103431,26.259328212141654
newsat-34,amelia,55045,2026-11-19T14:29:29.989908,2026-11-19T14:33:57.594016,2026-11-19T14:38:30.812195,11.483108762879748
newsat-34,amelia,55045,2026-11-20T01:56:45.467028,2026-11-20T02:02:18.568645,2026-11-20T02:07:46.991867,66.29754799375252
newsat-34,amelia,55045,2026-11-20T13:57:12.611932,2026-11-20T14:02:27.935654,2026-11-20T14:07:50.744804,31.68866634143227
newsat-34,amelia,55045,2026-11-21T01:25:44.477587,2026-11-21T01:30:52.315879,2026-11-21T01:35:58.282813,21.64108719553334
newsat-34,amelia,55045,2026-11-21T02:58:53.444681,2026-11-21T03:03:36.955327,2026-11-21T03:08:20.465972,14.61907850270879
newsat-34,amelia,55045,2026-11-21T13:25:37.855499,2026-11-21T13:31:04.407365,2026-11-21T13:36:37.508981,78.54119636064844
newsat-34,amelia,55045,2026-11-22T02:27:01.006672,2026-11-22T02:32:25.687180,2026-11-22T02:37:47.560652,39.22254670566314
newsat-34,amelia,55045,2026-11-22T12:54:40.106534,2026-11-22T12:59:47.009147,2026-11-22T13:04:59.525832,25.178438178058567
newsat-34,amelia,55045,2026-11-22T14:28:14.859831,2026-11-22T14:32:45.270976,2026-11-22T14:37:21.296191,11.97683092887801
newsat-34,amelia,55045,2026-11-23T01:55:32.036310,2026-11-23T02:01:04.202248,2026-11-23T02:06:33.561149,62.895901127562375
newsat-34,amelia,55045,2026-11-23T13:55:55.266500,2026-11-23T14:01:11.525900,2026-11-23T14:06:35.270729,33.178411451984566
newsat-34,amelia,55045,2026-11-24T01:24:26.960156,2026-11-24T01:29:33.862769,2026-11-24T01:34:37.958346,20.736186567150245
newsat-34,amelia,55045,2026-11-24T02:57:32.611094,2026-11-24T03:02:19.864455,2026-11-24T03:07:05.246458,15.28122653035476
newsat-34,amelia,55045,2026-11-24T13:24:18.294710,2026-11-24T13:29:43.910897,2026-11-24T13:35:17.012513,74.30001346428156
newsat-34,amelia,55045,2026-11-25T02:25:37.531170,2026-11-25T02:31:03.147357,2026-11-25T02:36:26.892186,41.38712576529818
newsat-34,amelia,55045,2026-11-25T12:53:18.075828,2026-11-25T12:58:23.107084,2026-11-25T13:03:33.752411,23.995689699511697
newsat-34,amelia,55045,2026-11-25T14:26:46.788494,2026-11-25T14:31:20.006675,2026-11-25T14:35:58.838927,12.581176636750046
newsat-34,amelia,55045,2026-11-26T01:54:05.409769,2026-11-26T01:59:37.575707,2026-11-26T02:05:06.934608,59.17518205534597
newsat-34,amelia,55045,2026-11-26T13:54:24.979804,2026-11-26T13:59:42.174883,2026-11-26T14:05:06.855390,35.03959279132271
newsat-34,amelia,55045,2026-11-27T01:22:58.118257,2026-11-27T01:28:03.149513,2026-11-27T01:33:05.373732,19.739092417149738
newsat-34,amelia,55045,2026-11-27T02:55:59.090802,2026-11-27T03:00:49.151199,2026-11-27T03:05:38.275917,16.07219895897236
newsat-34,amelia,55045,2026-11-27T13:22:45.792658,2026-11-27T13:28:10.473166,2026-11-27T13:33:43.574782,69.61014641205
newsat-34,amelia,55045,2026-11-28T02:24:00.859843,2026-11-28T02:29:28.347387,2026-11-28T02:34:53.027894,44.05913813150329
newsat-34,amelia,55045,2026-11-28T12:51:44.039538,2026-11-28T12:56:46.263758,2026-11-28T13:01:54.102049,22.732145050160405
newsat-34,amelia,55045,2026-11-28T14:25:04.159097,2026-11-28T14:29:41.119992,2026-11-28T14:34:23.694959,13.307645167782454
newsat-34,amelia,55045,2026-11-29T01:52:25.841968,2026-11-29T01:57:58.007906,2026-11-29T02:03:26.431128,55.218884085355235
newsat-34,amelia,55045,2026-11-29T13:52:41.751848,2026-11-29T13:57:59.882606,2026-11-29T14:03:25.498792,37.34401651964878
newsat-34,amelia,55045,2026-11-30T01:21:15.908538,2026-11-30T01:26:18.132758,2026-11-30T01:31:18.485620,18.662694392030858
newsat-34,amelia,55045,2026-11-30T02:54:12.629249,2026-11-30T02:59:05.496682,2026-11-30T03:03:58.364114,17.007708287805812
newsat-34,amelia,55045,2026-11-30T13:21:00.094782,2026-11-30T13:26:24.775290,2026-11-30T13:31:56.941227,64.62248220568875
newsat-34,amelia,55045,2026-12-01T02:22:11.501811,2026-12-01T02:27:39.925034,2026-12-01T02:33:06.476899,47.329706839003784
newsat-34,amelia,55045,2026-12-01T12:49:57.061984,2026-12-01T12:54:56.479168,2026-12-01T13:00:01.510424,21.409151098476155
newsat-34,amelia,55045,2026-12-01T14:23:09.269554,2026-12-01T14:27:49.973164,2026-12-01T14:32:36.290846,14.172102120867576
newsat-34,amelia,55045,2026-12-02T01:50:34.268582,2026-12-02T01:56:05.498841,2026-12-02T02:01:32.986385,51.13164848715831
newsat-34,amelia,55045,2026-12-02T13:50:44.646949,2026-12-02T13:56:04.649064,2026-12-02T14:01:32.136608,40.18628763473695
newsat-34,amelia,55045,2026-12-03T01:19:21.438677,2026-12-03T01:24:20.855861,2026-12-03T01:29:17.466008,17.523906275469397
newsat-34,amelia,55045,2026-12-03T02:52:12.036197,2026-12-03T02:57:09.582023,2026-12-03T03:02:05.256491,18.108722930021457
newsat-34,amelia,55045,2026-12-03T13:19:01.710208,2026-12-03T13:24:25.455037,2026-12-03T13:29:56.685296,59.44343254859458
newsat-34,amelia,55045,2026-12-04T02:20:08.947961,2026-12-04T02:25:39.242542,2026-12-04T02:31:06.730086,51.33677214012535
newsat-34,amelia,55045,2026-12-04T12:47:57.143171,2026-12-04T12:52:53.753319,2026-12-04T12:57:55.977538,20.046048825070503
newsat-34,amelia,55045,2026-12-04T14:21:00.757633,2026-12-04T14:25:45.203958,2026-12-04T14:30:36.200033,15.192939393936065
newsat-34,amelia,55045,2026-12-05T01:48:29.072814,2026-12-05T01:53:59.367395,2026-12-05T01:59:26.854939,47.0092307760021
newsat-34,amelia,55045,2026-12-05T13:48:35.536466,2026-12-05T13:53:56.474260,2026-12-05T13:59:24.897482,43.6899868790329
newsat-34,amelia,55045,2026-12-06T01:17:14.963230,2026-12-06T01:22:10.637699,2026-12-06T01:27:03.505131,16.33572902853442
newsat-34,amelia,55045,2026-12-06T02:49:59.692117,2026-12-06T02:55:00.044980,2026-12-06T03:00:00.397842,19.40045382511287
newsat-34,amelia,55045,2026-12-06T13:16:51.065485,2026-12-06T13:22:13.874636,2026-12-06T13:27:44.169216,54.25878534176072
newsat-34,amelia,55045,2026-12-07T02:17:53.452845,2026-12-07T02:23:25.618783,2026-12-07T02:28:54.042005,56.2282472204515
newsat-34,amelia,55045,2026-12-07T12:45:45.218768,2026-12-07T12:50:38.086201,2026-12-07T12:55:36.567705,18.659684042163043
newsat-34,amelia,55045,2026-12-07T14:18:39.304442,2026-12-07T14:23:27.493482,2026-12-07T14:28:23.167950,16.395400812318297
newsat-34,amelia,55045,2026-12-08T01:46:11.616900,2026-12-08T01:51:40.975802,2026-12-08T01:57:06.591988,42.95118630941784
newsat-34,amelia,55045,2026-12-08T13:46:12.803600,2026-12-08T13:51:34.677072,2026-12-08T13:57:04.971652,48.009009606326394
newsat-34,amelia,55045,2026-12-09T01:14:55.801076,2026-12-09T01:19:46.797152,2026-12-09T01:24:34.986191,15.110356826261063
newsat-34,amelia,55045,2026-12-09T02:47:33.216535,2026-12-09T02:52:38.247791,2026-12-09T02:57:41.407689,20.919847808200636
newsat-34,amelia,55045,2026-12-09T13:14:27.734060,2026-12-09T13:19:48.671854,2026-12-09T13:25:18.030755,49.185424705156464
newsat-34,amelia,55045,2026-12-10T02:15:25.271028,2026-12-10T02:20:58.372645,2026-12-10T02:26:27.731546,62.1669895138247
newsat-34,amelia,55045,2026-12-10T12:43:20.353106,2026-12-10T12:48:09.477825,2026-12-10T12:53:04.216614,17.26416352403181
newsat-34,amelia,55045,2026-12-10T14:16:03.974316,2026-12-10T14:20:56.841749,2026-12-10T14:25:57.194611,17.8119394972276
newsat-34,amelia,55045,2026-12-11T01:43:40.538608,2026-12-11T01:49:08.961831,2026-12-11T01:54:32.706660,39.01850056541854
newsat-34,amelia,55045,2026-12-11T13:43:37.810594,2026-12-11T13:49:00.619745,2026-12-11T13:54:31.850004,53.348297866808046
newsat-34,amelia,55045,2026-12-12T01:12:23.697667,2026-12-12T01:17:10.015349,2026-12-12T01:21:53.525994,13.859536435805799
newsat-34,amelia,55045,2026-12-12T02:44:54.054256,2026-12-12T02:50:02.828226,2026-12-12T02:55:09.730839,22.71242483399328
newsat-34,amelia,55045,2026-12-12T13:11:50.525696,2026-12-12T13:17:10.527811,2026-12-12T13:22:38.951033,44.34255148930851
newsat-34,amelia,55045,2026-12-13T02:12:44.147950,2026-12-13T02:18:18.185246,2026-12-13T02:23:48.479826,69.31629012384892
newsat-34,amelia,55045,2026-12-13T12:40:44.162982,2026-12-13T12:45:28.609307,2026-12-13T12:50:18.669704,15.871391895927783
newsat-34,amelia,55045,2026-12-13T14:13:15.702929,2026-12-13T14:18:13.248755,2026-12-13T14:23:17.344332,19.485426907155777
newsat-34,amelia,55045,2026-12-14T01:40:57.454734,2026-12-14T01:46:24.006600,2026-12-14T01:51:45.880072,35.26630299897392
newsat-34,amelia,55045,2026-12-14T13:40:49.195209,2026-12-14T13:46:12.940038,2026-12-14T13:51:46.041654,59.91398380559726
newsat-34,amelia,55045,2026-12-15T01:09:39.843235,2026-12-15T01:14:19.611166,2026-12-15T01:18:56.572060,12.592586056769813
newsat-34,amelia,55045,2026-12-15T02:42:02.631834,2026-12-15T02:47:15.148519,2026-12-15T02:52:24.858167,24.84444668755121
newsat-34,amelia,55045,2026-12-15T13:09:01.992868,2026-12-15T13:14:20.123626,2026-12-15T13:19:45.739812,39.806929623287594
newsat-34,amelia,55045,2026-12-16T02:09:50.083610,2026-12-16T02:15:25.056584,2026-12-16T02:20:55.351164,77.75878394353828
newsat-34,amelia,55045,2026-12-16T12:37:54.350476,2026-12-16T12:42:34.118407,2026-12-16T12:47:18.564731,14.488941132605655
newsat-34,amelia,55045,2026-12-16T14:10:14.744838,2026-12-16T14:15:16.033379,2026-12-16T14:20:25.743027,21.472734063595812
newsat-34,amelia,55045,2026-12-17T01:38:01.684156,2026-12-17T01:43:25.428985,2026-12-17T01:48:44.495421,31.724302693953103
newsat-34,amelia,55045,2026-12-17T03:11:38.370731,2026-12-17T03:15:58.489409,2026-12-17T03:20:18.608087,10.250757225881154
newsat-34,amelia,55045,2026-12-17T13:37:47.638557,2026-12-17T13:43:12.319065,2026-12-17T13:48:46.356360,67.90740328054133
newsat-34,amelia,55045,2026-12-18T01:06:43.983217,2026-12-18T01:11:16.265719,2026-12-18T01:15:45.741183,11.31809090447639
newsat-34,amelia,55045,2026-12-18T02:38:56.905910,2026-12-18T02:44:13.165310,2026-12-18T02:49:26.617673,27.40089655449506
newsat-34,amelia,55045,2026-12-18T13:05:59.837662,2026-12-18T13:11:16.097062,2026-12-18T13:16:39.841891,35.60694590385737
newsat-34,amelia,55045,2026-12-19T02:06:43.332570,2026-12-19T02:12:18.305544,2026-12-19T02:17:49.535803,87.2463189704829
newsat-34,amelia,55045,2026-12-19T12:34:53.468067,2026-12-19T12:39:26.686248,2026-12-19T12:44:04.582821,13.123681838728897
newsat-34,amelia,55045,2026-12-19T14:06:59.909808,2026-12-19T14:12:05.876743,2026-12-19T14:17:20.264785,23.85311790329842
newsat-34,amelia,55045,2026-12-20T01:34:52.972317,2026-12-20T01:40:13.910111,2026-12-20T01:45:30.169511,28.409384101366285
newsat-34,amelia,55045,2026-12-20T03:08:21.409784,2026-12-20T03:12:49.013892,2026-12-20T03:17:16.617999,11.416699047979279
newsat-34,amelia,55045,2026-12-20T13:34:33.140647,2026-12-20T13:39:58.756834,2026-12-20T13:45:33.729808,77.39818734407208
newsat-34,amelia,55045,2026-12-21T01:03:36.372178,2026-12-21T01:07:59.297893,2026-12-21T01:12:20.352249,10.042384448387391
newsat-34,amelia,55045,2026-12-21T02:35:38.919845,2026-12-21T02:40:58.921960,2026-12-21T02:46:15.181360,30.50879586427831
newsat-34,amelia,55045,2026-12-21T13:02:45.676871,2026-12-21T13:07:59.129235,2026-12-21T13:13:20.067028,31.756242490458202
newsat-34,amelia,55045,2026-12-22T02:03:23.640266,2026-12-22T02:08:58.613240,2026-12-22T02:14:28.907820,82.07130144410135
newsat-34,amelia,55045,2026-12-22T12:31:40.580074,2026-12-22T12:36:06.312825,2026-12-22T12:40:37.659647,11.779892941462196
newsat-34,amelia,55045,2026-12-22T14:03:33.069195,2026-12-22T14:08:42.778844,2026-12-22T14:14:00.909601,26.736026291279746
newsat-34,amelia,55045,2026-12-23T01:31:32.509456,2026-12-23T01:36:48.768856,2026-12-23T01:42:01.285541,25.322144062459614
newsat-34,amelia,55045,2026-12-23T03:04:50.571896,2026-12-23T03:09:26.597113,2026-12-23T03:14:01.686650,12.750619202675917
newsat-34,amelia,55045,2026-12-23T13:31:06.637154,2026-12-23T13:36:32.253341,2026-12-23T13:42:07.226315,88.0284052715418
newsat-34,amelia,55045,2026-12-24T02:32:08.247075,2026-12-24T02:37:31.056226,2026-12-24T02:42:51.058341,34.33888800334637
newsat-34,amelia,55045,2026-12-24T12:59:18.574816,2026-12-24T13:04:29.220144,2026-12-24T13:09:47.350901,28.24354474512863
newsat-34,amelia,55045,2026-12-24T14:33:04.810818,2026-12-24T14:37:26.800854,2026-12-24T14:41:55.340639,10.633364550346242
newsat-34,amelia,55045,2026-12-25T01:59:51.006700,2026-12-25T02:05:25.979674,2026-12-25T02:10:55.338575,71.44935480168581
newsat-34,amelia,55045,2026-12-25T12:28:15.686498,2026-12-25T12:32:32.998140,2026-12-25T12:36:55.923853,10.460168683476642
newsat-34,amelia,55045,2026-12-25T13:59:52.351640,2026-12-25T14:05:06.739683,2026-12-25T14:10:28.613155,30.27572734823213
newsat-34,amelia,55045,2026-12-26T01:27:58.424211,2026-12-26T01:33:10.005218,2026-12-26T01:38:17.843509,22.455583474058646
newsat-34,amelia,55045,2026-12-26T03:01:07.047306,2026-12-26T03:05:50.557952,2026-12-26T03:10:33.132919,14.287998414191193
newsat-34,amelia,55045,2026-12-26T13:27:27.192398,2026-12-26T13:32:52.808585,2026-12-26T13:38:27.781559,80.17607086963422
newsat-34,amelia,55045,2026-12-27T02:28:23.697367,2026-12-27T02:33:50.249233,2026-12-27T02:39:12.122705,39.13969452546074
newsat-34,amelia,55045,2026-12-27T12:55:39.467180,2026-12-27T13:00:46.369793,2026-12-27T13:05:59.822156,25.045104286987776
newsat-34,amelia,55045,2026-12-27T14:29:09.879204,2026-12-27T14:33:41.226027,2026-12-27T14:38:19.122600,12.170900885294875
newsat-34,amelia,55045,2026-12-28T01:56:05.940991,2026-12-28T02:01:39.042608,2026-12-28T02:07:07.465830,61.248152922722504
newsat-34,amelia,55045,2026-12-28T13:55:59.883062,2026-12-28T14:01:17.078141,2026-12-28T14:06:42.694327,34.690648825149836
newsat-34,amelia,55045,2026-12-29T01:24:12.333384,2026-12-29T01:29:18.300319,2026-12-29T01:34:20.524538,19.7978121037166
newsat-34,amelia,55045,2026-12-29T02:57:10.581453,2026-12-29T03:02:01.577529,2026-12-29T03:06:50.702247,16.078113701825863
newsat-34,amelia,55045,2026-12-29T13:23:34.125260,2026-12-29T13:28:59.741447,2026-12-29T13:34:34.714421,68.75250215286087
newsat-34,amelia,55045,2026-12-30T02:24:26.715517,2026-12-30T02:29:55.138740,2026-12-30T02:35:19.819247,45.248778680396306
newsat-34,amelia,55045,2026-12-30T12:51:48.353961,2026-12-30T12:56:50.578181,2026-12-30T13:01:59.352151,22.130877179614036
newsat-34,amelia,55045,2026-12-30T14:25:01.579769,2026-12-30T14:29:41.347700,2026-12-30T14:34:28.601060,13.951652044306732
newsat-34,amelia,55045,2026-12-31T01:52:06.998343,2026-12-31T01:57:39.164281,2026-12-31T02:03:05.716146,52.03157463250323
newsat-34,amelia,55045,2026-12-31T13:51:53.537544,2026-12-31T13:57:14.475338,2026-12-31T14:02:43.834239,40.29558898764592
newsat-37,joan,56203,2026-01-01T02:26:22.395494,2026-01-01T02:31:24.497745,2026-01-01T02:36:33.945948,34.027697598151164
newsat-37,joan,56203,2026-01-01T15:21:23.523750,2026-01-01T15:26:44.909124,2026-01-01T15:32:01.703279,76.7811123536463
newsat-37,joan,56203,2026-01-02T03:16:14.272182,2026-01-02T03:21:16.374433,2026-01-02T03:26:26.740880,31.887854530318368
newsat-37,joan,56203,2026-01-02T14:39:35.645958,2026-01-02T14:44:20.301574,2026-01-02T14:49:02.202459,16.143177213258003
newsat-37,joan,56203,2026-01-02T16:11:43.690451,2026-01-02T16:16:27.427823,2026-01-02T16:21:10.246952,17.078449269434625
newsat-37,joan,56203,2026-01-03T02:33:50.171015,2026-01-03T02:38:57.782730,2026-01-03T02:44:12.740397,45.34262672923348
newsat-37,joan,56203,2026-01-03T15:28:57.477161,2026-01-03T15:34:18.862535,2026-01-03T15:39:35.656690,78.94691687617521
newsat-37,joan,56203,2026-01-04T01:52:40.960746,2026-01-04T01:56:52.559581,2026-01-04T02:01:09.667881,10.966553476750622
newsat-37,joan,56203,2026-01-04T03:23:55.571545,2026-01-04T03:28:50.327844,2026-01-04T03:33:53.348340,24.551231811292016
newsat-37,joan,56203,2026-01-04T14:46:57.662199,2026-01-04T14:51:54.254986,2026-01-04T14:56:47.174799,20.58925328005967
newsat-37,joan,56203,2026-01-04T16:19:25.401675,2026-01-04T16:23:55.365388,2026-01-04T16:28:24.410859,13.512402593864827
newsat-37,joan,56203,2026-01-05T02:41:16.022275,2026-01-05T02:46:26.388721,2026-01-05T02:51:45.937608,61.81011024806573
newsat-37,joan,56203,2026-01-05T15:36:28.169457,2026-01-05T15:41:46.800099,2026-01-05T15:47:01.757766,57.993032487531465
newsat-37,joan,56203,2026-01-06T01:59:49.027780,2026-01-06T02:04:17.155005,2026-01-06T02:08:49.873451,13.985010809055375
newsat-37,joan,56203,2026-01-06T03:31:34.028402,2026-01-06T03:36:19.602262,2026-01-06T03:41:12.522075,19.209948669547924
newsat-37,joan,56203,2026-01-06T14:54:16.417321,2026-01-06T14:59:22.192548,2026-01-06T15:04:23.376556,26.31452656013029
newsat-37,joan,56203,2026-01-06T16:27:03.601962,2026-01-06T16:31:17.955529,2026-01-06T16:35:31.390853,10.60473354205861
newsat-37,joan,56203,2026-01-07T02:48:38.781212,2026-01-07T02:53:50.984146,2026-01-07T02:59:11.451277,83.89087472584644
newsat-37,joan,56203,2026-01-07T15:43:54.432574,2026-01-07T15:49:09.390240,2026-01-07T15:54:20.674931,43.075686508242065
newsat-37,joan,56203,2026-01-08T02:06:56.338613,2026-01-08T02:11:36.403009,2026-01-08T02:16:21.976870,17.623187825484692
newsat-37,joan,56203,2026-01-08T03:39:10.560997,2026-01-08T03:43:44.197686,2026-01-08T03:48:25.180327,15.118708272639596
newsat-37,joan,56203,2026-01-08T15:01:32.579760,2026-01-08T15:06:44.782694,2026-01-08T15:11:52.394410,34.017486832106435
newsat-37,joan,56203,2026-01-09T02:55:58.947465,2026-01-09T03:01:10.232155,2026-01-09T03:06:31.617530,72.4528261332791
newsat-37,joan,56203,2026-01-09T15:51:16.516338,2026-01-09T15:56:25.964540,2026-01-09T16:01:31.739768,32.92256011741943
newsat-37,joan,56203,2026-01-10T02:14:00.138518,2026-01-10T02:18:50.303598,2026-01-10T02:23:46.896386,22.151584781083375
newsat-37,joan,56203,2026-01-10T03:46:43.582666,2026-01-10T03:51:03.445696,2026-01-10T03:55:29.736435,11.847811188348757
newsat-37,joan,56203,2026-01-10T15:08:44.562837,2026-01-10T15:14:01.356991,2026-01-10T15:19:13.559926,44.80871397620533
newsat-37,joan,56203,2026-01-11T03:03:14.434722,2026-01-11T03:08:24.801168,2026-01-11T03:13:44.350055,53.38793591786069
newsat-37,joan,56203,2026-01-11T14:27:04.517126,2026-01-11T14:31:20.707181,2026-01-11T14:35:34.142505,10.280210354594603
newsat-37,joan,56203,2026-01-11T15:58:34.420738,2026-01-11T16:03:36.522989,2026-01-11T16:08:35.870509,25.806995740267457
newsat-37,joan,56203,2026-01-12T02:21:01.095920,2026-01-12T02:25:59.525195,2026-01-12T02:31:04.382179,28.002916153526062
newsat-37,joan,56203,2026-01-12T15:15:51.698129,2026-01-12T15:21:11.247015,2026-01-12T15:26:26.204682,60.123002328875614
newsat-37,joan,56203,2026-01-13T03:10:26.660866,2026-01-13T03:15:33.354337,2026-01-13T03:20:49.230248,40.05203246693805
newsat-37,joan,56203,2026-01-13T14:33:58.128577,2026-01-13T14:38:29.928778,2026-01-13T14:42:59.892493,13.146494193176155
newsat-37,joan,56203,2026-01-13T16:05:48.145781,2026-01-13T16:10:41.065593,2026-01-13T16:15:31.230674,20.57715693162985
newsat-37,joan,56203,2026-01-14T02:27:57.873960,2026-01-14T02:33:02.730943,2026-01-14T02:38:14.933878,35.868100764256084
newsat-37,joan,56203,2026-01-14T15:22:53.735817,2026-01-14T15:28:15.121191,2026-01-14T15:33:30.997102,80.47293845194308
newsat-37,joan,56203,2026-01-15T03:17:34.457835,2026-01-15T03:22:36.560086,2026-01-15T03:27:46.926533,30.90054237046763
newsat-37,joan,56203,2026-01-15T14:40:46.892238,2026-01-15T14:45:32.466098,2026-01-15T14:50:14.366983,16.525434432181168
newsat-37,joan,56203,2026-01-15T16:12:56.354608,2026-01-15T16:17:38.255492,2026-01-15T16:22:18.319889,16.55258155448361
newsat-37,joan,56203,2026-01-16T02:34:51.390882,2026-01-16T02:39:59.920841,2026-01-16T02:45:16.714996,46.80723660101839
newsat-37,joan,56203,2026-01-16T15:29:51.175529,2026-01-16T15:35:11.642659,2026-01-16T15:40:26.600326,77.15252073075452
newsat-37,joan,56203,2026-01-17T01:53:22.296577,2026-01-17T01:57:36.650144,2026-01-17T02:01:55.594932,11.20804300327939
newsat-37,joan,56203,2026-01-17T03:24:37.407009,2026-01-17T03:29:33.081552,2026-01-17T03:34:36.102048,24.384796073341825
newsat-37,joan,56203,2026-01-17T14:47:32.644592,2026-01-17T14:52:28.319135,2026-01-17T14:57:20.320704,20.623165821996245
newsat-37,joan,56203,2026-01-17T16:19:59.715640,2026-01-17T16:24:28.761109,2026-01-17T16:28:55.970092,13.334495058471791
newsat-37,joan,56203,2026-01-18T02:41:39.141766,2026-01-18T02:46:50.426456,2026-01-18T02:52:10.893587,62.08028480412643
newsat-37,joan,56203,2026-01-18T15:36:43.099023,2026-01-18T15:42:00.811421,2026-01-18T15:47:14.850844,58.12018907029976
newsat-37,joan,56203,2026-01-19T01:59:53.681117,2026-01-19T02:04:21.808342,2026-01-19T02:08:55.445032,13.966236933837514
newsat-37,joan,56203,2026-01-19T03:31:35.508396,2026-01-19T03:36:22.918744,2026-01-19T03:41:17.675044,19.523697233582993
newsat-37,joan,56203,2026-01-19T14:54:12.880734,2026-01-19T14:59:16.819473,2026-01-19T15:04:16.166993,25.75412860155691
newsat-37,joan,56203,2026-01-19T16:26:56.892032,2026-01-19T16:31:11.245599,2026-01-19T16:35:24.680923,10.678286998700951
newsat-37,joan,56203,2026-01-20T02:48:21.795052,2026-01-20T02:53:34.916230,2026-01-20T02:58:56.301605,81.88865612223819
newsat-37,joan,56203,2026-01-20T15:43:28.338246,2026-01-20T15:48:43.295912,2026-01-20T15:53:52.744115,44.26687086454683
newsat-37,joan,56203,2026-01-21T02:06:20.217871,2026-01-21T02:11:00.282267,2026-01-21T02:15:45.856128,17.20421446094546
newsat-37,joan,56203,2026-01-21T03:38:28.761996,2026-01-21T03:43:06.071661,2026-01-21T03:47:49.809034,15.736656797965328
newsat-37,joan,56203,2026-01-21T15:00:46.932234,2026-01-21T15:05:57.298680,2026-01-21T15:11:03.073908,32.40307259615959
newsat-37,joan,56203,2026-01-22T02:54:58.932119,2026-01-22T03:00:12.053297,2026-01-22T03:05:34.356916,76.71682106294784
newsat-37,joan,56203,2026-01-22T15:50:07.642638,2026-01-22T15:55:17.090840,2026-01-22T16:00:22.866068,34.565465203427735
newsat-37,joan,56203,2026-01-23T02:12:43.074895,2026-01-23T02:17:31.403487,2026-01-23T02:22:27.078031,21.096405347958054
newsat-37,joan,56203,2026-01-23T03:45:17.417624,2026-01-23T03:49:41.871874,2026-01-23T03:54:13.672076,12.675667840476352
newsat-37,joan,56203,2026-01-23T15:07:15.467516,2026-01-23T15:12:30.425182,2026-01-23T15:17:39.873385,41.30827722676373
newsat-37,joan,56203,2026-01-24T03:01:30.303154,2026-01-24T03:06:42.506088,2026-01-24T03:12:02.973219,58.50762036687289
newsat-37,joan,56203,2026-01-24T15:56:40.512572,2026-01-24T16:01:43.533067,2026-01-24T16:06:42.880587,27.630177283898853
newsat-37,joan,56203,2026-01-25T02:18:59.247645,2026-01-25T02:23:55.840432,2026-01-25T02:28:58.860928,25.90409713499643
newsat-37,joan,56203,2026-01-25T03:52:00.307221,2026-01-25T03:56:10.987812,2026-01-25T04:00:27.177868,10.126686790910012
newsat-37,joan,56203,2026-01-25T15:13:37.149731,2026-01-25T15:18:54.862129,2026-01-25T15:24:07.065064,53.440211989533395
newsat-37,joan,56203,2026-01-26T03:07:55.489555,2026-01-26T03:13:04.937757,2026-01-26T03:18:23.568400,45.04038432639921
newsat-37,joan,56203,2026-01-26T14:31:25.944495,2026-01-26T14:35:49.480501,2026-01-26T14:40:10.261777,11.669736225741131
newsat-37,joan,56203,2026-01-26T16:03:05.611201,2026-01-26T16:08:01.285744,2026-01-26T16:12:53.287313,22.471882002637063
newsat-37,joan,56203,2026-01-27T02:25:10.154001,2026-01-27T02:30:12.256252,2026-01-27T02:35:22.622699,32.0130749889302
newsat-37,joan,56203,2026-01-27T15:19:52.647307,2026-01-27T15:25:11.277949,2026-01-27T15:30:24.399128,69.55930205081964
newsat-37,joan,56203,2026-01-28T03:14:14.241492,2026-01-28T03:19:20.016719,2026-01-28T03:24:34.056142,35.48057138166006
newsat-37,joan,56203,2026-01-28T14:37:27.499615,2026-01-28T14:42:03.891036,2026-01-28T14:46:36.609482,14.350311094183011
newsat-37,joan,56203,2026-01-28T16:09:24.525181,2026-01-28T16:14:11.017285,2026-01-28T16:18:54.754658,18.48410790393076
newsat-37,joan,56203,2026-01-29T02:31:13.707650,2026-01-29T02:36:21.319365,2026-01-29T02:41:36.277032,39.99098104054959
newsat-37,joan,56203,2026-01-29T15:26:00.373564,2026-01-29T15:31:19.004206,2026-01-29T15:36:32.125385,88.44703424549377
newsat-37,joan,56203,2026-01-30T03:20:25.890544,2026-01-30T03:25:27.074551,2026-01-30T03:30:35.604510,28.5690346326828
newsat-37,joan,56203,2026-01-30T14:43:23.119908,2026-01-30T14:48:09.612012,2026-01-30T14:52:52.431141,17.446116497166262
newsat-37,joan,56203,2026-01-30T16:15:35.667848,2026-01-30T16:20:12.059269,2026-01-30T16:24:45.695959,15.293585047254005
newsat-37,joan,56203,2026-01-31T02:37:11.326476,2026-01-31T02:42:21.692922,2026-01-31T02:47:40.323565,50.57385612273237
newsat-37,joan,56203,2026-01-31T15:32:00.328510,2026-01-31T15:37:18.040908,2026-01-31T15:42:30.243843,72.09872693483435
newsat-37,joan,56203,2026-02-01T01:55:11.653299,2026-02-01T01:59:29.679841,2026-02-01T02:03:52.297605,11.782264048958831
newsat-37,joan,56203,2026-02-01T03:26:30.686523,2026-02-01T03:31:25.442822,2026-02-01T03:36:27.545074,23.391587961659788
newsat-37,joan,56203,2026-02-01T14:49:11.887129,2026-02-01T14:54:06.643428,2026-02-01T14:58:56.808509,21.094952322258536
newsat-37,joan,56203,2026-02-01T16:21:39.289014,2026-02-01T16:26:03.743264,2026-02-01T16:30:26.361028,12.667430515861861
newsat-37,joan,56203,2026-02-02T02:43:00.924166,2026-02-02T02:48:14.045344,2026-02-02T02:53:34.512475,64.43814869115866
newsat-37,joan,56203,2026-02-02T15:37:51.843709,2026-02-02T15:43:07.719619,2026-02-02T15:48:18.086066,56.40910096407913
newsat-37,joan,56203,2026-02-03T02:00:46.052704,2026-02-03T02:05:16.016417,2026-02-03T02:09:49.653107,14.16329996939982
newsat-37,joan,56203,2026-02-03T03:32:27.711187,2026-02-03T03:37:15.121535,2026-02-03T03:42:09.877835,19.370040666079422
newsat-37,joan,56203,2026-02-03T14:54:52.464423,2026-02-03T14:59:53.648430,2026-02-03T15:04:50.241218,25.48884066860253
newsat-37,joan,56203,2026-02-03T16:27:35.138866,2026-02-03T16:31:46.737701,2026-02-03T16:35:56.500049,10.455860598507627
newsat-37,joan,56203,2026-02-04T02:48:43.668786,2026-02-04T02:53:57.708208,2026-02-04T02:59:19.093583,81.34676088789831
newsat-37,joan,56203,2026-02-04T15:43:35.837413,2026-02-04T15:48:48.040347,2026-02-04T15:53:55.652063,44.71475252799296
newsat-37,joan,56203,2026-02-05T02:06:13.848854,2026-02-05T02:10:52.995007,2026-02-05T02:15:36.732380,16.85722598953571
newsat-37,joan,56203,2026-02-05T03:38:16.964538,2026-02-05T03:42:56.110691,2026-02-05T03:47:41.684552,16.143624170218565
newsat-37,joan,56203,2026-02-05T15:00:25.270405,2026-02-05T15:05:31.963876,2026-02-05T15:10:33.147884,30.902728209755047
newsat-37,joan,56203,2026-02-06T02:54:17.973666,2026-02-06T02:59:32.013088,2026-02-06T03:04:53.398463,80.68019380246031
newsat-37,joan,56203,2026-02-06T15:49:10.473128,2026-02-06T15:54:19.003087,2026-02-06T15:59:22.941827,36.1978332585119
newsat-37,joan,56203,2026-02-07T02:11:34.123506,2026-02-07T02:16:20.615610,2026-02-07T02:21:13.535423,19.948165785062994
newsat-37,joan,56203,2026-02-07T03:43:58.696390,2026-02-07T03:48:27.741859,2026-02-07T03:53:02.296793,13.482577903379475
newsat-37,joan,56203,2026-02-07T15:05:48.968216,2026-02-07T15:11:00.252906,2026-02-07T15:16:06.028134,37.70726994526856
newsat-37,joan,56203,2026-02-08T02:59:43.838803,2026-02-08T03:04:56.959981,2026-02-08T03:10:18.345356,64.62084936249252
newsat-37,joan,56203,2026-02-08T15:54:36.669105,2026-02-08T15:59:40.607844,2026-02-08T16:04:39.955364,29.893686071496724
newsat-37,joan,56203,2026-02-09T02:16:45.708600,2026-02-09T02:21:39.546656,2026-02-09T02:26:38.894176,23.55022359446084
newsat-37,joan,56203,2026-02-09T03:49:32.906744,2026-02-09T03:53:50.015043,2026-02-09T03:58:13.551051,11.237903678078975
newsat-37,joan,56203,2026-02-09T15:11:05.394349,2026-02-09T15:16:18.515527,2026-02-09T15:21:27.045486,46.374223915991344
newsat-37,joan,56203,2026-02-10T03:05:01.932630,2026-02-10T03:10:13.217320,2026-02-10T03:15:31.847963,51.88910944143181
newsat-37,joan,56203,2026-02-10T15:59:54.006731,2026-02-10T16:04:51.517762,2026-02-10T16:09:45.355818,25.090512980875246
newsat-37,joan,56203,2026-02-11T02:21:49.772200,2026-02-11T02:26:49.119719,2026-02-11T02:31:53.976703,27.813487769583936
newsat-37,joan,56203,2026-02-11T15:16:11.794067,2026-02-11T15:21:26.751733,2026-02-11T15:26:37.118180,57.36879476696703
newsat-37,joan,56203,2026-02-12T03:10:10.000041,2026-02-12T03:15:19.448243,2026-02-12T03:20:35.324154,42.2943767731938
newsat-37,joan,56203,2026-02-12T14:33:21.320400,2026-02-12T14:37:43.938162,2026-02-12T14:42:04.719438,11.912657271940239
newsat-37,joan,56203,2026-02-12T16:05:01.317942,2026-02-12T16:09:52.401266,2026-02-12T16:14:40.729859,21.323598144739808
newsat-37,joan,56203,2026-02-13T02:26:45.645875,2026-02-13T02:31:48.666370,2026-02-13T02:36:58.114573,32.9330540416493
newsat-37,joan,56203,2026-02-13T15:21:09.085619,2026-02-13T15:26:24.961529,2026-02-13T15:31:35.327976,70.81230007404093
newsat-37,joan,56203,2026-02-14T03:15:09.877528,2026-02-14T03:20:15.652755,2026-02-14T03:25:27.855690,35.0998946830859
newsat-37,joan,56203,2026-02-14T14:38:06.087371,2026-02-14T14:42:38.805816,2026-02-14T14:47:08.769531,14.014958951518075
newsat-37,joan,56203,2026-02-14T16:09:59.520983,2026-02-14T16:14:43.258355,2026-02-14T16:19:24.240996,18.290273334847335
newsat-37,joan,56203,2026-02-15T02:31:31.493132,2026-02-15T02:36:38.186603,2026-02-15T02:41:50.389538,39.15515888990807
newsat-37,joan,56203,2026-02-15T15:25:55.682326,2026-02-15T15:31:12.476480,2026-02-15T15:36:23.761171,85.8911175570299
newsat-37,joan,56203,2026-02-16T03:19:59.978416,2026-02-16T03:25:01.162423,2026-02-16T03:30:09.692382,29.608551799206438
newsat-37,joan,56203,2026-02-16T14:42:41.995990,2026-02-16T14:47:22.978630,2026-02-16T14:52:00.288296,16.32199021961763
newsat-37,joan,56203,2026-02-16T16:14:47.947427,2026-02-16T16:19:23.420604,2026-02-16T16:23:57.057294,15.791520514697014
newsat-37,joan,56203,2026-02-17T02:36:08.482036,2026-02-17T02:41:17.011995,2026-02-17T02:46:32.887906,46.7555863102355
newsat-37,joan,56203,2026-02-17T15:30:33.420678,2026-02-17T15:35:49.296588,2026-02-17T15:40:59.663035,78.98041487362181
newsat-37,joan,56203,2026-02-18T01:53:34.881097,2026-02-18T01:57:45.561688,2026-02-18T02:02:00.833500,10.705510905719795
newsat-37,joan,56203,2026-02-18T03:24:40.052889,2026-02-18T03:29:36.645676,2026-02-18T03:34:40.584416,25.3181911102478
newsat-37,joan,56203,2026-02-18T14:47:08.377823,2026-02-18T14:51:55.788171,2026-02-18T14:56:40.443788,18.873045565385095
newsat-37,joan,56203,2026-02-18T16:19:25.679026,2026-02-18T16:23:52.888007,2026-02-18T16:28:19.178746,13.695021465607352
newsat-37,joan,56203,2026-02-19T02:40:35.444524,2026-02-19T02:45:45.810970,2026-02-19T02:51:03.523369,55.98227236953801
newsat-37,joan,56203,2026-02-19T15:35:00.714005,2026-02-19T15:40:14.753427,2026-02-19T15:45:24.201630,65.68671238550886
newsat-37,joan,56203,2026-02-20T01:57:47.813360,2026-02-20T02:02:07.676390,2026-02-20T02:06:32.130641,12.322850487986104
newsat-37,joan,56203,2026-02-20T03:29:10.350764,2026-02-20T03:34:01.434088,2026-02-20T03:38:59.863364,21.884077871356514
newsat-37,joan,56203,2026-02-20T14:51:24.983062,2026-02-20T14:56:17.902874,2026-02-20T15:01:08.067955,21.71541375883375
newsat-37,joan,56203,2026-02-20T16:23:53.634030,2026-02-20T16:28:11.660572,2026-02-20T16:32:28.768872,11.909200671454975
newsat-37,joan,56203,2026-02-21T02:44:51.712174,2026-02-21T02:50:03.915108,2026-02-21T02:55:22.545751,66.87487780332452
newsat-37,joan,56203,2026-02-21T15:39:17.312493,2026-02-21T15:44:29.515427,2026-02-21T15:49:38.045386,54.90835771203699
newsat-37,joan,56203,2026-02-22T02:01:50.969026,2026-02-22T02:06:19.096251,2026-02-22T02:10:50.896453,14.035154982647699
newsat-37,joan,56203,2026-02-22T03:33:29.953799,2026-02-22T03:38:15.527659,2026-02-22T03:43:07.529228,19.076147753011455
newsat-37,joan,56203,2026-02-22T14:55:30.893459,2026-02-22T15:00:29.322734,2026-02-22T15:05:23.160790,24.902837042345087
newsat-37,joan,56203,2026-02-22T16:28:10.225763,2026-02-22T16:32:19.069867,2026-02-22T16:36:27.913972,10.368562875665756
newsat-37,joan,56203,2026-02-23T02:48:59.121469,2026-02-23T02:54:11.324403,2026-02-23T02:59:29.955046,79.06029897383434
newsat-37,joan,56203,2026-02-23T15:43:23.216137,2026-02-23T15:48:33.582583,2026-02-23T15:53:39.357811,46.49985409005048
newsat-37,joan,56203,2026-02-24T02:05:44.597910,2026-02-24T02:10:19.152843,2026-02-24T02:14:58.298996,15.851460548943383
newsat-37,joan,56203,2026-02-24T03:37:39.111808,2026-02-24T03:42:18.257961,2026-02-24T03:47:03.831822,16.73751914055242
newsat-37,joan,56203,2026-02-24T14:59:26.608648,2026-02-24T15:04:28.710899,2026-02-24T15:09:27.140175,28.492683296769453
newsat-37,joan,56203,2026-02-25T02:52:54.499067,2026-02-25T02:58:06.702001,2026-02-25T03:03:25.332644,88.02148544573227
newsat-37,joan,56203,2026-02-25T15:47:18.006328,2026-02-25T15:52:25.618043,2026-02-25T15:57:29.556783,39.982436971516016
newsat-37,joan,56203,2026-02-26T02:09:28.450199,2026-02-26T02:14:08.514595,2026-02-26T02:18:52.251968,17.781939350164887
newsat-37,joan,56203,2026-02-26T03:41:36.906552,2026-02-26T03:46:09.624997,2026-02-26T03:50:47.852907,14.760869201471488
newsat-37,joan,56203,2026-02-26T15:03:10.960570,2026-02-26T15:08:16.735797,2026-02-26T15:13:17.919805,32.54960648737731
newsat-37,joan,56203,2026-02-27T02:56:40.100072,2026-02-27T03:01:51.384762,2026-02-27T03:07:10.015405,76.4115079745662
newsat-37,joan,56203,2026-02-27T15:51:00.764829,2026-02-27T15:56:05.621812,2026-02-27T16:01:07.724064,34.89316729388738
newsat-37,joan,56203,2026-02-28T02:13:01.189035,2026-02-28T02:17:45.844651,2026-02-28T02:22:35.091488,19.83389472356566
newsat-37,joan,56203,2026-02-28T03:45:24.256270,2026-02-28T03:49:49.628763,2026-02-28T03:54:20.510722,13.070128677878804
newsat-37,joan,56203,2026-02-28T15:06:45.117283,2026-02-28T15:11:52.728998,2026-02-28T15:16:56.667738,37.13114338122288
newsat-37,joan,56203,2026-03-01T03:00:13.419564,2026-03-01T03:05:24.704254,2026-03-01T03:10:41.498409,66.01167502959525
newsat-37,joan,56203,2026-03-01T15:54:32.828487,2026-03-01T15:59:34.930738,2026-03-01T16:04:33.360014,30.86878070937985
newsat-37,joan,56203,2026-03-02T02:16:23.482849,2026-03-02T02:21:11.811441,2026-03-02T02:26:05.649497,22.0142048910833
newsat-37,joan,56203,2026-03-02T03:48:59.574293,2026-03-02T03:53:17.600835,2026-03-02T03:57:40.218599,11.609781049586761
newsat-37,joan,56203,2026-03-02T15:10:07.242302,2026-03-02T15:15:16.690504,2026-03-02T15:20:23.383976,42.2798547909351
newsat-37,joan,56203,2026-03-03T03:03:35.875420,2026-03-03T03:08:45.323622,2026-03-03T03:14:01.199533,57.32988350676212
newsat-37,joan,56203,2026-03-03T15:57:53.110266,2026-03-03T16:02:51.539541,2026-03-03T16:07:48.132329,27.631807761471872
newsat-37,joan,56203,2026-03-04T02:19:34.413394,2026-03-04T02:24:26.414962,2026-03-04T02:29:23.007750,24.326262596087417
newsat-37,joan,56203,2026-03-04T03:52:23.778863,2026-03-04T03:56:33.541211,2026-03-04T04:00:48.813023,10.339465081110234
newsat-37,joan,56203,2026-03-04T15:13:18.004053,2026-03-04T15:18:29.288743,2026-03-04T15:23:36.900459,48.01445238730678
newsat-37,joan,56203,2026-03-05T03:06:46.968007,2026-03-05T03:11:54.579722,2026-03-05T03:17:09.537389,50.306074903374814
newsat-37,joan,56203,2026-03-05T16:01:01.360350,2026-03-05T16:05:56.116649,2026-03-05T16:10:49.036462,24.99484835109358
newsat-37,joan,56203,2026-03-06T02:22:33.562059,2026-03-06T02:27:28.318358,2026-03-06T02:32:28.584122,26.76647285318751
newsat-37,joan,56203,2026-03-06T15:16:16.065679,2026-03-06T15:21:29.186857,2026-03-06T15:26:37.716816,54.2823382279751
newsat-37,joan,56203,2026-03-07T03:09:45.110656,2026-03-07T03:14:51.804127,2026-03-07T03:20:04.007062,44.667503138236924
newsat-37,joan,56203,2026-03-07T14:32:27.600853,2026-03-07T14:36:42.872664,2026-03-07T14:40:57.226232,10.890519157066404
newsat-37,joan,56203,2026-03-07T16:03:56.660490,2026-03-07T16:08:48.662058,2026-03-07T16:13:38.827139,22.822852465710938
newsat-37,joan,56203,2026-03-08T02:25:21.597271,2026-03-08T02:30:18.190058,2026-03-08T02:35:20.292310,29.327425526398045
newsat-37,joan,56203,2026-03-08T15:19:03.263670,2026-03-08T15:24:16.384848,2026-03-08T15:29:25.833051,60.9639418223884
newsat-37,joan,56203,2026-03-09T03:12:31.471424,2026-03-09T03:17:36.328407,2026-03-09T03:22:46.694854,40.13751849346051
newsat-37,joan,56203,2026-03-09T14:35:03.692146,2026-03-09T14:39:25.391664,2026-03-09T14:43:45.254696,11.938922888094844
newsat-37,joan,56203,2026-03-09T16:06:40.178756,2026-03-09T16:11:28.507348,2026-03-09T16:16:15.917697,21.01744337147723
newsat-37,joan,56203,2026-03-10T02:27:56.682545,2026-03-10T02:32:56.030064,2026-03-10T02:37:59.968804,31.991864658908185
newsat-37,joan,56203,2026-03-10T15:21:36.843294,2026-03-10T15:26:50.882716,2026-03-10T15:32:02.167407,67.8547461851834
newsat-37,joan,56203,2026-03-11T03:15:06.050314,2026-03-11T03:20:08.152565,2026-03-11T03:25:16.682524,36.48387595329241
newsat-37,joan,56203,2026-03-11T14:37:28.251376,2026-03-11T14:41:54.542113,2026-03-11T14:46:19.914608,12.962616367267122
newsat-37,joan,56203,2026-03-11T16:09:10.747082,2026-03-11T16:13:56.320942,2026-03-11T16:18:40.058315,19.50907278310166
newsat-37,joan,56203,2026-03-12T02:30:20.235755,2026-03-12T02:35:20.501518,2026-03-12T02:40:26.276746,34.726042195291974
newsat-37,joan,56203,2026-03-12T15:23:59.309464,2026-03-12T15:29:13.348886,2026-03-12T15:34:24.633577,74.7351492724767
newsat-37,joan,56203,2026-03-13T03:17:27.010834,2026-03-13T03:22:27.276597,2026-03-13T03:27:33.970069,33.52316316220103
newsat-37,joan,56203,2026-03-13T14:39:39.860660,2026-03-13T14:44:11.660861,2026-03-13T14:48:40.706332,13.951577803962884
newsat-37,joan,56203,2026-03-13T16:11:28.865095,2026-03-13T16:16:10.765979,2026-03-13T16:20:51.748620,18.244347238464183
newsat-37,joan,56203,2026-03-14T02:32:31.757267,2026-03-14T02:37:32.941274,2026-03-14T02:42:40.552990,37.494396923237346
newsat-37,joan,56203,2026-03-14T15:26:07.488836,2026-03-14T15:31:22.446502,2026-03-14T15:36:33.731193,81.27973671291215
newsat-37,joan,56203,2026-03-15T03:19:35.271228,2026-03-15T03:24:33.700503,2026-03-15T03:29:38.557487,31.116943498688947
newsat-37,joan,56203,2026-03-15T14:41:40.187694,2026-03-15T14:46:14.742627,2026-03-15T14:50:48.379317,14.89212949157131
newsat-37,joan,56203,2026-03-15T16:13:33.364737,2026-03-15T16:18:12.510890,2026-03-15T16:22:50.738800,17.18585689222864
newsat-37,joan,56203,2026-03-16T02:34:29.910224,2026-03-16T02:39:32.012475,2026-03-16T02:44:40.542434,40.23642528401981
newsat-37,joan,56203,2026-03-16T15:28:03.886326,2026-03-16T15:33:18.843992,2026-03-16T15:38:30.128683,87.28743513899462
newsat-37,joan,56203,2026-03-17T03:21:30.163067,2026-03-17T03:26:26.755854,2026-03-17T03:31:29.776350,29.160029519786857
newsat-37,joan,56203,2026-03-17T14:43:26.896358,2026-03-17T14:48:05.124267,2026-03-17T14:52:41.515689,15.771412465906863
newsat-37,joan,56203,2026-03-17T16:15:24.246010,2026-03-17T16:20:01.555675,2026-03-17T16:24:37.028853,16.30466740966491
newsat-37,joan,56203,2026-03-18T02:36:15.363052,2026-03-18T02:41:18.383547,2026-03-18T02:46:27.831750,42.89075937048574
newsat-37,joan,56203,2026-03-18T15:29:47.165078,2026-03-18T15:35:01.204500,2026-03-18T15:40:13.407435,87.09824960913429
newsat-37,joan,56203,2026-03-19T03:23:11.686352,2026-03-19T03:28:06.442651,2026-03-19T03:33:07.626659,27.57587344983449
newsat-37,joan,56203,2026-03-19T14:45:01.154716,2026-03-19T14:49:42.137356,2026-03-19T14:54:21.283509,16.57389839141911
newsat-37,joan,56203,2026-03-19T16:17:02.926793,2026-03-19T16:21:36.563482,2026-03-19T16:26:10.200172,15.577694979232673
newsat-37,joan,56203,2026-03-20T02:37:48.365579,2026-03-20T02:42:51.386074,2026-03-20T02:48:00.834277,45.37742128458189
newsat-37,joan,56203,2026-03-20T15:31:15.907225,2026-03-20T15:36:30.864891,2026-03-20T15:41:43.067826,82.73689911875942
newsat-37,joan,56203,2026-03-21T03:24:39.841094,2026-03-21T03:29:32.760906,2026-03-21T03:34:33.026670,26.30767290597515
newsat-37,joan,56203,2026-03-21T14:46:22.962771,2026-03-21T14:51:05.781899,2026-03-21T14:55:46.764540,17.284200431499276
newsat-37,joan,56203,2026-03-21T16:18:27.070969,2026-03-21T16:22:58.871170,2026-03-21T16:27:30.671372,14.989454593138694
newsat-37,joan,56203,2026-03-22T02:39:07.331130,2026-03-22T02:44:10.351625,2026-03-22T02:49:20.718072,47.61117779295797
newsat-37,joan,56203,2026-03-22T15:32:32.199064,2026-03-22T15:37:47.156730,2026-03-22T15:42:58.441421,79.08633533192473
newsat-37,joan,56203,2026-03-23T03:25:53.709040,2026-03-23T03:30:45.710608,2026-03-23T03:35:44.139884,25.314090033993114
newsat-37,joan,56203,2026-03-23T14:47:30.733849,2026-03-23T14:52:15.389465,2026-03-23T14:56:58.208594,17.8866264392978
newsat-37,joan,56203,2026-03-23T16:19:37.178168,2026-03-23T16:24:07.141881,2026-03-23T16:28:37.105596,14.526587747428467
newsat-37,joan,56203,2026-03-24T02:40:12.928131,2026-03-24T02:45:15.948626,2026-03-24T02:50:27.233317,49.519033650235755
newsat-37,joan,56203,2026-03-24T15:33:34.453928,2026-03-24T15:38:49.411594,2026-03-24T15:44:00.696285,76.20717684719057
newsat-37,joan,56203,2026-03-25T01:55:55.970738,2026-03-25T02:00:00.223622,2026-03-25T02:04:09.067727,10.237692614943382
newsat-37,joan,56203,2026-03-25T03:26:54.458254,2026-03-25T03:31:44.623334,2026-03-25T03:36:42.134366,24.563922391236652
newsat-37,joan,56203,2026-03-25T14:48:25.136376,2026-03-25T14:53:11.628480,2026-03-25T14:57:55.365853,18.368090293286524
newsat-37,joan,56203,2026-03-25T16:20:33.666999,2026-03-25T16:25:02.712468,2026-03-25T16:29:30.839695,14.18147453737809
newsat-37,joan,56203,2026-03-26T02:41:04.238336,2026-03-26T02:46:08.177075,2026-03-26T02:51:19.461766,51.03350753465083
newsat-37,joan,56203,2026-03-26T15:34:23.590055,2026-03-26T15:39:37.629477,2026-03-26T15:44:49.832412,74.10362691679232
newsat-37,joan,56203,2026-03-27T01:56:39.678420,2026-03-27T02:00:45.767792,2026-03-27T02:04:55.530140,10.444601140384993
newsat-37,joan,56203,2026-03-27T03:27:40.252241,2026-03-27T03:32:29.499077,2026-03-27T03:37:26.091865,24.036399704751737
newsat-37,joan,56203,2026-03-27T14:49:06.420164,2026-03-27T14:53:53.830512,2026-03-27T14:58:38.486129,18.715422568346096
newsat-37,joan,56203,2026-03-27T16:21:15.450420,2026-03-27T16:25:43.577645,2026-03-27T16:30:10.786628,13.946292576549393
newsat-37,joan,56203,2026-03-28T02:41:42.429802,2026-03-28T02:46:46.368541,2026-03-28T02:51:57.653232,52.08555079014849
newsat-37,joan,56203,2026-03-28T15:34:57.521140,2026-03-28T15:40:12.478806,2026-03-28T15:45:23.763497,72.7986128292844
newsat-37,joan,56203,2026-03-29T01:57:10.517186,2026-03-29T02:01:16.606558,2026-03-29T02:05:27.287150,10.570157461408053
newsat-37,joan,56203,2026-03-29T03:28:11.759434,2026-03-29T03:33:01.006270,2026-03-29T03:37:56.680814,23.719241586504854
newsat-37,joan,56203,2026-03-29T14:49:33.916791,2026-03-29T14:54:21.327139,2026-03-29T14:59:06.901000,18.917959800635114
newsat-37,joan,56203,2026-03-29T16:21:42.947047,2026-03-29T16:26:11.074272,2026-03-29T16:30:38.283255,13.817858948202543
newsat-37,joan,56203,2026-03-30T02:42:06.584291,2026-03-30T02:47:10.523030,2026-03-30T02:52:21.807721,52.63153265219496
newsat-37,joan,56203,2026-03-30T15:35:18.333490,2026-03-30T15:40:33.291156,2026-03-30T15:45:44.575847,72.23152705896801
newsat-37,joan,56203,2026-03-31T01:57:27.069153,2026-03-31T02:01:34.076769,2026-03-31T02:05:44.757361,10.61210156336944
newsat-37,joan,56203,2026-03-31T03:28:28.561218,2026-03-31T03:33:17.808054,2026-03-31T03:38:13.482598,23.60244165648435
newsat-37,joan,56203,2026-03-31T14:49:47.376438,2026-03-31T14:54:34.786786,2026-03-31T14:59:20.360647,18.96959597033816
newsat-37,joan,56203,2026-03-31T16:21:55.738266,2026-03-31T16:26:23.865491,2026-03-31T16:30:51.074474,13.793531355078489
newsat-37,joan,56203,2026-04-01T02:42:16.951617,2026-04-01T02:47:19.972112,2026-04-01T02:52:31.256803,52.63795201276693
newsat-37,joan,56203,2026-04-01T15:35:24.440435,2026-04-01T15:40:39.398101,2026-04-01T15:45:50.682792,72.38277488408222
newsat-37,joan,56203,2026-04-02T01:57:30.752204,2026-04-02T02:01:36.841576,2026-04-02T02:05:47.522168,10.568330468814978
newsat-37,joan,56203,2026-04-02T03:28:31.575841,2026-04-02T03:33:19.904433,2026-04-02T03:38:15.578977,23.6852952966908
newsat-37,joan,56203,2026-04-02T14:49:46.799107,2026-04-02T14:54:34.209455,2026-04-02T14:59:19.783316,18.867736191370405
newsat-37,joan,56203,2026-04-02T16:21:54.492507,2026-04-02T16:26:22.619732,2026-04-02T16:30:49.828715,13.87411756516526
newsat-37,joan,56203,2026-04-03T02:42:12.363721,2026-04-03T02:47:15.384216,2026-04-03T02:52:26.668907,52.10964459074401
newsat-37,joan,56203,2026-04-03T15:35:15.841972,2026-04-03T15:40:30.799638,2026-04-03T15:45:43.002573,73.2622286079736
newsat-37,joan,56203,2026-04-04T01:57:20.398274,2026-04-04T02:01:25.569402,2026-04-04T02:05:35.331750,10.439109274242933
newsat-37,joan,56203,2026-04-04T03:28:18.716996,2026-04-04T03:33:07.963832,2026-04-04T03:38:04.556620,23.973801757453923
newsat-37,joan,56203,2026-04-04T14:49:31.516369,2026-04-04T14:54:18.926717,2026-04-04T14:59:03.582334,18.612559302157706
newsat-37,joan,56203,2026-04-04T16:21:38.291525,2026-04-04T16:26:07.336994,2026-04-04T16:30:35.464221,14.06223495981967
newsat-37,joan,56203,2026-04-05T02:41:53.738844,2026-04-05T02:46:56.759339,2026-04-05T02:52:07.125786,51.06263173259096
newsat-37,joan,56203,2026-04-05T15:34:53.206533,2026-04-05T15:40:08.164199,2026-04-05T15:45:19.448890,74.93956388361592
newsat-37,joan,56203,2026-04-06T01:56:55.338941,2026-04-06T02:00:59.591825,2026-04-06T02:05:07.517686,10.22524003807066
newsat-37,joan,56203,2026-04-06T03:27:51.402564,2026-04-06T03:32:40.649400,2026-04-06T03:37:38.160432,24.47648308394509
newsat-37,joan,56203,2026-04-06T14:49:02.446471,2026-04-06T14:53:48.938575,2026-04-06T14:58:32.675948,18.208775877606733
newsat-37,joan,56203,2026-04-06T16:21:06.466895,2026-04-06T16:25:37.348852,2026-04-06T16:30:06.394323,14.362000065338353
newsat-37,joan,56203,2026-04-07T02:41:20.658379,2026-04-07T02:46:22.760630,2026-04-07T02:51:33.127077,49.517183371845036
newsat-37,joan,56203,2026-04-07T15:34:15.865684,2026-04-07T15:39:30.823350,2026-04-07T15:44:42.108041,77.42789476489033
newsat-37,joan,56203,2026-04-08T03:27:09.132906,2026-04-08T03:31:59.297986,2026-04-08T03:36:57.727262,25.214203502558334
newsat-37,joan,56203,2026-04-08T14:48:18.671162,2026-04-08T14:53:04.245022,2026-04-08T14:57:46.145907,17.66435691423395
newsat-37,joan,56203,2026-04-08T16:20:20.855098,2026-04-08T16:24:52.655299,2026-04-08T16:29:23.537258,14.78040554536372
newsat-37,joan,56203,2026-04-09T02:40:31.954262,2026-04-09T02:45:34.056513,2026-04-09T02:50:44.422960,47.536766623247836
newsat-37,joan,56203,2026-04-09T15:33:22.901185,2026-04-09T15:38:38.777095,2026-04-09T15:43:50.061786,80.78487435297076
newsat-37,joan,56203,2026-04-10T03:26:11.489415,2026-04-10T03:31:02.572739,2026-04-10T03:36:02.838503,26.21081986022071
newsat-37,joan,56203,2026-04-10T14:47:21.358511,2026-04-10T14:52:04.177639,2026-04-10T14:56:44.242036,16.989951358700324
newsat-37,joan,56203,2026-04-10T16:19:18.951227,2026-04-10T16:23:52.587916,2026-04-10T16:28:25.306362,15.32707483731215
newsat-37,joan,56203,2026-04-11T02:39:29.213169,2026-04-11T02:44:31.315420,2026-04-11T02:49:40.763623,45.201218558166104
newsat-37,joan,56203,2026-04-11T15:32:15.481099,2026-04-11T15:37:31.357009,2026-04-11T15:42:42.641700,84.97363304178778
newsat-37,joan,56203,2026-04-12T03:24:58.222275,2026-04-12T03:29:51.142087,2026-04-12T03:34:52.326095,27.50674851880149
newsat-37,joan,56203,2026-04-12T14:46:08.672024,2026-04-12T14:50:48.736420,2026-04-12T14:55:26.046086,16.199174769180704
newsat-37,joan,56203,2026-04-12T16:18:02.092132,2026-04-12T16:22:38.483553,2026-04-12T16:27:13.038487,16.017265127939005
newsat-37,joan,56203,2026-04-13T02:38:12.266302,2026-04-13T02:43:12.532065,2026-04-13T02:48:21.980268,42.5732531953369
newsat-37,joan,56203,2026-04-13T15:30:53.355607,2026-04-13T15:36:09.231517,2026-04-13T15:41:20.516208,89.18097266297539
newsat-37,joan,56203,2026-04-14T03:23:30.499547,2026-04-14T03:28:24.337603,2026-04-14T03:33:27.358099,29.15385007011858
newsat-37,joan,56203,2026-04-14T14:44:41.280134,2026-04-14T14:49:18.589799,2026-04-14T14:53:53.144733,15.307861373759224
newsat-37,joan,56203,2026-04-14T16:16:29.859207,2026-04-14T16:21:09.005360,2026-04-14T16:25:46.315026,16.86894044778742
newsat-37,joan,56203,2026-04-15T02:36:39.695789,2026-04-15T02:41:39.043308,2026-04-15T02:46:47.573267,39.75286884961293
newsat-37,joan,56203,2026-04-15T15:29:15.856285,2026-04-15T15:34:31.732195,2026-04-15T15:39:42.098642,83.68198942254058
newsat-37,joan,56203,2026-04-16T03:21:46.234928,2026-04-16T03:26:42.827715,2026-04-16T03:31:46.766455,31.228616957891617
newsat-37,joan,56203,2026-04-16T14:42:59.432656,2026-04-16T14:47:33.069345,2026-04-16T14:52:03.033060,14.330921701576743
newsat-37,joan,56203,2026-04-16T16:14:42.252449,2026-04-16T16:19:24.153333,2026-04-16T16:24:04.217730,17.9075631193592
newsat-37,joan,56203,2026-04-17T02:34:52.419866,2026-04-17T02:39:50.849141,2026-04-17T02:44:57.542613,36.82349457995441
newsat-37,joan,56203,2026-04-17T15:27:23.232942,2026-04-17T15:32:38.190608,2026-04-17T15:37:48.557055,76.89332523857257
newsat-37,joan,56203,2026-04-18T03:19:46.846288,2026-04-18T03:24:45.275563,2026-04-18T03:29:51.969035,33.83023344186028
newsat-37,joan,56203,2026-04-18T14:41:02.461157,2026-04-18T14:45:31.506626,2026-04-18T14:49:57.797365,13.283397061771383
newsat-37,joan,56203,2026-04-18T16:12:38.353609,2026-04-18T16:17:23.927469,2026-04-18T16:22:06.746598,19.167218007984815
newsat-37,joan,56203,2026-04-19T02:32:50.019923,2026-04-19T02:37:46.612710,2026-04-19T02:42:51.469694,33.85458035398012
newsat-37,joan,56203,2026-04-19T15:25:14.985946,2026-04-19T15:30:29.943612,2026-04-19T15:35:39.391815,69.65917123634047
newsat-37,joan,56203,2026-04-20T03:17:33.002054,2026-04-20T03:22:32.349573,2026-04-20T03:27:40.879532,37.104198109352446
newsat-37,joan,56203,2026-04-20T14:38:51.034066,2026-04-20T14:43:14.570072,2026-04-20T14:47:34.433104,12.180371600896724
newsat-37,joan,56203,2026-04-20T16:10:19.330751,2026-04-20T16:15:07.659343,2026-04-20T16:19:53.233204,20.69367396558104
newsat-37,joan,56203,2026-04-21T02:30:32.246148,2026-04-21T02:35:27.002447,2026-04-21T02:40:30.022943,30.91396342840247
newsat-37,joan,56203,2026-04-21T15:22:51.614934,2026-04-21T15:28:05.654356,2026-04-21T15:33:14.184315,62.2043082640564
newsat-37,joan,56203,2026-04-22T03:15:02.197317,2026-04-22T03:20:03.381324,2026-04-22T03:25:13.747771,41.24793795322881
newsat-37,joan,56203,2026-04-22T14:36:24.482959,2026-04-22T14:40:41.591258,2026-04-22T14:44:55.944826,11.035103297433944
newsat-37,joan,56203,2026-04-22T16:07:44.684243,2026-04-22T16:12:36.685811,2026-04-22T16:17:25.014404,22.55353196517393
newsat-37,joan,56203,2026-04-23T02:27:59.098537,2026-04-23T02:32:52.018349,2026-04-23T02:37:52.284113,28.050847553356554
newsat-37,joan,56203,2026-04-23T15:20:12.201658,2026-04-23T15:25:25.322836,2026-04-23T15:30:32.934552,54.87936263991191
newsat-37,joan,56203,2026-04-24T03:12:16.018745,2026-04-24T03:17:19.039240,2026-04-24T03:22:31.242175,46.541340094813336
newsat-37,joan,56203,2026-04-24T16:04:54.245291,2026-04-24T16:09:49.001590,2026-04-24T16:14:41.003159,24.8349414761895
newsat-37,joan,56203,2026-04-25T02:25:11.745156,2026-04-25T02:30:00.991992,2026-04-25T02:34:57.584780,25.298132964115222
newsat-37,joan,56203,2026-04-25T15:17:18.332798,2026-04-25T15:22:29.617488,2026-04-25T15:27:35.392716,47.96992606188203
newsat-37,joan,56203,2026-04-26T03:09:14.716159,2026-04-26T03:14:18.654898,2026-04-26T03:19:32.694321,53.34217344148316
newsat-37,joan,56203,2026-04-26T16:01:47.514263,2026-04-26T16:06:45.943538,2026-04-26T16:11:40.699838,27.671444169134826
newsat-37,joan,56203,2026-04-27T02:22:08.099697,2026-04-27T02:26:54.591801,2026-04-27T02:31:47.511614,22.67836800178701
newsat-37,joan,56203,2026-04-27T03:54:38.337336,2026-04-27T03:58:49.017927,2026-04-27T04:03:05.207983,10.794935730893481
newsat-37,joan,56203,2026-04-27T15:14:07.753247,2026-04-27T15:19:17.201449,2026-04-27T15:24:21.140189,41.636600436391866
newsat-37,joan,56203,2026-04-28T03:05:57.121495,2026-04-28T03:11:02.896722,2026-04-28T03:16:17.854389,62.086873642359045
newsat-37,joan,56203,2026-04-28T15:58:24.740974,2026-04-28T16:03:26.843225,2026-04-28T16:08:24.354257,31.25421804501034
newsat-37,joan,56203,2026-04-29T02:18:50.248467,2026-04-29T02:23:32.149351,2026-04-29T02:28:20.477944,20.20008008653506
newsat-37,joan,56203,2026-04-29T03:51:05.206797,2026-04-29T03:55:23.233339,2026-04-29T03:59:47.687590,12.277732357001629
newsat-37,joan,56203,2026-04-29T15:10:42.049679,2026-04-29T15:15:48.743150,2026-04-29T15:20:49.008914,35.96320364091251
newsat-37,joan,56203,2026-04-30T03:02:24.652630,2026-04-30T03:07:30.427857,2026-04-30T03:12:46.303768,73.07620422166123
newsat-37,joan,56203,2026-04-30T15:54:47.093483,2026-04-30T15:59:51.032222,2026-04-30T16:04:51.297986,35.868248557484
newsat-37,joan,56203,2026-05-01T02:15:17.273217,2026-05-01T02:19:53.664638,2026-05-01T02:24:35.565523,17.864868904761213
newsat-37,joan,56203,2026-05-01T03:47:15.365567,2026-05-01T03:51:40.738060,2026-05-01T03:56:13.456506,14.03048329054746
newsat-37,joan,56203,2026-05-01T15:07:00.553665,2026-05-01T15:12:03.574160,2026-05-01T15:17:01.085192,30.944222756364177
newsat-37,joan,56203,2026-05-02T02:58:35.891686,2026-05-02T03:03:42.585157,2026-05-02T03:08:57.542824,86.24577443137794
newsat-37,joan,56203,2026-05-02T15:50:52.485483,2026-05-02T15:55:59.178954,2026-05-02T16:01:01.281206,41.94876282496964
newsat-37,joan,56203,2026-05-03T02:11:28.505516,2026-05-03T02:15:58.469229,2026-05-03T02:20:33.942407,15.667748075472641
newsat-37,joan,56203,2026-05-03T03:43:09.232252,2026-05-03T03:47:42.868941,2026-05-03T03:52:22.933338,16.12977121661478
newsat-37,joan,56203,2026-05-03T15:03:03.265202,2026-05-03T15:08:01.694477,2026-05-03T15:12:54.614290,26.530190032850445
newsat-37,joan,56203,2026-05-04T02:54:31.338294,2026-05-04T02:59:38.031765,2026-05-04T03:04:52.989432,79.27803814050617
newsat-37,joan,56203,2026-05-04T15:46:42.085037,2026-05-04T15:51:50.614996,2026-05-04T15:56:54.553736,50.12420856154959
newsat-37,joan,56203,2026-05-05T02:07:25.282228,2026-05-05T02:11:47.899990,2026-05-05T02:16:15.108973,13.601899240282949
newsat-37,joan,56203,2026-05-05T03:38:48.224741,2026-05-05T03:43:28.289137,2026-05-05T03:48:15.699486,18.685044313798127
newsat-37,joan,56203,2026-05-05T14:58:50.852721,2026-05-05T15:03:43.772533,2026-05-05T15:08:31.182882,22.650676430618372
newsat-37,joan,56203,2026-05-05T16:31:08.133668,2026-05-05T16:35:18.814259,2026-05-05T16:39:28.576607,11.001178536312755
newsat-37,joan,56203,2026-05-06T02:50:10.992454,2026-05-06T02:55:16.767681,2026-05-06T03:00:30.807104,65.2148899083026
newsat-37,joan,56203,2026-05-06T15:42:14.973903,2026-05-06T15:47:25.340349,2026-05-06T15:52:30.197333,61.20713527170425
newsat-37,joan,56203,2026-05-07T02:03:08.102982,2026-05-07T02:07:20.620061,2026-05-07T02:11:38.646605,11.655783971457472
newsat-37,joan,56203,2026-05-07T03:34:10.506538,2026-05-07T03:38:56.998642,2026-05-07T03:43:50.836698,21.863015603045206
newsat-37,joan,56203,2026-05-07T14:54:22.897612,2026-05-07T14:59:08.471472,2026-05-07T15:03:49.454113,19.225917617679546
newsat-37,joan,56203,2026-05-07T16:26:26.074062,2026-05-07T16:30:46.855336,2026-05-07T16:35:05.800124,12.859596341409752
newsat-37,joan,56203,2026-05-08T02:45:35.522600,2026-05-08T02:50:39.461339,2026-05-08T02:55:51.664274,52.87454598413706
newsat-37,joan,56203,2026-05-08T15:37:32.070326,2026-05-08T15:42:43.355016,2026-05-08T15:47:49.130244,75.83647466388734
newsat-37,joan,56203,2026-05-09T03:29:16.995896,2026-05-09T03:34:08.997464,2026-05-09T03:39:09.263228,25.923504214266433
newsat-37,joan,56203,2026-05-09T14:49:39.399882,2026-05-09T14:54:15.791303,2026-05-09T14:58:49.427993,16.1834918993184
newsat-37,joan,56203,2026-05-09T16:21:28.222020,2026-05-09T16:25:58.185733,2026-05-09T16:30:25.394716,15.102199477534835
newsat-37,joan,56203,2026-05-10T02:40:44.260306,2026-05-10T02:45:45.444313,2026-05-10T02:50:54.892516,42.74794483135162
newsat-37,joan,56203,2026-05-10T15:32:32.705878,2026-05-10T15:37:43.990568,2026-05-10T15:42:49.765796,86.33873513884718
newsat-37,joan,56203,2026-05-11T03:24:08.361233,2026-05-11T03:29:04.954020,2026-05-11T03:34:09.811004,31.28820762437475
newsat-37,joan,56203,2026-05-11T14:44:40.109700,2026-05-11T14:49:06.400437,2026-05-11T14:53:29.936445,13.459284009015711
newsat-37,joan,56203,2026-05-11T16:16:13.909095,2026-05-11T16:20:52.137004,2026-05-11T16:25:27.610182,17.868588359145843
newsat-37,joan,56203,2026-05-12T02:35:36.955745,2026-05-12T02:40:35.385020,2026-05-12T02:45:40.242004,34.67938353005592
newsat-37,joan,56203,2026-05-12T15:27:17.548979,2026-05-12T15:32:27.915425,2026-05-12T15:37:32.772409,68.43342341680645
newsat-37,joan,56203,2026-05-13T03:18:42.347450,2026-05-13T03:23:43.531457,2026-05-13T03:28:52.979660,38.64298897227714
newsat-37,joan,56203,2026-05-13T14:39:26.863558,2026-05-13T14:43:40.298881,2026-05-13T14:47:50.979473,10.997179517411132
newsat-37,joan,56203,2026-05-13T16:10:42.885482,2026-05-13T16:15:29.377586,2026-05-13T16:20:11.278471,21.380224608953178
newsat-37,joan,56203,2026-05-14T02:30:15.026796,2026-05-14T02:35:07.946608,2026-05-14T02:40:07.294128,28.253629282587834
newsat-37,joan,56203,2026-05-14T15:21:45.931208,2026-05-14T15:26:54.461167,2026-05-14T15:31:56.563419,52.8375568667652
newsat-37,joan,56203,2026-05-15T03:13:02.127895,2026-05-15T03:18:06.066634,2026-05-15T03:23:17.351325,49.104885306493756
newsat-37,joan,56203,2026-05-15T16:04:55.650816,2026-05-15T16:09:48.570628,2026-05-15T16:14:37.817465,25.999122167563943
newsat-37,joan,56203,2026-05-16T02:24:37.055591,2026-05-16T02:29:24.465939,2026-05-16T02:34:16.467508,23.072933465787486
newsat-37,joan,56203,2026-05-16T03:57:04.700540,2026-05-16T04:01:13.544644,2026-05-16T04:05:27.898212,10.55202861910514
newsat-37,joan,56203,2026-05-16T15:15:58.102383,2026-05-16T15:21:02.959366,2026-05-16T15:26:02.306886,40.73384177752982
newsat-37,joan,56203,2026-05-17T03:07:05.447468,2026-05-17T03:12:11.222695,2026-05-17T03:17:24.343874,64.14299045563516
newsat-37,joan,56203,2026-05-17T15:58:52.623703,2026-05-17T16:03:51.052978,2026-05-17T16:08:44.891034,32.35467455137715
newsat-37,joan,56203,2026-05-18T02:18:45.378244,2026-05-18T02:23:23.606153,2026-05-18T02:28:07.343526,18.81165838685247
newsat-37,joan,56203,2026-05-18T03:50:45.388103,2026-05-18T03:55:08.005865,2026-05-18T03:59:36.133092,13.156931263358798
newsat-37,joan,56203,2026-05-18T15:09:54.730929,2026-05-18T15:14:54.078448,2026-05-18T15:19:48.834748,31.67239858644978
newsat-37,joan,56203,2026-05-19T03:00:52.306168,2026-05-19T03:05:58.999639,2026-05-19T03:11:13.039062,84.31644265705125
newsat-37,joan,56203,2026-05-19T15:52:32.467290,2026-05-19T15:57:35.487785,2026-05-19T16:02:33.917061,41.54947849655505
newsat-37,joan,56203,2026-05-20T02:12:37.908453,2026-05-20T02:17:06.035678,2026-05-20T02:21:38.754124,15.232337696507498
newsat-37,joan,56203,2026-05-20T03:44:10.782853,2026-05-20T03:48:44.419542,2026-05-20T03:53:24.483939,16.39629690050832
newsat-37,joan,56203,2026-05-20T15:03:35.816848,2026-05-20T15:08:27.818416,2026-05-20T15:13:16.147009,24.82468235583713
newsat-37,joan,56203,2026-05-21T02:54:24.290670,2026-05-21T02:59:30.065897,2026-05-21T03:04:43.187076,73.09927676133334
newsat-37,joan,56203,2026-05-21T15:45:56.768248,2026-05-21T15:51:02.543475,2026-05-21T15:56:03.727483,55.430683388582366
newsat-37,joan,56203,2026-05-22T02:06:15.814274,2026-05-22T02:10:31.086085,2026-05-22T02:14:50.030873,12.161845950689774
newsat-37,joan,56203,2026-05-22T03:37:21.053584,2026-05-22T03:42:04.790956,2026-05-22T03:46:54.037793,20.584003552269646
newsat-37,joan,56203,2026-05-22T14:56:59.773464,2026-05-22T15:01:43.510836,2026-05-22T15:06:22.656989,19.503608565458897
newsat-37,joan,56203,2026-05-22T16:29:01.943896,2026-05-22T16:33:17.215707,2026-05-22T16:37:30.651031,12.155866285820059
newsat-37,joan,56203,2026-05-23T02:47:40.482722,2026-05-23T02:52:44.421461,2026-05-23T02:57:54.787908,53.798958470474915
newsat-37,joan,56203,2026-05-23T15:39:03.939902,2026-05-23T15:44:11.551617,2026-05-23T15:49:13.653869,75.98355462164108
newsat-37,joan,56203,2026-05-24T03:30:15.113253,2026-05-24T03:35:07.114821,2026-05-24T03:40:05.544097,26.267708114601795
newsat-37,joan,56203,2026-05-24T14:50:09.355508,2026-05-24T14:54:41.155709,2026-05-24T14:59:08.364692,15.23296742049941
newsat-37,joan,56203,2026-05-24T16:21:51.412348,2026-05-24T16:26:19.539573,2026-05-24T16:30:45.830312,15.381252213126345
newsat-37,joan,56203,2026-05-25T02:40:41.381961,2026-05-25T02:45:40.729480,2026-05-25T02:50:46.504708,39.700049357741
newsat-37,joan,56203,2026-05-25T15:31:54.232076,2026-05-25T15:37:01.843791,2026-05-25T15:42:04.864287,78.43375951278324
newsat-37,joan,56203,2026-05-26T03:22:54.548544,2026-05-26T03:27:52.059575,2026-05-26T03:32:56.916559,34.46828786976383
newsat-37,joan,56203,2026-05-26T14:43:04.812803,2026-05-26T14:47:20.084614,2026-05-26T14:51:33.519938,11.694365076751446
newsat-37,joan,56203,2026-05-26T16:14:23.751503,2026-05-26T16:19:03.815899,2026-05-26T16:23:41.125565,19.60126655334601
newsat-37,joan,56203,2026-05-27T02:33:27.407000,2026-05-27T02:38:20.326812,2026-05-27T02:43:19.674332,29.816144196406807
newsat-37,joan,56203,2026-05-27T15:24:28.981620,2026-05-27T15:29:34.756847,2026-05-27T15:34:35.022611,55.520264436305645
newsat-37,joan,56203,2026-05-28T03:15:17.522960,2026-05-28T03:20:19.625211,2026-05-28T03:25:28.155170,47.10106545292871
newsat-37,joan,56203,2026-05-28T16:06:40.797845,2026-05-28T16:11:30.044681,2026-05-28T16:16:16.536786,25.437551463992605
newsat-37,joan,56203,2026-05-29T02:25:57.889412,2026-05-29T02:30:42.545028,2026-05-29T02:35:31.791865,22.70205986785264
newsat-37,joan,56203,2026-05-29T03:58:21.273979,2026-05-29T04:02:28.281595,2026-05-29T04:06:39.880431,10.434518915486878
newsat-37,joan,56203,2026-05-29T15:16:46.851681,2026-05-29T15:21:48.953932,2026-05-29T15:26:45.546720,39.282986893236085
newsat-37,joan,56203,2026-05-30T03:07:25.872993,2026-05-30T03:12:29.811732,2026-05-30T03:17:41.096423,67.10740455550018
newsat-37,joan,56203,2026-05-30T15:58:40.046458,2026-05-30T16:03:37.557489,2026-05-30T16:08:31.395545,34.10018133866191
newsat-37,joan,56203,2026-05-31T02:18:13.747438,2026-05-31T02:22:47.384127,2026-05-31T02:27:24.693793,17.34748948146365
newsat-37,joan,56203,2026-05-31T03:50:01.982169,2026-05-31T03:54:26.436419,2026-05-31T03:58:55.481890,13.909524146925271
newsat-37,joan,56203,2026-05-31T15:08:49.678745,2026-05-31T15:13:44.435044,2026-05-31T15:18:34.600125,28.457931225873743
newsat-37,joan,56203,2026-06-01T02:59:17.762149,2026-06-01T03:04:22.619132,2026-06-01T03:09:33.903823,85.01214191866951
newsat-37,joan,56203,2026-06-01T15:50:24.252073,2026-06-01T15:55:26.354324,2026-06-01T16:00:25.701844,48.002738471779814
newsat-37,joan,56203,2026-06-02T02:10:16.817566,2026-06-02T02:14:34.844108,2026-06-02T02:18:56.543628,13.130987113224455
newsat-37,joan,56203,2026-06-02T03:41:28.984215,2026-06-02T03:46:07.212124,2026-06-02T03:50:50.031253,18.486442691844996
newsat-37,joan,56203,2026-06-02T15:00:36.544570,2026-06-02T15:05:21.200186,2026-06-02T15:10:02.182827,20.97050482708617
newsat-37,joan,56203,2026-06-02T16:32:42.300205,2026-06-02T16:36:50.226065,2026-06-02T16:40:57.233682,11.098988917665713
newsat-37,joan,56203,2026-06-03T02:50:55.945170,2026-06-03T02:55:58.047421,2026-06-03T03:01:05.659137,58.33414745749616
newsat-37,joan,56203,2026-06-03T15:41:51.328395,2026-06-03T15:46:57.103622,2026-06-03T15:51:58.287630,70.95837703092107
newsat-37,joan,56203,2026-06-04T03:32:41.611698,2026-06-04T03:37:29.940290,2026-06-04T03:42:23.778346,24.929805975988064
newsat-37,joan,56203,2026-06-04T14:52:07.698972,2026-06-04T14:56:38.580929,2026-06-04T15:01:06.708156,15.472065429347545
newsat-37,joan,56203,2026-06-04T16:23:48.250162,2026-06-04T16:28:13.622655,2026-06-04T16:32:38.076906,14.92306070844774
newsat-37,joan,56203,2026-06-05T02:42:17.917132,2026-06-05T02:47:15.428163,2026-06-05T02:52:18.448659,39.80050643647291
newsat-37,joan,56203,2026-06-05T15:33:02.024860,2026-06-05T15:38:07.800087,2026-06-05T15:43:09.902339,77.80488928430532
newsat-37,joan,56203,2026-06-06T03:23:38.946365,2026-06-06T03:28:34.620908,2026-06-06T03:33:36.723160,34.820966276188386
newsat-37,joan,56203,2026-06-06T14:43:25.397049,2026-06-06T14:47:37.914128,2026-06-06T14:51:47.676476,11.196890175203885
newsat-37,joan,56203,2026-06-06T16:14:38.907307,2026-06-06T16:19:18.971703,2026-06-06T16:23:57.199613,20.140211114722618
newsat-37,joan,56203,2026-06-07T02:33:25.514525,2026-06-07T02:38:14.761361,2026-06-07T02:43:09.517661,28.0352233454857
newsat-37,joan,56203,2026-06-07T15:23:56.510272,2026-06-07T15:29:00.449011,2026-06-07T15:33:59.796531,50.96472428567501
newsat-37,joan,56203,2026-06-08T03:14:21.656647,2026-06-08T03:19:21.922410,2026-06-08T03:24:28.615882,51.49054200257481
newsat-37,joan,56203,2026-06-08T16:05:13.853025,2026-06-08T16:10:04.936349,2026-06-08T16:14:53.264942,27.850250594584743
newsat-37,joan,56203,2026-06-09T02:24:18.487533,2026-06-09T02:28:56.715442,2026-06-09T02:33:39.534571,20.206044669602257
newsat-37,joan,56203,2026-06-09T03:56:25.505754,2026-06-09T04:00:37.104589,2026-06-09T04:04:52.376401,11.442628515676734
newsat-37,joan,56203,2026-06-09T15:14:35.534076,2026-06-09T15:19:33.045107,2026-06-09T15:24:27.801407,33.97600657180352
newsat-37,joan,56203,2026-06-10T03:04:49.074119,2026-06-10T03:09:51.176370,2026-06-10T03:14:59.706329,79.56001524765551
newsat-37,joan,56203,2026-06-10T15:55:31.500651,2026-06-10T16:00:30.848170,2026-06-10T16:05:27.440958,40.473736694338896
newsat-37,joan,56203,2026-06-11T02:14:58.672647,2026-06-11T02:19:21.290409,2026-06-11T02:23:47.581148,14.598573216604242
newsat-37,joan,56203,2026-06-11T03:46:23.694712,2026-06-11T03:50:53.658425,2026-06-11T03:55:28.213359,16.08708716405751
newsat-37,joan,56203,2026-06-11T15:04:58.596639,2026-06-11T15:09:46.925231,2026-06-11T15:14:31.580848,23.502935287222126
newsat-37,joan,56203,2026-06-12T02:55:01.198775,2026-06-12T03:00:02.382782,2026-06-12T03:05:09.076254,66.42778001774978
newsat-37,joan,56203,2026-06-12T15:45:34.105280,2026-06-12T15:50:38.044019,2026-06-12T15:55:39.228027,62.99941749743435
newsat-37,joan,56203,2026-06-13T02:05:25.651249,2026-06-13T02:09:27.149401,2026-06-13T02:13:32.320530,10.305311360588796
newsat-37,joan,56203,2026-06-13T03:36:08.677158,2026-06-13T03:40:51.496286,2026-06-13T03:45:40.743123,22.732696861320495
newsat-37,joan,56203,2026-06-13T14:55:07.115838,2026-06-13T14:59:40.752527,2026-06-13T15:04:11.634486,16.502323384339377
newsat-37,joan,56203,2026-06-13T16:26:50.084170,2026-06-13T16:31:11.783688,2026-06-13T16:35:32.564964,14.001248225326847
newsat-37,joan,56203,2026-06-14T02:44:59.867108,2026-06-14T02:49:55.541651,2026-06-14T02:54:57.643903,42.078999876112796
newsat-37,joan,56203,2026-06-14T15:35:20.080239,2026-06-14T15:40:25.855466,2026-06-14T15:45:27.957718,81.9733780312901
newsat-37,joan,56203,2026-06-15T03:25:39.035219,2026-06-15T03:30:31.955031,2026-06-15T03:35:31.302551,33.33227893421832
newsat-37,joan,56203,2026-06-15T14:45:02.009918,2026-06-15T14:49:14.526997,2026-06-15T14:53:26.125833,11.401798211632023
newsat-37,joan,56203,2026-06-15T16:16:14.014524,2026-06-15T16:20:52.242433,2026-06-15T16:25:30.470343,19.816476342231255
newsat-37,joan,56203,2026-06-16T02:34:43.242628,2026-06-16T02:39:30.652976,2026-06-16T02:44:23.572789,27.88056832696859
newsat-37,joan,56203,2026-06-16T15:24:49.925167,2026-06-16T15:29:52.945662,2026-06-16T15:34:53.211426,50.45722396752679
newsat-37,joan,56203,2026-06-17T03:14:55.268533,2026-06-17T03:19:53.697808,2026-06-17T03:24:58.554792,52.45702723297572
newsat-37,joan,56203,2026-06-17T16:05:21.983643,2026-06-17T16:10:13.985211,2026-06-17T16:15:03.232048,28.825676443299233
newsat-37,joan,56203,2026-06-18T02:24:14.080070,2026-06-18T02:28:47.716759,2026-06-18T02:33:26.862912,19.1277634183731
newsat-37,joan,56203,2026-06-18T03:56:13.164933,2026-06-18T04:00:24.763768,2026-06-18T04:04:40.953824,11.784995920977183
newsat-37,joan,56203,2026-06-18T15:14:04.058669,2026-06-18T15:19:00.651456,2026-06-18T15:23:53.571269,31.88735359605102
newsat-37,joan,56203,2026-06-19T03:03:58.045515,2026-06-19T03:08:57.393034,2026-06-19T03:14:04.086506,86.31453877017567
newsat-37,joan,56203,2026-06-19T15:54:14.740961,2026-06-19T15:59:15.006724,2026-06-19T16:04:13.436000,44.73653478151096
newsat-37,joan,56203,2026-06-20T02:13:32.129608,2026-06-20T02:17:47.401419,2026-06-20T02:22:06.346207,13.150697884855088
newsat-37,joan,56203,2026-06-20T03:44:43.290241,2026-06-20T03:49:15.090442,2026-06-20T03:53:52.400108,17.414202003212946
newsat-37,joan,56203,2026-06-20T15:03:03.898624,2026-06-20T15:07:47.635996,2026-06-20T15:12:29.536881,21.12972374628088
newsat-37,joan,56203,2026-06-20T16:35:04.306838,2026-06-20T16:39:11.314454,2026-06-20T16:43:18.322071,11.012805819343683
newsat-37,joan,56203,2026-06-21T02:52:45.529689,2026-06-21T02:57:43.040720,2026-06-21T03:02:46.979460,56.54371606721572
newsat-37,joan,56203,2026-06-21T15:42:51.118436,2026-06-21T15:47:55.975419,2026-06-21T15:52:58.077671,74.93008255943101
newsat-37,joan,56203,2026-06-22T03:33:01.127292,2026-06-22T03:37:46.701152,2026-06-22T03:42:38.702721,26.08262948164614
newsat-37,joan,56203,2026-06-22T14:51:49.195218,2026-06-22T14:56:14.567711,2026-06-22T15:00:38.103719,14.154046981417553
newsat-37,joan,56203,2026-06-22T16:23:16.303587,2026-06-22T16:27:46.267300,2026-06-22T16:32:15.312771,16.294443981046523
newsat-37,joan,56203,2026-06-23T02:41:19.557538,2026-06-23T02:46:10.640862,2026-06-23T02:51:07.233650,34.29754031886611
newsat-37,joan,56203,2026-06-23T15:31:11.365876,2026-06-23T15:36:16.222859,2026-06-23T15:41:18.325111,64.76898052315182
newsat-37,joan,56203,2026-06-24T03:21:05.508017,2026-06-24T03:26:00.264316,2026-06-24T03:31:01.448324,41.5718361370648
newsat-37,joan,56203,2026-06-24T16:11:13.088545,2026-06-24T16:16:00.498893,2026-06-24T16:20:45.154510,24.311305383205138
newsat-37,joan,56203,2026-06-25T02:29:41.297127,2026-06-25T02:34:19.525036,2026-06-25T02:39:03.262409,22.13507278375717
newsat-37,joan,56203,2026-06-25T15:19:16.401528,2026-06-25T15:24:15.749047,2026-06-25T15:29:13.260079,37.889058559256334
newsat-37,joan,56203,2026-06-26T03:08:56.682235,2026-06-26T03:13:55.111510,2026-06-26T03:18:59.968494,72.41925958645541
newsat-37,joan,56203,2026-06-26T15:58:55.579954,2026-06-26T16:03:54.009229,2026-06-26T16:08:49.683773,38.387255857570544
newsat-37,joan,56203,2026-06-27T02:17:49.830203,2026-06-27T02:22:09.693233,2026-06-27T02:26:34.147484,14.624281317448807
newsat-37,joan,56203,2026-06-27T03:49:14.514678,2026-06-27T03:53:38.050684,2026-06-27T03:58:08.014399,15.328904025231358
newsat-37,joan,56203,2026-06-27T15:07:06.225383,2026-06-27T15:11:54.553975,2026-06-27T15:16:41.046080,23.653414814746757
newsat-37,joan,56203,2026-06-28T02:56:34.649942,2026-06-28T03:01:31.242729,2026-06-28T03:06:35.181469,64.36027840249415
newsat-37,joan,56203,2026-06-28T15:46:21.272900,2026-06-28T15:51:26.129883,2026-06-28T15:56:28.232135,66.71333695982122
newsat-37,joan,56203,2026-06-29T03:36:19.162286,2026-06-29T03:41:00.144926,2026-06-29T03:45:48.473519,23.850988887260286
newsat-37,joan,56203,2026-06-29T14:54:42.673939,2026-06-29T14:59:12.637652,2026-06-29T15:03:40.764879,15.211105464298702
newsat-37,joan,56203,2026-06-29T16:26:14.035938,2026-06-29T16:30:40.326675,2026-06-29T16:35:06.617414,15.299204619862163
newsat-37,joan,56203,2026-06-30T02:43:59.161324,2026-06-30T02:48:49.326404,2026-06-30T02:53:46.837436,36.522286334521404
newsat-37,joan,56203,2026-06-30T15:33:31.754056,2026-06-30T15:38:37.529283,2026-06-30T15:43:40.549779,69.16473794300838
newsat-37,joan,56203,2026-07-01T03:23:12.190055,2026-07-01T03:28:04.191623,2026-07-01T03:33:03.539143,39.45436101855016
newsat-37,joan,56203,2026-07-01T16:12:59.218123,2026-07-01T16:17:45.710227,2026-07-01T16:22:30.365844,23.66802190989591
newsat-37,joan,56203,2026-07-02T02:31:11.384442,2026-07-02T02:35:48.694107,2026-07-02T02:40:32.431480,22.431735619679593
newsat-37,joan,56203,2026-07-02T15:20:27.273238,2026-07-02T15:25:27.539001,2026-07-02T15:30:25.050033,38.34262195455045
newsat-37,joan,56203,2026-07-03T03:09:52.261134,2026-07-03T03:14:48.853921,2026-07-03T03:19:53.710905,72.4560606641556
newsat-37,joan,56203,2026-07-03T15:59:30.356579,2026-07-03T16:04:29.704098,2026-07-03T16:09:26.296886,38.95324469982269
newsat-37,joan,56203,2026-07-04T02:18:12.905970,2026-07-04T02:22:30.014269,2026-07-04T02:26:52.632033,14.244982631023689
newsat-37,joan,56203,2026-07-04T03:49:31.243759,2026-07-04T03:53:55.698009,2026-07-04T03:58:25.661724,15.573084612554656
newsat-37,joan,56203,2026-07-04T15:07:08.748691,2026-07-04T15:11:56.159039,2026-07-04T15:16:41.732900,22.938391782755424
newsat-37,joan,56203,2026-07-04T16:39:11.405253,2026-07-04T16:43:13.821649,2026-07-04T16:47:16.238046,10.239318437328642
newsat-37,joan,56203,2026-07-05T02:56:20.043950,2026-07-05T03:01:14.800249,2026-07-05T03:06:17.820745,60.73766648678977
newsat-37,joan,56203,2026-07-05T15:45:46.782877,2026-07-05T15:50:51.639860,2026-07-05T15:55:54.660356,71.45579796553152
newsat-37,joan,56203,2026-07-06T03:35:25.038045,2026-07-06T03:40:06.938929,2026-07-06T03:44:56.185766,25.3607518992989
newsat-37,joan,56203,2026-07-06T14:53:36.430226,2026-07-06T14:58:02.720963,2026-07-06T15:02:27.175214,14.169319345296248
newsat-37,joan,56203,2026-07-06T16:24:59.777845,2026-07-06T16:29:29.741558,2026-07-06T16:33:59.705273,16.417893327116794
newsat-37,joan,56203,2026-07-07T02:42:35.288678,2026-07-07T02:47:22.699026,2026-07-07T02:52:17.455326,33.13667638044027
newsat-37,joan,56203,2026-07-07T15:31:47.328951,2026-07-07T15:36:52.185934,2026-07-07T15:41:54.288186,61.153408246699115
newsat-37,joan,56203,2026-07-08T03:21:06.544062,2026-07-08T03:25:59.463874,2026-07-08T03:31:00.647882,44.79051520449682
newsat-37,joan,56203,2026-07-08T16:10:34.106710,2026-07-08T16:15:24.271790,2026-07-08T16:20:12.600383,26.55528389739145
newsat-37,joan,56203,2026-07-09T02:28:39.163392,2026-07-09T02:33:11.881837,2026-07-09T02:37:50.109747,19.80874604023739
newsat-37,joan,56203,2026-07-09T04:00:39.578358,2026-07-09T04:04:42.912998,2026-07-09T04:08:52.675346,10.876062807210227
newsat-37,joan,56203,2026-07-09T15:17:33.162872,2026-07-09T15:22:30.673903,2026-07-09T15:27:24.511959,32.84888968961959
newsat-37,joan,56203,2026-07-10T03:06:36.680063,2026-07-10T03:11:33.272850,2026-07-10T03:16:38.129834,87.09064335196244
newsat-37,joan,56203,2026-07-10T15:55:54.641658,2026-07-10T16:00:56.743909,2026-07-10T16:05:55.173185,47.006620162000374
newsat-37,joan,56203,2026-07-11T02:14:33.754387,2026-07-11T02:18:41.680247,2026-07-11T02:22:54.197327,12.088017702736511
newsat-37,joan,56203,2026-07-11T03:45:30.466183,2026-07-11T03:50:01.348140,2026-07-11T03:54:39.576050,18.342049438749854
newsat-37,joan,56203,2026-07-11T15:03:05.452696,2026-07-11T15:07:46.435336,2026-07-11T15:12:24.663246,19.22655564007116
newsat-37,joan,56203,2026-07-11T16:34:51.081234,2026-07-11T16:39:05.434801,2026-07-11T16:43:18.870125,12.226102461705352
newsat-37,joan,56203,2026-07-12T02:51:55.695862,2026-07-12T02:56:47.697430,2026-07-12T03:01:48.881438,47.44887766391611
newsat-37,joan,56203,2026-07-12T15:40:59.796024,2026-07-12T15:46:06.489495,2026-07-12T15:51:08.591747,88.74035568542232
newsat-37,joan,56203,2026-07-13T03:30:13.656964,2026-07-13T03:35:01.067312,2026-07-13T03:39:55.823612,31.77204749572824
newsat-37,joan,56203,2026-07-13T14:48:26.953152,2026-07-13T14:52:39.470231,2026-07-13T14:56:50.150823,11.316345619790281
newsat-37,joan,56203,2026-07-13T16:19:28.181897,2026-07-13T16:24:09.164537,2026-07-13T16:28:47.392447,20.18833108603881
newsat-37,joan,56203,2026-07-14T02:37:03.091819,2026-07-14T02:41:44.074459,2026-07-14T02:46:32.403052,25.91160448647004
newsat-37,joan,56203,2026-07-14T15:25:50.488045,2026-07-14T15:30:53.508540,2026-07-14T15:35:51.937816,44.813803918163295
newsat-37,joan,56203,2026-07-15T03:14:46.645782,2026-07-15T03:19:41.402081,2026-07-15T03:24:45.340821,62.40236365124104
newsat-37,joan,56203,2026-07-15T16:03:52.656703,2026-07-15T16:08:50.167734,2026-07-15T16:13:44.005790,35.02619076274847
newsat-37,joan,56203,2026-07-16T02:22:00.954246,2026-07-16T02:26:21.735520,2026-07-16T02:30:48.026259,15.265400008876526
newsat-37,joan,56203,2026-07-16T03:53:24.882520,2026-07-16T03:57:44.745550,2026-07-16T04:02:11.036289,14.414359168358324
newsat-37,joan,56203,2026-07-16T15:10:27.885785,2026-07-16T15:15:17.132621,2026-07-16T15:20:03.624726,24.25632557583144
newsat-37,joan,56203,2026-07-17T02:59:07.596151,2026-07-17T03:04:02.352450,2026-07-17T03:09:06.291190,63.87222349323185
newsat-37,joan,56203,2026-07-17T15:48:02.918982,2026-07-17T15:53:07.775965,2026-07-17T15:58:08.959973,69.58524116549249
newsat-37,joan,56203,2026-07-18T03:37:08.421202,2026-07-18T03:41:50.322086,2026-07-18T03:46:39.568923,25.291451976263584
newsat-37,joan,56203,2026-07-18T14:54:53.575915,2026-07-18T14:59:18.030165,2026-07-18T15:03:40.647929,13.889205190212099
newsat-37,joan,56203,2026-07-18T16:26:09.908422,2026-07-18T16:30:41.708623,2026-07-18T16:35:10.754094,16.631879113558945
newsat-37,joan,56203,2026-07-19T02:43:18.763174,2026-07-19T02:48:05.255278,2026-07-19T02:52:59.093334,31.869463914815842
newsat-37,joan,56203,2026-07-19T15:31:57.800680,2026-07-19T15:37:02.657663,2026-07-19T15:42:02.923427,56.92709817547198
newsat-37,joan,56203,2026-07-20T03:20:43.594411,2026-07-20T03:25:36.514223,2026-07-20T03:30:38.616475,49.11844880983586
newsat-37,joan,56203,2026-07-20T16:09:37.904474,2026-07-20T16:14:29.906042,2026-07-20T16:19:19.152879,29.032087957616856
newsat-37,joan,56203,2026-07-21T02:27:21.564723,2026-07-21T02:31:48.773704,2026-07-21T02:36:23.328638,17.86526840532251
newsat-37,joan,56203,2026-07-21T03:59:03.108426,2026-07-21T04:03:13.789017,2026-07-21T04:07:30.897317,12.206489800214197
newsat-37,joan,56203,2026-07-21T15:15:39.637908,2026-07-21T15:20:33.475964,2026-07-21T15:25:23.641045,28.47522225264371
newsat-37,joan,56203,2026-07-22T03:04:08.315846,2026-07-22T03:09:03.990389,2026-07-22T03:14:08.847373,77.74582090759635
newsat-37,joan,56203,2026-07-22T15:52:51.438186,2026-07-22T15:57:55.376925,2026-07-22T16:02:54.724445,57.810122807130064
newsat-37,joan,56203,2026-07-23T02:11:16.669228,2026-07-23T02:15:13.576160,2026-07-23T02:19:15.074313,10.077520554788293
newsat-37,joan,56203,2026-07-23T03:41:47.244829,2026-07-23T03:46:24.554494,2026-07-23T03:51:10.128355,22.075499597035392
newsat-37,joan,56203,2026-07-23T14:59:10.017347,2026-07-23T15:03:40.899304,2026-07-23T15:08:08.108287,15.655107142256456
newsat-37,joan,56203,2026-07-23T16:30:35.444519,2026-07-23T16:34:59.898769,2026-07-23T16:39:22.516533,14.725185034390718
newsat-37,joan,56203,2026-07-24T02:47:23.753562,2026-07-24T02:52:12.082154,2026-07-24T02:57:08.674942,36.383618791290814
newsat-37,joan,56203,2026-07-24T15:35:51.259005,2026-07-24T15:40:56.115988,2026-07-24T15:45:56.381752,65.66827220399377
newsat-37,joan,56203,2026-07-25T03:24:24.602431,2026-07-25T03:29:16.603999,2026-07-25T03:34:17.788007,43.19803229728105
newsat-37,joan,56203,2026-07-25T16:13:06.043576,2026-07-25T16:17:55.290412,2026-07-25T16:22:40.864273,26.279587748234935
newsat-37,joan,56203,2026-07-26T02:30:29.657748,2026-07-26T02:35:01.457949,2026-07-26T02:39:39.685859,19.41389854123254
newsat-37,joan,56203,2026-07-26T04:02:21.302134,2026-07-26T04:06:26.473262,2026-07-26T04:10:38.072098,11.182811823228741
newsat-37,joan,56203,2026-07-26T15:18:37.785541,2026-07-26T15:23:33.460084,2026-07-26T15:28:23.625165,30.84244040293327
newsat-37,joan,56203,2026-07-27T03:06:52.926131,2026-07-27T03:11:48.600674,2026-07-27T03:16:54.375902,84.69423669583861
newsat-37,joan,56203,2026-07-27T15:55:23.847980,2026-07-27T16:00:25.950231,2026-07-27T16:05:23.461263,53.25162603566934
newsat-37,joan,56203,2026-07-28T02:13:30.869434,2026-07-28T02:17:31.449342,2026-07-28T02:21:36.620471,10.669814254125445
newsat-37,joan,56203,2026-07-28T03:44:06.954499,2026-07-28T03:48:42.427676,2026-07-28T03:53:26.165049,20.94566825579917
newsat-37,joan,56203,2026-07-28T15:01:13.603735,2026-07-28T15:05:45.403936,2026-07-28T15:10:14.449407,16.272375341075993
newsat-37,joan,56203,2026-07-28T16:32:40.948416,2026-07-28T16:37:01.729690,2026-07-28T16:41:20.674478,14.020395828676042
newsat-37,joan,56203,2026-07-29T02:49:12.634544,2026-07-29T02:54:01.881380,2026-07-29T02:59:00.310656,38.03522667394028
newsat-37,joan,56203,2026-07-29T15:37:27.689679,2026-07-29T15:42:32.546662,2026-07-29T15:47:30.975938,68.16813946572411
newsat-37,joan,56203,2026-07-30T03:25:46.327698,2026-07-30T03:30:38.329266,2026-07-30T03:35:39.513274,42.11036511322708
newsat-37,joan,56203,2026-07-30T16:14:13.981682,2026-07-30T16:19:02.310274,2026-07-30T16:23:46.047647,25.80190494012256
newsat-37,joan,56203,2026-07-31T02:31:24.645915,2026-07-31T02:35:56.446116,2026-07-31T02:40:34.674026,19.53756202999133
newsat-37,joan,56203,2026-07-31T04:03:14.285018,2026-07-31T04:07:19.456146,2026-07-31T04:11:31.054982,11.146698786846493
newsat-37,joan,56203,2026-07-31T15:19:18.986546,2026-07-31T15:24:13.742845,2026-07-31T15:29:02.989682,30.574131303762062
newsat-37,joan,56203,2026-08-01T03:07:18.922095,2026-08-01T03:12:15.514882,2026-08-01T03:17:20.371866,83.6747898721817
newsat-37,joan,56203,2026-08-01T15:55:36.306597,2026-08-01T16:00:37.490604,2026-08-01T16:05:34.083392,54.45564905277252
newsat-37,joan,56203,2026-08-02T02:13:32.214597,2026-08-02T02:17:30.958017,2026-08-02T02:21:34.292658,10.394005969225985
newsat-37,joan,56203,2026-08-02T03:44:02.871220,2026-08-02T03:48:39.262641,2026-08-02T03:53:23.918258,21.56457259367685
newsat-37,joan,56203,2026-08-02T15:01:00.493306,2026-08-02T15:05:29.538775,2026-08-02T15:09:54.911270,15.582854073018183
newsat-37,joan,56203,2026-08-02T16:32:22.578340,2026-08-02T16:36:45.196102,2026-08-02T16:41:04.140890,14.397576972054992
newsat-37,joan,56203,2026-08-03T02:48:44.319077,2026-08-03T02:53:32.647669,2026-08-03T02:58:30.158701,36.18213019204846
newsat-37,joan,56203,2026-08-03T15:36:44.918621,2026-08-03T15:41:47.939116,2026-08-03T15:46:44.531904,63.416480813408896
newsat-37,joan,56203,2026-08-04T03:24:46.764931,2026-08-04T03:29:39.684743,2026-08-04T03:34:41.786995,45.45444069969564
newsat-37,joan,56203,2026-08-04T16:13:00.631751,2026-08-04T16:17:48.960343,2026-08-04T16:22:33.615960,27.517723664417076
newsat-37,joan,56203,2026-08-05T02:30:02.019019,2026-08-05T02:34:31.064488,2026-08-05T02:39:06.537666,18.17284509868993
newsat-37,joan,56203,2026-08-05T04:01:40.970033,2026-08-05T04:05:50.732381,2026-08-05T04:10:07.840681,12.101712269532362
newsat-37,joan,56203,2026-08-05T15:17:41.485450,2026-08-05T15:22:31.650530,2026-08-05T15:27:17.224391,27.68272291437864
newsat-37,joan,56203,2026-08-06T03:05:24.379475,2026-08-06T03:10:20.054018,2026-08-06T03:15:24.911002,74.31620953734522
newsat-37,joan,56203,2026-08-06T15:53:26.140328,2026-08-06T15:58:27.324335,2026-08-06T16:03:22.998879,62.15169034984702
newsat-37,joan,56203,2026-08-07T03:41:33.658143,2026-08-07T03:46:13.722539,2026-08-07T03:51:02.969376,24.148445355092385
newsat-37,joan,56203,2026-08-07T14:58:28.262177,2026-08-07T15:02:49.961695,2026-08-07T15:07:07.988239,13.70477273315893
newsat-37,joan,56203,2026-08-07T16:29:39.996712,2026-08-07T16:34:06.287449,2026-08-07T16:38:29.823457,15.979378417359698
newsat-37,joan,56203,2026-08-08T02:45:54.546788,2026-08-08T02:50:41.038892,2026-08-08T02:55:34.876948,31.417850600311358
newsat-37,joan,56203,2026-08-08T15:33:39.353889,2026-08-08T15:38:39.619652,2026-08-08T15:43:34.375952,52.682939664531666
newsat-37,joan,56203,2026-08-09T03:21:22.572001,2026-08-09T03:26:17.328300,2026-08-09T03:31:20.348796,54.79910107065183
newsat-37,joan,56203,2026-08-09T16:09:21.483597,2026-08-09T16:14:12.566921,2026-08-09T16:18:59.977270,32.17708830569775
newsat-37,joan,56203,2026-08-10T02:26:20.690036,2026-08-10T02:30:43.307798,2026-08-10T02:35:10.516781,15.60623731896786
newsat-37,joan,56203,2026-08-10T03:57:38.683484,2026-08-10T04:01:57.628270,2026-08-10T04:06:23.000765,14.25569778100788
newsat-37,joan,56203,2026-08-10T15:13:41.440494,2026-08-10T15:18:25.177866,2026-08-10T15:23:04.324019,22.996870386834303
newsat-37,joan,56203,2026-08-11T03:01:06.124930,2026-08-11T03:06:00.881229,2026-08-11T03:11:03.901725,58.73885603165157
newsat-37,joan,56203,2026-08-11T15:48:51.593706,2026-08-11T15:53:52.777713,2026-08-11T15:58:47.534013,79.40968478679878
newsat-37,joan,56203,2026-08-12T03:36:37.559798,2026-08-12T03:41:23.133658,2026-08-12T03:46:16.971714,29.676036408746434
newsat-37,joan,56203,2026-08-12T14:53:36.991364,2026-08-12T14:57:43.998980,2026-08-12T15:01:48.251865,10.971725601526082
newsat-37,joan,56203,2026-08-12T16:24:28.443512,2026-08-12T16:29:02.998445,2026-08-12T16:33:33.880404,19.23418304541842
newsat-37,joan,56203,2026-08-13T02:40:44.067124,2026-08-13T02:45:25.049764,2026-08-13T02:50:12.460113,25.16777919579531
newsat-37,joan,56203,2026-08-13T15:28:09.908435,2026-08-13T15:33:05.582978,2026-08-13T15:37:54.829815,39.5177671926315
newsat-37,joan,56203,2026-08-14T03:15:32.661858,2026-08-14T03:20:29.254645,2026-08-14T03:25:33.193385,74.3633199479747
newsat-37,joan,56203,2026-08-14T16:03:15.031560,2026-08-14T16:08:09.787859,2026-08-14T16:12:59.952940,42.201704785554675
newsat-37,joan,56203,2026-08-15T02:20:20.071548,2026-08-15T02:24:29.833896,2026-08-15T02:28:43.269220,12.303864436533605
newsat-37,joan,56203,2026-08-15T03:51:06.837952,2026-08-15T03:55:36.801665,2026-08-15T04:00:14.111331,18.183508754689786
newsat-37,joan,56203,2026-08-15T15:07:18.264267,2026-08-15T15:11:50.982712,2026-08-15T15:16:18.191695,17.609333218238454
newsat-37,joan,56203,2026-08-15T16:38:48.188133,2026-08-15T16:42:57.950481,2026-08-15T16:47:05.876342,12.168230144095388
newsat-37,joan,56203,2026-08-16T02:54:24.239483,2026-08-16T02:59:15.322807,2026-08-16T03:04:13.752083,41.931072914758765
newsat-37,joan,56203,2026-08-16T15:41:49.824226,2026-08-16T15:46:49.171745,2026-08-16T15:51:43.009801,72.3173677001224
newsat-37,joan,56203,2026-08-17T03:29:12.820715,2026-08-17T03:34:04.822283,2026-08-17T03:39:04.169803,41.01178282300805
newsat-37,joan,56203,2026-08-17T16:16:48.249574,2026-08-17T16:21:31.986946,2026-08-17T16:26:11.133099,25.43047401326809
newsat-37,joan,56203,2026-08-18T02:33:11.374428,2026-08-18T02:37:41.338141,2026-08-18T02:42:17.729563,18.76261552936994
newsat-37,joan,56203,2026-08-18T04:04:49.987852,2026-08-18T04:08:56.995468,2026-08-18T04:13:10.430792,11.611588721644862
newsat-37,joan,56203,2026-08-18T15:20:13.739753,2026-08-18T15:25:01.150101,2026-08-18T15:29:43.050986,27.5342078521887
newsat-37,joan,56203,2026-08-19T03:07:16.447101,2026-08-19T03:12:12.121644,2026-08-19T03:17:16.060384,73.49246549090846
newsat-37,joan,56203,2026-08-19T15:54:39.769994,2026-08-19T15:59:37.281025,2026-08-19T16:04:29.282594,64.42803116472606
newsat-37,joan,56203,2026-08-20T03:42:04.346402,2026-08-20T03:46:46.247286,2026-08-20T03:51:35.494123,25.423745815412012
newsat-37,joan,56203,2026-08-20T14:58:31.868993,2026-08-20T15:02:44.386072,2026-08-20T15:06:54.148420,12.313399910687597
newsat-37,joan,56203,2026-08-20T16:29:31.078952,2026-08-20T16:33:57.369689,2026-08-20T16:38:20.905697,16.786458370369097
newsat-37,joan,56203,2026-08-21T02:45:17.217481,2026-08-21T02:50:00.036609,2026-08-21T02:54:50.201690,28.17145048571685
newsat-37,joan,56203,2026-08-21T15:32:19.744850,2026-08-21T15:37:14.501149,2026-08-21T15:42:03.747986,44.30001469597967
newsat-37,joan,56203,2026-08-22T03:19:19.771738,2026-08-22T03:24:15.446281,2026-08-22T03:29:18.466777,66.30958487029972
newsat-37,joan,56203,2026-08-22T16:06:37.490641,2026-08-22T16:11:28.573965,2026-08-22T16:16:15.066070,38.408290864865975
newsat-37,joan,56203,2026-08-23T02:23:16.299911,2026-08-23T02:27:27.898746,2026-08-23T02:31:44.088802,12.911832832350004
newsat-37,joan,56203,2026-08-23T03:54:06.320678,2026-08-23T03:58:33.529659,2026-08-23T04:03:07.166349,17.09091580649868
newsat-37,joan,56203,2026-08-23T15:09:52.096928,2026-08-23T15:14:22.978885,2026-08-23T15:18:50.187868,18.09615313800193
newsat-37,joan,56203,2026-08-23T16:41:22.351632,2026-08-23T16:45:26.604516,2026-08-23T16:49:29.939157,11.473624965167145
newsat-37,joan,56203,2026-08-24T02:56:33.509118,2026-08-24T03:01:24.592442,2026-08-24T03:06:22.103474,43.24478013421925
newsat-37,joan,56203,2026-08-24T15:43:33.524820,2026-08-24T15:48:31.035851,2026-08-24T15:53:23.037420,73.36243215567642
newsat-37,joan,56203,2026-08-25T03:30:32.208102,2026-08-25T03:35:23.291426,2026-08-25T03:40:21.720702,40.84727532050625
newsat-37,joan,56203,2026-08-25T16:17:42.067920,2026-08-25T16:22:23.050560,2026-08-25T16:27:00.360226,25.54985512319855
newsat-37,joan,56203,2026-08-26T02:33:44.890130,2026-08-26T02:38:13.017355,2026-08-26T02:42:45.735801,18.111828962225236
newsat-37,joan,56203,2026-08-26T04:05:16.738257,2026-08-26T04:09:24.664117,2026-08-26T04:13:38.099441,11.864430884109604
newsat-37,joan,56203,2026-08-26T15:20:21.017987,2026-08-26T15:25:04.755359,2026-08-26T15:29:42.983269,25.936158414599245
newsat-37,joan,56203,2026-08-27T03:06:58.244067,2026-08-27T03:11:53.000366,2026-08-27T03:16:54.184374,67.94903755590232
newsat-37,joan,56203,2026-08-27T15:53:54.411245,2026-08-27T15:58:50.085788,2026-08-27T16:03:41.169113,71.00779003829948
newsat-37,joan,56203,2026-08-28T03:40:51.919710,2026-08-28T03:45:35.657082,2026-08-28T03:50:24.903919,27.68973047814613
newsat-37,joan,56203,2026-08-28T14:57:05.060978,2026-08-28T15:01:08.395618,2026-08-28T15:05:08.975527,10.864910191843768
newsat-37,joan,56203,2026-08-28T16:27:51.915155,2026-08-28T16:32:20.042380,2026-08-28T16:36:45.414875,18.298438495376818
newsat-37,joan,56203,2026-08-29T02:43:23.510319,2026-08-29T02:48:02.656472,2026-08-29T02:52:46.393845,24.800684832368855
newsat-37,joan,56203,2026-08-29T15:29:57.545118,2026-08-29T15:34:47.710198,2026-08-29T15:39:33.284059,37.22504650161852
newsat-37,joan,56203,2026-08-30T03:16:30.504066,2026-08-30T03:21:25.260365,2026-08-30T03:26:26.444373,80.18216883237226
newsat-37,joan,56203,2026-08-30T16:03:19.649380,2026-08-30T16:08:11.650948,2026-08-30T16:12:59.061297,46.68347934596658
newsat-37,joan,56203,2026-08-31T02:19:51.929665,2026-08-31T02:23:51.591329,2026-08-31T02:27:54.925970,10.713828390466723
newsat-37,joan,56203,2026-08-31T03:50:17.819522,2026-08-31T03:54:50.537967,2026-08-31T03:59:29.684120,20.151195461250115
newsat-37,joan,56203,2026-08-31T15:05:54.723916,2026-08-31T15:10:14.586946,2026-08-31T15:14:31.695246,14.736108648847722
newsat-37,joan,56203,2026-08-31T16:37:06.114109,2026-08-31T16:41:19.549432,2026-08-31T16:45:30.230024,13.665428760218465
newsat-37,joan,56203,2026-09-01T02:52:09.236963,2026-09-01T02:56:54.810823,2026-09-01T03:01:46.812392,33.72192314953976
newsat-37,joan,56203,2026-09-01T15:38:38.673791,2026-09-01T15:43:32.511847,2026-09-01T15:48:20.840440,53.872785020461
newsat-37,joan,56203,2026-09-02T03:25:08.034032,2026-09-02T03:30:00.035600,2026-09-02T03:34:59.383120,54.962795135547715
newsat-37,joan,56203,2026-09-02T16:11:48.152198,2026-09-02T16:16:33.726058,2026-09-02T16:21:15.626943,33.2825997446696
newsat-37,joan,56203,2026-09-03T02:27:50.873133,2026-09-03T02:32:04.308456,2026-09-03T02:36:22.335000,13.89018091651422
newsat-37,joan,56203,2026-09-03T03:58:46.484385,2026-09-03T04:03:07.265659,2026-09-03T04:07:33.556398,15.321029030352264
newsat-37,joan,56203,2026-09-03T15:13:51.074696,2026-09-03T15:18:21.956653,2026-09-03T15:22:50.083880,19.169740487769925
newsat-37,joan,56203,2026-09-03T16:45:23.327932,2026-09-03T16:49:20.234864,2026-09-03T16:53:16.223553,10.454967257585164
newsat-37,joan,56203,2026-09-04T03:00:00.233570,2026-09-04T03:04:49.480406,2026-09-04T03:09:45.154950,45.779612735233194
newsat-37,joan,56203,2026-09-04T15:46:23.067145,2026-09-04T15:51:17.823444,2026-09-04T15:56:07.988525,76.28265750144492
newsat-37,joan,56203,2026-09-05T03:32:48.329044,2026-09-05T03:37:36.657636,2026-09-05T03:42:31.413936,39.834413215208336
newsat-37,joan,56203,2026-09-05T16:19:18.751634,2026-09-05T16:23:56.979543,2026-09-05T16:28:33.370965,25.529486290918626
newsat-37,joan,56203,2026-09-06T02:34:54.418131,2026-09-06T02:39:18.872381,2026-09-06T02:43:46.999608,17.300459091169966
newsat-37,joan,56203,2026-09-06T04:06:18.164106,2026-09-06T04:10:25.171722,2026-09-06T04:14:37.688802,11.985530190876126
newsat-37,joan,56203,2026-09-06T15:20:50.690147,2026-09-06T15:25:29.836300,2026-09-06T15:30:05.309478,24.245367289814812
newsat-37,joan,56203,2026-09-07T03:06:54.245031,2026-09-07T03:11:45.328355,2026-09-07T03:16:42.839387,61.376578890951755
newsat-37,joan,56203,2026-09-07T15:53:09.138498,2026-09-07T15:58:02.976554,2026-09-07T16:02:53.141635,80.39573736931207
newsat-37,joan,56203,2026-09-08T03:39:30.970490,2026-09-08T03:44:13.789618,2026-09-08T03:49:03.036455,30.906608666406274
newsat-37,joan,56203,2026-09-08T16:25:49.861016,2026-09-08T16:30:20.742973,2026-09-08T16:34:49.788444,20.665001116778633
newsat-37,joan,56203,2026-09-09T02:41:03.064296,2026-09-09T02:45:33.946253,2026-09-09T02:50:09.419431,20.887590982057574
newsat-37,joan,56203,2026-09-09T15:26:53.151671,2026-09-09T15:31:36.889043,2026-09-09T15:36:16.953440,29.938176665575345
newsat-37,joan,56203,2026-09-10T03:12:50.602935,2026-09-10T03:17:41.686259,2026-09-10T03:22:39.197291,79.0084299563838
newsat-37,joan,56203,2026-09-10T15:58:55.969617,2026-09-10T16:03:47.971185,2026-09-10T16:08:36.299778,62.64538378837873
newsat-37,joan,56203,2026-09-11T03:45:13.453451,2026-09-11T03:49:50.763116,2026-09-11T03:54:34.500489,25.347290101299258
newsat-37,joan,56203,2026-09-11T15:00:36.300612,2026-09-11T15:04:38.717008,2026-09-11T15:08:39.296917,11.083305156832337
newsat-37,joan,56203,2026-09-11T16:31:20.143488,2026-09-11T16:35:43.679494,2026-09-11T16:40:06.297258,17.448166419549807
newsat-37,joan,56203,2026-09-12T02:46:13.388467,2026-09-12T02:50:48.861644,2026-09-12T02:55:28.926041,24.50835769663784
newsat-37,joan,56203,2026-09-12T15:31:55.704528,2026-09-12T15:36:43.114876,2026-09-12T15:41:25.934005,36.01918801913598
newsat-37,joan,56203,2026-09-13T03:17:46.133924,2026-09-13T03:22:37.217248,2026-09-13T03:27:33.810036,84.6318972661013
newsat-37,joan,56203,2026-09-13T16:03:41.973828,2026-09-13T16:08:32.138908,2026-09-13T16:13:18.631013,51.17059178808663
newsat-37,joan,56203,2026-09-14T03:49:54.441080,2026-09-14T03:54:26.241281,2026-09-14T03:59:04.469191,21.749246644005705
newsat-37,joan,56203,2026-09-14T15:04:54.156594,2026-09-14T15:09:04.837185,2026-09-14T15:13:13.681290,12.759517381002379
newsat-37,joan,56203,2026-09-14T16:35:48.680807,2026-09-14T16:40:05.789106,2026-09-14T16:44:21.979162,15.287558592757824
newsat-37,joan,56203,2026-09-15T02:50:24.722216,2026-09-15T02:55:02.950125,2026-09-15T02:59:45.769254,27.90817728052041
newsat-37,joan,56203,2026-09-15T15:35:57.930107,2026-09-15T15:40:47.176943,2026-09-15T15:45:32.750804,41.956571216691636
newsat-37,joan,56203,2026-09-16T03:21:41.337640,2026-09-16T03:26:30.584476,2026-09-16T03:31:26.259020,72.49779020459438
newsat-37,joan,56203,2026-09-16T16:07:25.814276,2026-09-16T16:12:14.142868,2026-09-16T16:16:59.716729,44.20126128058812
newsat-37,joan,56203,2026-09-17T02:23:14.059366,2026-09-17T02:27:07.293323,2026-09-17T02:31:05.118500,10.330070983665616
newsat-37,joan,56203,2026-09-17T03:53:32.346704,2026-09-17T03:57:59.555685,2026-09-17T04:02:32.274131,19.423160584485768
newsat-37,joan,56203,2026-09-17T15:08:12.853365,2026-09-17T15:12:28.125176,2026-09-17T15:16:42.478744,14.109617279081634
newsat-37,joan,56203,2026-09-17T16:39:13.886308,2026-09-17T16:43:26.403387,2026-09-17T16:47:37.083979,13.879126603051187
newsat-37,joan,56203,2026-09-18T02:53:35.728694,2026-09-18T02:58:14.874847,2026-09-18T03:02:58.612220,30.726749932285987
newsat-37,joan,56203,2026-09-18T15:38:58.241745,2026-09-18T15:43:48.406825,2026-09-18T15:48:34.898930,46.952902088693016
newsat-37,joan,56203,2026-09-19T03:24:33.459351,2026-09-19T03:29:21.787943,2026-09-19T03:34:16.544243,64.77700953638842
newsat-37,joan,56203,2026-09-19T16:10:06.822534,2026-09-19T16:14:53.314638,2026-09-19T16:19:37.970255,40.243363107737366
newsat-37,joan,56203,2026-09-20T02:25:40.868601,2026-09-20T02:29:37.775533,2026-09-20T02:33:37.437198,10.992891807831612
newsat-37,joan,56203,2026-09-20T03:56:05.833462,2026-09-20T04:00:29.369468,2026-09-20T04:04:58.414939,18.018893250388572
newsat-37,joan,56203,2026-09-20T15:10:28.967759,2026-09-20T15:14:47.912545,2026-09-20T15:19:05.020845,15.018107711608373
newsat-37,joan,56203,2026-09-20T16:41:34.672941,2026-09-20T16:45:43.517045,2026-09-20T16:49:51.442906,13.061710124167908
newsat-37,joan,56203,2026-09-21T02:55:44.152794,2026-09-21T03:00:23.298947,2026-09-21T03:05:07.954564,32.56386650342125
newsat-37,joan,56203,2026-09-21T15:40:55.971003,2026-09-21T15:45:46.136083,2026-09-21T15:50:33.546432,50.15494866371349
newsat-37,joan,56203,2026-09-22T03:26:22.080440,2026-09-22T03:31:09.490788,2026-09-22T03:36:02.410601,60.864805324367175
newsat-37,joan,56203,2026-09-22T16:11:43.411927,2026-09-22T16:16:28.985787,2026-09-22T16:21:12.723160,38.46827593535885
newsat-37,joan,56203,2026-09-23T02:27:06.263519,2026-09-23T02:31:04.088695,2026-09-23T02:35:04.668604,11.257321579672178
newsat-37,joan,56203,2026-09-23T03:57:33.314684,2026-09-23T04:01:55.014202,2026-09-23T04:06:22.223185,17.364486738297646
newsat-37,joan,56203,2026-09-23T15:11:43.667837,2026-09-23T15:16:03.530867,2026-09-23T15:20:21.557411,15.390656645650443
newsat-37,joan,56203,2026-09-23T16:42:50.122468,2026-09-23T16:46:57.130084,2026-09-23T16:51:04.137701,12.756883357230738
newsat-37,joan,56203,2026-09-24T02:56:49.076274,2026-09-24T03:01:28.222427,2026-09-24T03:06:11.959800,33.10064839010975
newsat-37,joan,56203,2026-09-24T15:41:49.531214,2026-09-24T15:46:39.696294,2026-09-24T15:51:27.106643,50.94278597248299
newsat-37,joan,56203,2026-09-25T03:27:06.113870,2026-09-25T03:31:51.687730,2026-09-25T03:36:44.607543,60.272882274153574
newsat-37,joan,56203,2026-09-25T16:12:14.914029,2026-09-25T16:17:00.487889,2026-09-25T16:21:44.225262,38.538912589785376
newsat-37,joan,56203,2026-09-26T02:27:29.575696,2026-09-26T02:31:25.564384,2026-09-26T02:35:26.144293,11.094659046887463
newsat-37,joan,56203,2026-09-26T03:57:55.040190,2026-09-26T04:02:15.821464,2026-09-26T04:06:42.112203,17.396453361870314
newsat-37,joan,56203,2026-09-26T15:11:54.448686,2026-09-26T15:16:14.311716,2026-09-26T15:20:31.420016,15.178894648253687
newsat-37,joan,56203,2026-09-26T16:42:58.648218,2026-09-26T16:47:06.574078,2026-09-26T16:51:13.581695,12.9406760140002
newsat-37,joan,56203,2026-09-27T02:56:50.330345,2026-09-27T03:01:27.640010,2026-09-27T03:06:10.459139,32.20440470499325
newsat-37,joan,56203,2026-09-27T15:41:37.585531,2026-09-27T15:46:27.750611,2026-09-27T15:51:14.242716,49.12234193084015
newsat-37,joan,56203,2026-09-28T03:26:44.391593,2026-09-28T03:31:29.047209,2026-09-28T03:36:21.048778,63.05839117702626
newsat-37,joan,56203,2026-09-28T16:11:39.991993,2026-09-28T16:16:26.484097,2026-09-28T16:21:10.221470,40.49212937427271
newsat-37,joan,56203,2026-09-29T02:26:50.555320,2026-09-29T02:30:42.871033,2026-09-29T02:34:38.859722,10.512127579856497
newsat-37,joan,56203,2026-09-29T03:57:08.086457,2026-09-29T04:01:29.785975,2026-09-29T04:05:56.994958,18.136504448433506
newsat-37,joan,56203,2026-09-29T15:11:01.141514,2026-09-29T15:15:18.249813,2026-09-29T15:19:33.521625,14.39382374929094
newsat-37,joan,56203,2026-09-29T16:41:59.163157,2026-09-29T16:46:09.843748,2026-09-29T16:50:20.524340,13.636092426474212
newsat-37,joan,56203,2026-09-30T02:55:46.078514,2026-09-30T03:00:21.551691,2026-09-30T03:05:02.534332,30.002351490010447
newsat-37,joan,56203,2026-09-30T15:40:19.715331,2026-09-30T15:45:08.962167,2026-09-30T15:49:55.454272,45.00060809998795
newsat-37,joan,56203,2026-10-01T03:25:14.908305,2026-10-01T03:29:59.563921,2026-10-01T03:34:51.565490,69.75201368770733
newsat-37,joan,56203,2026-10-01T16:09:57.308949,2026-10-01T16:14:45.637541,2026-10-01T16:19:31.211402,44.77005184957639
newsat-37,joan,56203,2026-10-02T03:55:13.371716,2026-10-02T03:59:36.907722,2026-10-02T04:04:06.871437,19.70593371566386
newsat-37,joan,56203,2026-10-02T15:09:03.077882,2026-10-02T15:13:14.676717,2026-10-02T15:17:25.357309,13.104977745100443
newsat-37,joan,56203,2026-10-02T16:39:51.417452,2026-10-02T16:44:07.607507,2026-10-02T16:48:21.961075,14.924697299017353
newsat-37,joan,56203,2026-10-03T02:53:36.820409,2026-10-03T02:58:08.620610,2026-10-03T03:02:45.930276,26.82573051155097
newsat-37,joan,56203,2026-10-03T15:37:55.920614,2026-10-03T15:42:43.330962,2026-10-03T15:47:27.986579,39.317596543888975
newsat-37,joan,56203,2026-10-04T03:22:38.832075,2026-10-04T03:27:22.569447,2026-10-04T03:32:13.652772,81.28739988693563
newsat-37,joan,56203,2026-10-04T16:07:08.032964,2026-10-04T16:11:57.279800,2026-10-04T16:16:44.690149,52.40332215957376
newsat-37,joan,56203,2026-10-05T03:52:08.640875,2026-10-05T03:56:35.849856,2026-10-05T04:01:10.404790,22.3734641558239
newsat-37,joan,56203,2026-10-05T15:05:59.589371,2026-10-05T15:10:02.924011,2026-10-05T15:14:05.340408,11.418779121141622
newsat-37,joan,56203,2026-10-05T16:36:34.823710,2026-10-05T16:40:56.523228,2026-10-05T16:45:17.304504,16.96907394462844
newsat-37,joan,56203,2026-10-06T02:50:20.300938,2026-10-06T02:54:47.509919,2026-10-06T02:59:20.228365,23.097677352695765
newsat-37,joan,56203,2026-10-06T15:34:24.196102,2026-10-06T15:39:08.851718,2026-10-06T15:43:50.752603,32.963053771326166
newsat-37,joan,56203,2026-10-07T03:18:54.576237,2026-10-07T03:23:37.395365,2026-10-07T03:28:28.478690,81.76491414443241
newsat-37,joan,56203,2026-10-07T16:03:09.659124,2026-10-07T16:08:00.742448,2026-10-07T16:12:49.071041,65.28187265388014
newsat-37,joan,56203,2026-10-08T03:47:55.061998,2026-10-08T03:52:25.943955,2026-10-08T03:57:05.090108,26.694243405001192
newsat-37,joan,56203,2026-10-08T16:32:09.132117,2026-10-08T16:36:37.259342,2026-10-08T16:41:05.386569,20.08994457135551
newsat-37,joan,56203,2026-10-09T02:45:57.688161,2026-10-09T02:50:17.551191,2026-10-09T02:54:43.841930,19.20190077318263
newsat-37,joan,56203,2026-10-09T15:29:44.791616,2026-10-09T15:34:24.856012,2026-10-09T15:39:02.165678,26.701063990004165
newsat-37,joan,56203,2026-10-10T03:14:01.722178,2026-10-10T03:18:42.704818,2026-10-10T03:23:31.951655,62.400165230532906
newsat-37,joan,56203,2026-10-10T15:58:01.100392,2026-10-10T16:02:54.020204,2026-10-10T16:07:43.267041,85.40921403809017
newsat-37,joan,56203,2026-10-11T03:42:31.048410,2026-10-11T03:47:06.521587,2026-10-11T03:51:49.340716,33.85912316908722
newsat-37,joan,56203,2026-10-11T16:26:32.087567,2026-10-11T16:31:08.478988,2026-10-11T16:35:42.115678,24.933495217159034
newsat-37,joan,56203,2026-10-12T02:40:28.063832,2026-10-12T02:44:38.744423,2026-10-12T02:48:54.016235,15.40413466009172
newsat-37,joan,56203,2026-10-12T04:11:28.921228,2026-10-12T04:15:27.664648,2026-10-12T04:19:32.835777,11.785140831694655
newsat-37,joan,56203,2026-10-12T15:23:57.288538,2026-10-12T15:28:30.006983,2026-10-12T15:32:59.970698,20.97282685714764
newsat-37,joan,56203,2026-10-13T03:07:59.601466,2026-10-13T03:12:37.829375,2026-10-13T03:17:24.321480,44.99400715751574
newsat-37,joan,56203,2026-10-13T15:51:43.774644,2026-10-13T15:56:35.776212,2026-10-13T16:01:25.023049,69.05456527492609
newsat-37,joan,56203,2026-10-14T03:35:56.431317,2026-10-14T03:40:35.577470,2026-10-14T03:45:22.987819,46.5800008100839
newsat-37,joan,56203,2026-10-14T16:19:44.689330,2026-10-14T16:24:27.508458,2026-10-14T16:29:08.491099,32.924198438979424
newsat-37,joan,56203,2026-10-15T02:33:51.508976,2026-10-15T02:37:48.415908,2026-10-15T02:41:49.914061,11.839048773918309
newsat-37,joan,56203,2026-10-15T04:04:19.053022,2026-10-15T04:08:30.651857,2026-10-15T04:12:49.596645,15.464343885967404
newsat-37,joan,56203,2026-10-15T15:17:01.268261,2026-10-15T15:21:22.967779,2026-10-15T15:25:41.912567,15.923420865242607
newsat-37,joan,56203,2026-10-15T16:47:59.364172,2026-10-15T16:52:04.535300,2026-10-15T16:56:09.706429,12.354754303329612
newsat-37,joan,56203,2026-10-16T03:00:48.713740,2026-10-16T03:05:21.432185,2026-10-16T03:10:02.414826,31.855966943925694
newsat-37,joan,56203,2026-10-16T15:44:16.763635,2026-10-16T15:49:06.010471,2026-10-16T15:53:51.584332,46.603491760590686
newsat-37,joan,56203,2026-10-17T03:28:11.460539,2026-10-17T03:32:52.443179,2026-10-17T03:37:42.608260,70.41757078508834
newsat-37,joan,56203,2026-10-17T16:11:46.019164,2026-10-17T16:16:34.347756,2026-10-17T16:21:19.921617,47.525055521536835
newsat-37,joan,56203,2026-10-18T03:55:57.912887,2026-10-18T04:00:21.448893,2026-10-18T04:04:52.330852,21.18700013327525
newsat-37,joan,56203,2026-10-18T15:08:57.480235,2026-10-18T15:13:01.733119,2026-10-18T15:17:04.149516,11.515826008431464
newsat-37,joan,56203,2026-10-18T16:39:27.866787,2026-10-18T16:43:48.648061,2026-10-18T16:48:07.592849,16.737497291088697
newsat-37,joan,56203,2026-10-19T02:52:29.058998,2026-10-19T02:56:53.513248,2026-10-19T03:01:24.395207,22.460543686191222
newsat-37,joan,56203,2026-10-19T15:35:38.561714,2026-10-19T15:40:21.380842,2026-10-19T15:45:01.445239,31.026729119429355
newsat-37,joan,56203,2026-10-20T03:19:17.054313,2026-10-20T03:23:57.118709,2026-10-20T03:28:46.365546,73.19095961363738
newsat-37,joan,56203,2026-10-20T16:02:35.908265,2026-10-20T16:07:26.991589,2026-10-20T16:12:15.320182,75.93569822290672
newsat-37,joan,56203,2026-10-21T03:46:26.000446,2026-10-21T03:50:58.718891,2026-10-21T03:55:39.701532,31.17584482543448
newsat-37,joan,56203,2026-10-21T16:29:44.010422,2026-10-21T16:34:18.565355,2026-10-21T16:38:50.365557,23.78618666658901
newsat-37,joan,56203,2026-10-22T02:43:02.304926,2026-10-22T02:47:12.067274,2026-10-22T02:51:28.257330,15.600836218931994
newsat-37,joan,56203,2026-10-22T04:14:00.070001,2026-10-22T04:17:56.976933,2026-10-22T04:21:59.393330,11.497168334046435
newsat-37,joan,56203,2026-10-22T15:25:50.087124,2026-10-22T15:30:21.887325,2026-10-22T15:34:50.932796,20.713256851073805
newsat-37,joan,56203,2026-10-23T03:09:11.875786,2026-10-23T03:13:48.267207,2026-10-23T03:18:33.841068,43.105726238234425
newsat-37,joan,56203,2026-10-23T15:52:13.688211,2026-10-23T15:57:04.771535,2026-10-23T16:01:51.263640,63.833167846441654
newsat-37,joan,56203,2026-10-24T03:35:42.897094,2026-10-24T03:40:21.125003,2026-10-24T03:45:09.453596,51.878741171888294
newsat-37,joan,56203,2026-10-24T16:18:47.626293,2026-10-24T16:23:32.281909,2026-10-24T16:28:13.264550,37.00464391289366
newsat-37,joan,56203,2026-10-25T02:32:28.451534,2026-10-25T02:36:17.094271,2026-10-25T02:40:11.246473,10.346644681997844
newsat-37,joan,56203,2026-10-25T04:02:35.119034,2026-10-25T04:06:51.309089,2026-10-25T04:11:15.763340,17.578875045948852
newsat-37,joan,56203,2026-10-25T15:14:53.007562,2026-10-25T15:19:05.524641,2026-10-25T15:23:15.286989,13.507676003152566
newsat-37,joan,56203,2026-10-25T16:45:33.238228,2026-10-25T16:49:45.755307,2026-10-25T16:53:56.435899,14.228472658836258
newsat-37,joan,56203,2026-10-26T02:57:57.093022,2026-10-26T03:02:25.220247,2026-10-26T03:07:00.693425,26.09244413089681
newsat-37,joan,56203,2026-10-26T15:40:39.689840,2026-10-26T15:45:24.345456,2026-10-26T15:50:05.328097,35.81615330397039
newsat-37,joan,56203,2026-10-27T03:23:48.353014,2026-10-27T03:28:29.335654,2026-10-27T03:33:18.582491,84.83896200140016
newsat-37,joan,56203,2026-10-27T16:06:38.964213,2026-10-27T16:11:29.129293,2026-10-27T16:16:14.703154,66.90679782050579
newsat-37,joan,56203,2026-10-28T03:50:00.145213,2026-10-28T03:54:30.108926,2026-10-28T03:59:10.173323,28.60392333182343
newsat-37,joan,56203,2026-10-28T16:32:47.657339,2026-10-28T16:37:18.539296,2026-10-28T16:41:46.666523,22.31000465876288
newsat-37,joan,56203,2026-10-29T02:45:34.373706,2026-10-29T02:49:45.972541,2026-10-29T02:54:03.999085,16.191244856830277
newsat-37,joan,56203,2026-10-29T04:16:34.306105,2026-10-29T04:20:27.540062,2026-10-29T04:24:28.119971,11.02477342678254
newsat-37,joan,56203,2026-10-29T15:27:53.913150,2026-10-29T15:32:25.713351,2026-10-29T15:36:52.922334,20.974406796673264
newsat-37,joan,56203,2026-10-30T03:10:44.954145,2026-10-30T03:15:21.345566,2026-10-30T03:20:06.001183,43.25267403119667
newsat-37,joan,56203,2026-10-30T15:53:16.268718,2026-10-30T15:58:06.433798,2026-10-30T16:02:51.089415,62.26301804617165
newsat-37,joan,56203,2026-10-31T03:36:13.561872,2026-10-31T03:40:52.708025,2026-10-31T03:45:41.036618,54.35460852618445
newsat-37,joan,56203,2026-10-31T16:18:47.793221,2026-10-31T16:23:32.448837,2026-10-31T16:28:12.513234,39.13196617219881
newsat-37,joan,56203,2026-11-01T04:02:01.115134,2026-11-01T04:06:20.059920,2026-11-01T04:10:47.268903,18.869134112167224
newsat-37,joan,56203,2026-11-01T15:14:00.112141,2026-11-01T15:18:06.201513,2026-11-01T15:22:09.536154,12.18159882684902
newsat-37,joan,56203,2026-11-01T16:44:29.155086,2026-11-01T16:48:44.426897,2026-11-01T16:52:56.943977,15.31514423445987
newsat-37,joan,56203,2026-11-02T02:56:32.032057,2026-11-02T03:00:56.486307,2026-11-02T03:05:28.286509,23.34877506192256
newsat-37,joan,56203,2026-11-02T15:38:41.875926,2026-11-02T15:43:22.858566,2026-11-02T15:47:58.331744,30.66867600245724
newsat-37,joan,56203,2026-11-03T03:21:17.954944,2026-11-03T03:25:57.101097,2026-11-03T03:30:46.347934,69.86034273379457
newsat-37,joan,56203,2026-11-03T16:03:35.563378,2026-11-03T16:08:24.810214,2026-11-03T16:13:09.465831,83.02868045567305
newsat-37,joan,56203,2026-11-04T03:46:19.818818,2026-11-04T03:50:54.373751,2026-11-04T03:55:38.111124,35.32655486222012
newsat-37,joan,56203,2026-11-04T16:28:37.251703,2026-11-04T16:33:12.724880,2026-11-04T16:37:44.525082,27.114005332155784
newsat-37,joan,56203,2026-11-05T02:41:12.591295,2026-11-05T02:45:14.089447,2026-11-05T02:49:21.097064,13.10835192912619
newsat-37,joan,56203,2026-11-05T04:11:41.796282,2026-11-05T04:15:46.967410,2026-11-05T04:19:59.484490,13.831931633102132
newsat-37,joan,56203,2026-11-05T15:22:56.535282,2026-11-05T15:27:16.398312,2026-11-05T15:31:32.588368,16.292221903504203
newsat-37,joan,56203,2026-11-05T16:53:48.108961,2026-11-05T16:57:45.934137,2026-11-05T17:01:42.841070,11.38358682613268
newsat-37,joan,56203,2026-11-06T03:05:12.156368,2026-11-06T03:09:43.956569,2026-11-06T03:14:24.020966,31.72283895491553
newsat-37,joan,56203,2026-11-06T15:47:09.630952,2026-11-06T15:51:54.286568,2026-11-06T15:56:33.432721,42.53007238581456
newsat-37,joan,56203,2026-11-07T03:29:29.748730,2026-11-07T03:34:09.813126,2026-11-07T03:38:59.059963,81.88834195886412
newsat-37,joan,56203,2026-11-07T16:11:31.645739,2026-11-07T16:16:18.137843,2026-11-07T16:20:59.120484,58.679657023188696
newsat-37,joan,56203,2026-11-08T03:54:01.945224,2026-11-08T03:58:30.990693,2026-11-08T04:03:08.300359,26.729814971361815
newsat-37,joan,56203,2026-11-08T16:36:00.074731,2026-11-08T16:40:27.283712,2026-11-08T16:44:50.819720,21.238950375611623
newsat-37,joan,56203,2026-11-09T02:48:00.338757,2026-11-09T02:52:11.937592,2026-11-09T02:56:29.964136,16.200953733417954
newsat-37,joan,56203,2026-11-09T04:18:53.337065,2026-11-09T04:22:47.489266,2026-11-09T04:26:47.150931,11.00686972930584
newsat-37,joan,56203,2026-11-09T15:29:32.581888,2026-11-09T15:33:58.872625,2026-11-09T15:38:21.490389,19.923217846683
newsat-37,joan,56203,2026-11-10T03:11:30.236448,2026-11-10T03:16:05.709625,2026-11-10T03:20:49.446998,40.12421785105094
newsat-37,joan,56203,2026-11-10T15:53:12.418220,2026-11-10T15:57:57.992080,2026-11-10T16:02:38.056477,54.39932384194947
newsat-37,joan,56203,2026-11-11T03:35:14.738271,2026-11-11T03:39:54.802667,2026-11-11T03:44:43.131260,64.27053104879843
newsat-37,joan,56203,2026-11-11T16:16:59.587000,2026-11-11T16:21:42.406128,2026-11-11T16:26:20.634038,46.7176053364583
newsat-37,joan,56203,2026-11-12T03:59:14.094037,2026-11-12T04:03:38.548287,2026-11-12T04:08:11.266733,22.676099437521444
newsat-37,joan,56203,2026-11-12T16:40:52.001923,2026-11-12T16:45:12.783197,2026-11-12T16:49:29.891497,18.315987719340967
newsat-37,joan,56203,2026-11-13T02:52:25.204761,2026-11-13T02:56:41.394816,2026-11-13T03:01:04.012580,18.35033781857538
newsat-37,joan,56203,2026-11-13T15:33:41.236835,2026-11-13T15:38:10.282304,2026-11-13T15:42:34.736555,22.30709423759774
newsat-37,joan,56203,2026-11-14T03:15:20.425240,2026-11-14T03:19:57.734905,2026-11-14T03:24:42.390522,46.01492219681557
newsat-37,joan,56203,2026-11-14T15:56:45.308917,2026-11-14T16:01:29.964533,2026-11-14T16:06:09.110686,62.02296918235664
newsat-37,joan,56203,2026-11-15T03:38:29.831237,2026-11-15T03:43:08.059146,2026-11-15T03:47:55.469495,56.98216332604186
newsat-37,joan,56203,2026-11-15T16:19:54.876957,2026-11-15T16:24:34.941353,2026-11-15T16:29:10.414531,42.24090405436248
newsat-37,joan,56203,2026-11-16T04:01:51.336451,2026-11-16T04:06:13.035969,2026-11-16T04:10:42.999684,21.235133753483595
newsat-37,joan,56203,2026-11-16T16:43:08.772897,2026-11-16T16:47:25.881196,2026-11-16T16:51:39.316520,17.277435037206317
newsat-37,joan,56203,2026-11-17T02:54:21.342254,2026-11-17T02:58:38.450553,2026-11-17T03:03:01.986561,19.00165356861888
newsat-37,joan,56203,2026-11-17T15:35:19.157990,2026-11-17T15:39:47.285215,2026-11-17T15:44:10.821223,22.701635562213124
newsat-37,joan,56203,2026-11-18T03:16:38.961998,2026-11-18T03:21:15.353419,2026-11-18T03:26:00.009036,46.84912492673482
newsat-37,joan,56203,2026-11-18T15:57:44.042665,2026-11-18T16:02:26.861793,2026-11-18T16:07:04.171459,61.98496756164547
newsat-37,joan,56203,2026-11-19T03:39:08.012528,2026-11-19T03:43:46.240437,2026-11-19T03:48:33.650786,57.61425638794615
newsat-37,joan,56203,2026-11-19T16:20:13.255237,2026-11-19T16:24:52.401390,2026-11-19T16:29:26.038080,43.144062526264186
newsat-37,joan,56203,2026-11-20T04:01:48.244029,2026-11-20T04:06:11.780035,2026-11-20T04:10:41.743750,21.900606942055397
newsat-37,joan,56203,2026-11-20T16:42:47.045527,2026-11-20T16:47:03.235582,2026-11-20T16:51:16.670906,17.860450532749777
newsat-37,joan,56203,2026-11-21T02:53:45.409110,2026-11-21T02:57:59.762677,2026-11-21T03:02:20.543953,17.923829807297466
newsat-37,joan,56203,2026-11-21T15:34:22.084980,2026-11-21T15:38:46.539230,2026-11-21T15:43:05.484018,20.89736470885712
newsat-37,joan,56203,2026-11-22T03:15:21.086712,2026-11-22T03:19:56.559889,2026-11-22T03:24:38.460774,42.10316190927486
newsat-37,joan,56203,2026-11-22T15:56:05.027512,2026-11-22T16:00:46.010152,2026-11-22T16:05:20.565086,53.96587628728063
newsat-37,joan,56203,2026-11-23T03:37:07.776490,2026-11-23T03:41:46.004399,2026-11-23T03:46:33.414748,66.73247003294357
newsat-37,joan,56203,2026-11-23T16:17:52.297945,2026-11-23T16:22:31.444098,2026-11-23T16:27:05.080788,50.27039064118643
newsat-37,joan,56203,2026-11-24T03:59:03.810751,2026-11-24T04:03:30.101488,2026-11-24T04:08:02.819934,24.999175435701552
newsat-37,joan,56203,2026-11-24T16:39:41.391360,2026-11-24T16:44:02.172634,2026-11-24T16:48:18.362690,20.350183806264056
newsat-37,joan,56203,2026-11-25T02:50:34.063180,2026-11-25T02:54:41.989040,2026-11-25T02:58:54.506120,15.374514627632903
newsat-37,joan,56203,2026-11-25T04:21:12.025244,2026-11-25T04:25:06.177445,2026-11-25T04:29:05.839110,11.333254088293579
newsat-37,joan,56203,2026-11-25T15:30:47.175291,2026-11-25T15:35:03.365346,2026-11-25T15:39:14.964182,17.403400193399925
newsat-37,joan,56203,2026-11-26T03:11:25.124931,2026-11-26T03:15:56.006888,2026-11-26T03:20:34.234798,33.732731556433706
newsat-37,joan,56203,2026-11-26T15:51:45.420949,2026-11-26T15:56:22.730614,2026-11-26T16:00:53.612573,41.16795525139992
newsat-37,joan,56203,2026-11-27T03:32:25.780979,2026-11-27T03:37:04.008888,2026-11-27T03:41:49.582749,87.77597080190253
newsat-37,joan,56203,2026-11-27T16:12:47.575897,2026-11-27T16:17:26.722050,2026-11-27T16:22:01.276984,68.3070314613927
newsat-37,joan,56203,2026-11-28T03:53:33.776228,2026-11-28T03:58:04.658185,2026-11-28T04:02:41.967851,32.14135840028437
newsat-37,joan,56203,2026-11-28T16:33:50.385765,2026-11-28T16:38:16.676502,2026-11-28T16:42:39.294266,25.926942657950313
newsat-37,joan,56203,2026-11-29T02:44:46.298444,2026-11-29T02:48:40.450645,2026-11-29T02:52:39.194066,11.924583184977816
newsat-37,joan,56203,2026-11-29T04:14:51.196975,2026-11-29T04:18:57.286347,2026-11-29T04:23:09.803427,14.597023050152467
newsat-37,joan,56203,2026-11-29T15:24:32.673451,2026-11-29T15:28:35.089847,2026-11-29T15:32:32.915024,13.080710536815054
newsat-37,joan,56203,2026-11-29T16:54:56.605288,2026-11-29T16:58:52.593976,2026-11-29T17:02:46.746178,12.243619998220144
newsat-37,joan,56203,2026-11-30T03:04:48.153121,2026-11-30T03:09:11.689127,2026-11-30T03:13:41.652842,24.668505861709217
newsat-37,joan,56203,2026-11-30T15:44:43.298708,2026-11-30T15:49:12.344177,2026-11-30T15:53:36.798428,28.452623905856836
newsat-37,joan,56203,2026-12-01T03:24:59.183486,2026-12-01T03:29:35.574907,2026-12-01T03:34:19.312280,60.77736989240072
newsat-37,joan,56203,2026-12-01T16:04:57.333622,2026-12-01T16:09:35.561531,2026-12-01T16:14:08.279977,76.47721181610272
newsat-37,joan,56203,2026-12-02T03:45:16.634807,2026-12-02T03:49:52.107984,2026-12-02T03:54:34.008869,48.72002012578228
newsat-37,joan,56203,2026-12-02T16:25:12.273278,2026-12-02T16:29:44.073479,2026-12-02T16:34:12.200706,38.542878319735976
newsat-37,joan,56203,2026-12-03T04:05:41.006718,2026-12-03T04:09:59.951504,2026-12-03T04:14:25.323999,20.78830049481631
newsat-37,joan,56203,2026-12-03T16:45:26.949610,2026-12-03T16:49:38.548445,2026-12-03T16:53:47.392550,17.45610686113236
newsat-37,joan,56203,2026-12-04T02:55:29.833705,2026-12-04T02:59:39.596053,2026-12-04T03:03:53.949621,16.703272354821703
newsat-37,joan,56203,2026-12-04T15:34:56.236907,2026-12-04T15:39:11.508718,2026-12-04T15:43:22.189310,18.34020518889379
newsat-37,joan,56203,2026-12-05T03:14:48.065045,2026-12-05T03:19:18.028758,2026-12-05T03:23:54.420180,35.18292892728999
newsat-37,joan,56203,2026-12-05T15:54:18.978445,2026-12-05T15:58:52.615134,2026-12-05T16:03:20.742361,41.39283105669743
newsat-37,joan,56203,2026-12-06T03:34:12.967156,2026-12-06T03:38:48.440333,2026-12-06T03:43:31.259462,88.38112003698602
newsat-37,joan,56203,2026-12-06T16:13:43.542970,2026-12-06T16:18:19.016147,2026-12-06T16:22:50.816349,72.42827177353605
newsat-37,joan,56203,2026-12-07T03:53:40.867068,2026-12-07T03:58:10.830781,2026-12-07T04:02:47.222203,34.49588736592012
newsat-37,joan,56203,2026-12-07T16:33:06.007685,2026-12-07T16:37:31.380178,2026-12-07T16:41:53.079698,28.54109368151171
newsat-37,joan,56203,2026-12-08T02:43:32.334007,2026-12-08T02:47:16.385524,2026-12-08T02:51:04.110018,10.194115753416412
newsat-37,joan,56203,2026-12-08T04:13:15.687563,2026-12-08T04:17:24.531667,2026-12-08T04:21:38.885235,16.30032851468809
newsat-37,joan,56203,2026-12-08T15:22:25.565647,2026-12-08T15:26:14.208384,2026-12-08T15:30:01.014634,10.742657503078364
newsat-37,joan,56203,2026-12-08T16:52:29.127323,2026-12-08T16:56:29.707231,2026-12-08T17:00:27.532408,14.032583935468056
newsat-37,joan,56203,2026-12-09T03:01:53.424919,2026-12-09T03:06:08.696730,2026-12-09T03:10:27.641518,19.951266026459184
newsat-37,joan,56203,2026-12-09T15:40:53.590651,2026-12-09T15:45:12.535437,2026-12-09T15:49:28.725493,21.839706844790946
newsat-37,joan,56203,2026-12-10T03:20:20.767991,2026-12-10T03:24:51.649948,2026-12-10T03:29:28.041370,42.6362519157421
newsat-37,joan,56203,2026-12-10T15:59:24.107067,2026-12-10T16:03:56.825512,2026-12-10T16:08:25.870983,50.14023538997871
newsat-37,joan,56203,2026-12-11T03:38:52.027104,2026-12-11T03:43:26.582037,2026-12-11T03:48:06.646434,75.26058910152497
newsat-37,joan,56203,2026-12-11T16:17:52.773489,2026-12-11T16:22:26.410178,2026-12-11T16:26:55.455649,61.623729430716935
newsat-37,joan,56203,2026-12-12T03:57:25.865401,2026-12-12T04:01:52.156138,2026-12-12T04:06:23.956340,30.595267130499195
newsat-37,joan,56203,2026-12-12T16:36:19.589922,2026-12-12T16:40:41.289440,2026-12-12T16:45:00.234228,26.080309339784943
newsat-37,joan,56203,2026-12-13T02:46:17.930059,2026-12-13T02:50:02.899820,2026-12-13T02:53:51.542558,10.617471452149358
newsat-37,joan,56203,2026-12-13T04:16:04.119369,2026-12-13T04:20:08.372253,2026-12-13T04:24:18.134601,15.155925417916917
newsat-37,joan,56203,2026-12-13T15:24:41.750886,2026-12-13T15:28:31.311867,2026-12-13T15:32:19.036361,11.072919562495375
newsat-37,joan,56203,2026-12-13T16:54:46.143032,2026-12-13T16:58:42.131720,2026-12-13T17:02:37.202165,13.359785079491173
newsat-37,joan,56203,2026-12-14T03:03:44.290928,2026-12-14T03:07:57.726251,2026-12-14T03:12:15.752795,20.132260255150577
newsat-37,joan,56203,2026-12-14T15:42:13.459176,2026-12-14T15:46:31.485718,2026-12-14T15:50:45.839286,21.753219450394997
newsat-37,joan,56203,2026-12-15T03:21:15.735900,2026-12-15T03:25:43.863125,2026-12-15T03:30:17.499815,41.58023710372227
newsat-37,joan,56203,2026-12-15T15:59:46.740637,2026-12-15T16:04:17.622594,2026-12-15T16:08:44.831577,47.72434546329826
newsat-37,joan,56203,2026-12-16T03:38:48.173388,2026-12-16T03:43:19.973589,2026-12-16T03:47:58.201499,80.2283426559667
newsat-37,joan,56203,2026-12-16T16:17:16.335619,2026-12-16T16:21:49.054064,2026-12-16T16:26:18.099535,67.88401595076853
newsat-37,joan,56203,2026-12-17T03:56:21.353573,2026-12-17T04:00:46.726066,2026-12-17T04:05:17.608025,33.405918844950094
newsat-37,joan,56203,2026-12-17T16:34:43.162363,2026-12-17T16:39:05.780125,2026-12-17T16:43:25.643157,29.072285706138437
newsat-37,joan,56203,2026-12-18T04:13:57.112935,2026-12-18T04:18:04.120551,2026-12-18T04:22:15.719387,16.830829534227398
newsat-37,joan,56203,2026-12-18T16:52:06.971051,2026-12-18T16:56:08.469203,2026-12-18T17:00:08.130868,15.188699868266326
newsat-37,joan,56203,2026-12-19T03:00:54.160788,2026-12-19T03:04:59.331916,2026-12-19T03:09:09.094264,16.998093163104993
newsat-37,joan,56203,2026-12-19T15:38:48.989416,2026-12-19T15:42:59.670007,2026-12-19T15:47:07.595868,17.9787198996312
newsat-37,joan,56203,2026-12-20T03:17:22.692551,2026-12-20T03:21:45.310313,2026-12-20T03:26:13.437540,32.39314724233034
newsat-37,joan,56203,2026-12-20T15:55:19.107849,2026-12-20T15:59:46.316830,2026-12-20T16:04:09.852838,35.70835585014851
newsat-37,joan,56203,2026-12-21T03:33:51.298579,2026-12-21T03:38:21.262292,2026-12-21T03:42:56.735470,73.95172080388377
newsat-37,joan,56203,2026-12-21T16:11:46.458044,2026-12-21T16:16:18.258245,2026-12-21T16:20:46.385472,84.21430546813978
newsat-37,joan,56203,2026-12-22T03:50:19.310453,2026-12-22T03:54:46.519434,2026-12-22T03:59:19.237880,46.79015027659273
newsat-37,joan,56203,2026-12-22T16:28:08.285276,2026-12-22T16:32:35.494257,2026-12-22T16:36:59.948508,41.1909488457486
newsat-37,joan,56203,2026-12-23T04:06:47.396596,2026-12-23T04:11:01.750163,2026-12-23T04:15:21.613195,22.710529738577847
newsat-37,joan,56203,2026-12-23T16:44:26.176207,2026-12-23T16:48:38.693286,2026-12-23T16:52:49.373878,20.86228590707347
newsat-37,joan,56203,2026-12-24T02:53:17.768111,2026-12-24T02:57:05.492604,2026-12-24T03:00:56.890074,11.94751883904999
newsat-37,joan,56203,2026-12-24T04:23:14.888575,2026-12-24T04:27:06.286044,2026-12-24T04:31:02.274733,12.370562909165988
newsat-37,joan,56203,2026-12-24T15:30:33.827938,2026-12-24T15:34:27.061895,2026-12-24T15:38:18.459365,12.325522918225253
newsat-37,joan,56203,2026-12-24T17:00:39.462414,2026-12-24T17:04:27.186907,2026-12-24T17:08:14.911401,11.688749287663235
newsat-37,joan,56203,2026-12-25T03:08:37.958215,2026-12-25T03:12:48.638806,2026-12-25T03:17:03.910618,21.103289063775755
newsat-37,joan,56203,2026-12-25T15:45:56.691751,2026-12-25T15:50:12.881806,2026-12-25T15:54:26.317130,22.33568459919679
newsat-37,joan,56203,2026-12-26T03:23:58.472406,2026-12-26T03:28:21.090168,2026-12-26T03:32:50.135639,40.5087246492135
newsat-37,joan,56203,2026-12-26T16:01:15.869088,2026-12-26T16:05:43.996313,2026-12-26T16:10:09.368808,44.3874586102991
newsat-37,joan,56203,2026-12-27T03:39:16.555950,2026-12-27T03:43:42.846687,2026-12-27T03:48:15.565133,88.44679969269569
newsat-37,joan,56203,2026-12-27T16:16:30.191883,2026-12-27T16:21:01.073840,2026-12-27T16:25:28.282823,81.67801487185979
newsat-37,joan,56203,2026-12-28T03:54:31.290605,2026-12-28T03:58:53.908367,2026-12-28T04:03:22.953838,40.38956240909792
newsat-37,joan,56203,2026-12-28T16:31:38.323285,2026-12-28T16:36:02.777535,2026-12-28T16:40:25.395299,37.256854265251796
newsat-37,joan,56203,2026-12-29T04:09:43.844430,2026-12-29T04:13:53.606778,2026-12-29T04:18:08.878590,21.09336132150997
newsat-37,joan,56203,2026-12-29T16:46:39.763660,2026-12-29T16:50:50.444251,2026-12-29T16:55:00.206599,20.18212268847745
newsat-37,joan,56203,2026-12-30T02:55:00.189288,2026-12-30T02:58:45.159049,2026-12-30T03:02:33.801787,11.73739920086645
newsat-37,joan,56203,2026-12-30T04:24:54.217431,2026-12-30T04:28:41.941924,2026-12-30T04:32:34.257638,12.01667182308863
newsat-37,joan,56203,2026-12-30T15:31:35.893645,2026-12-30T15:35:27.291114,2026-12-30T15:39:16.852096,12.018093289669489
newsat-37,joan,56203,2026-12-30T17:01:35.681068,2026-12-30T17:05:23.405561,2026-12-30T17:09:11.130055,11.846864510705897
newsat-37,joan,56203,2026-12-31T03:09:06.683566,2026-12-31T03:13:12.772938,2026-12-31T03:17:23.453530,19.862664964475215
newsat-37,joan,56203,2026-12-31T15:45:42.806536,2026-12-31T15:49:56.241859,2026-12-31T15:54:07.840695,20.723925504627253
newsat-48,henrietta,60498,2026-01-01T02:36:10.962450,2026-01-01T02:41:37.014644,2026-01-01T02:46:59.319112,25.877513644750955
newsat-48,henrietta,60498,2026-01-01T04:09:59.627220,2026-01-01T04:14:48.202150,2026-01-01T04:19:35.840150,13.797912613093214
newsat-48,henrietta,60498,2026-01-01T14:40:03.845622,2026-01-01T14:45:40.204063,2026-01-01T14:51:25.931822,77.48378019077681
newsat-48,henrietta,60498,2026-01-02T02:13:03.271424,2026-01-02T02:17:49.035558,2026-01-02T02:22:31.988900,12.43191305929896
newsat-48,henrietta,60498,2026-01-02T03:45:51.903678,2026-01-02T03:51:17.955872,2026-01-02T03:56:40.260340,27.649407708347198
newsat-48,henrietta,60498,2026-01-02T14:16:31.036558,2026-01-02T14:22:01.773409,2026-01-02T14:27:40.942646,44.51800768590989
newsat-48,henrietta,60498,2026-01-03T03:21:58.654354,2026-01-03T03:27:41.571316,2026-01-03T03:33:20.740553,62.03823763160828
newsat-48,henrietta,60498,2026-01-03T13:53:19.184456,2026-01-03T13:58:27.434949,2026-01-03T14:03:42.243965,21.05004792482252
newsat-48,henrietta,60498,2026-01-03T15:26:52.527639,2026-01-03T15:31:49.534953,2026-01-03T15:36:54.974653,16.378277612634637
newsat-48,henrietta,60498,2026-01-04T02:58:17.495583,2026-01-04T03:04:00.412545,2026-01-04T03:09:38.644851,55.43643623025724
newsat-48,henrietta,60498,2026-01-04T13:30:32.291937,2026-01-04T13:34:56.506645,2026-01-04T13:39:24.469081,10.329210985094617
newsat-48,henrietta,60498,2026-01-04T15:02:32.947783,2026-01-04T15:08:00.873840,2026-01-04T15:13:36.295351,34.40963262421831
newsat-48,henrietta,60498,2026-01-05T02:34:48.937164,2026-01-05T02:40:13.115494,2026-01-05T02:45:33.546099,24.723249279447675
newsat-48,henrietta,60498,2026-01-05T04:08:34.281338,2026-01-05T04:13:25.667062,2026-01-05T04:18:15.178925,14.38987099742412
newsat-48,henrietta,60498,2026-01-05T14:38:37.645477,2026-01-05T14:44:14.940850,2026-01-05T14:50:01.605540,81.66459969244593
newsat-48,henrietta,60498,2026-01-06T02:11:39.027815,2026-01-06T02:16:21.044223,2026-01-06T02:21:00.249838,11.81347317142609
newsat-48,henrietta,60498,2026-01-06T03:44:24.339474,2026-01-06T03:49:51.328599,2026-01-06T03:55:14.569999,28.9294311442621
newsat-48,henrietta,60498,2026-01-06T14:15:03.045225,2026-01-06T14:20:33.782076,2026-01-06T14:26:12.014382,42.21991242365982
newsat-48,henrietta,60498,2026-01-07T03:20:27.679995,2026-01-07T03:26:11.533888,2026-01-07T03:31:50.703125,65.76071917831061
newsat-48,henrietta,60498,2026-01-07T13:51:49.656830,2026-01-07T13:56:56.033460,2026-01-07T14:02:08.031681,20.11842975040369
newsat-48,henrietta,60498,2026-01-07T15:25:16.014362,2026-01-07T15:30:16.769402,2026-01-07T15:35:24.082965,17.225578114907496
newsat-48,henrietta,60498,2026-01-08T02:56:43.365970,2026-01-08T03:02:26.282932,2026-01-08T03:08:03.578306,52.13795452467175
newsat-48,henrietta,60498,2026-01-08T15:00:55.153115,2026-01-08T15:06:24.016103,2026-01-08T15:12:01.311477,36.41978538655528
newsat-48,henrietta,60498,2026-01-09T02:33:13.526159,2026-01-09T02:38:34.893694,2026-01-09T02:43:52.513505,23.443275172267782
newsat-48,henrietta,60498,2026-01-09T04:06:53.930774,2026-01-09T04:11:48.127293,2026-01-09T04:16:41.386882,15.104010293645777
newsat-48,henrietta,60498,2026-01-09T14:36:58.059615,2026-01-09T14:42:35.354988,2026-01-09T14:48:22.019678,86.57403378795578
newsat-48,henrietta,60498,2026-01-10T02:10:01.398486,2026-01-10T02:14:38.730237,2026-01-10T02:19:14.188126,11.11713056116105
newsat-48,henrietta,60498,2026-01-10T03:42:41.515688,2026-01-10T03:48:10.378676,2026-01-10T03:53:35.493939,30.510511357496398
newsat-48,henrietta,60498,2026-01-10T14:13:20.986139,2026-01-10T14:18:50.786059,2026-01-10T14:24:28.081433,39.74437985118378
newsat-48,henrietta,60498,2026-01-11T03:18:42.637885,2026-01-11T03:24:26.491778,2026-01-11T03:30:05.661015,70.3124536595019
newsat-48,henrietta,60498,2026-01-11T13:50:06.061450,2026-01-11T13:55:09.627286,2026-01-11T14:00:19.751644,19.094423964396288
newsat-48,henrietta,60498,2026-01-11T15:23:24.496398,2026-01-11T15:28:28.999165,2026-01-11T15:33:40.060454,18.244718031455356
newsat-48,henrietta,60498,2026-01-12T02:54:56.105534,2026-01-12T03:00:37.148633,2026-01-12T03:06:13.507076,48.61260312036464
newsat-48,henrietta,60498,2026-01-12T14:59:02.780891,2026-01-12T15:04:33.517742,2026-01-12T15:10:12.686979,38.90724194281327
newsat-48,henrietta,60498,2026-01-13T02:31:22.855567,2026-01-13T02:36:42.349239,2026-01-13T02:41:57.158255,22.064058084631338
newsat-48,henrietta,60498,2026-01-13T04:04:59.002654,2026-01-13T04:09:56.946900,2026-01-13T04:14:52.080352,15.957215511752462
newsat-48,henrietta,60498,2026-01-13T14:35:03.214166,2026-01-13T14:40:41.446470,2026-01-13T14:46:28.111160,87.47764159412881
newsat-48,henrietta,60498,2026-01-14T02:08:10.383434,2026-01-14T02:12:42.093595,2026-01-14T02:17:11.929894,10.352675286435497
newsat-48,henrietta,60498,2026-01-14T03:40:43.687214,2026-01-14T03:46:14.424065,2026-01-14T03:51:41.413191,32.45088027141139
newsat-48,henrietta,60498,2026-01-14T14:11:24.604398,2026-01-14T14:16:53.467386,2026-01-14T14:22:29.825829,37.15562137559167
newsat-48,henrietta,60498,2026-01-15T03:16:42.336187,2026-01-15T03:22:27.127012,2026-01-15T03:28:06.296249,75.79372976742975
newsat-48,henrietta,60498,2026-01-15T13:48:07.888518,2026-01-15T13:53:09.580490,2026-01-15T13:58:15.957122,17.994576622796817
newsat-48,henrietta,60498,2026-01-15T15:21:19.592714,2026-01-15T15:26:26.906276,2026-01-15T15:31:41.715292,19.460494428977785
newsat-48,henrietta,60498,2026-01-16T02:52:53.585515,2026-01-16T02:58:33.691682,2026-01-16T03:04:08.176261,44.96335371044717
newsat-48,henrietta,60498,2026-01-16T14:56:55.403982,2026-01-16T15:02:28.014697,2026-01-16T15:08:08.120866,41.966601559391634
newsat-48,henrietta,60498,2026-01-17T02:29:19.054156,2026-01-17T02:34:34.800101,2026-01-17T02:39:45.861390,20.610564841447612
newsat-48,henrietta,60498,2026-01-17T04:02:49.069853,2026-01-17T04:07:50.761825,2026-01-17T04:12:49.643004,16.96987923173875
newsat-48,henrietta,60498,2026-01-17T14:32:54.982997,2026-01-17T14:38:33.215301,2026-01-17T14:44:18.943060,81.22859158858523
newsat-48,henrietta,60498,2026-01-18T03:38:32.473019,2026-01-18T03:44:04.146802,2026-01-18T03:49:33.009792,34.83241720707189
newsat-48,henrietta,60498,2026-01-18T14:09:14.836935,2026-01-18T14:14:41.826060,2026-01-18T14:20:15.373707,34.509006424185536
newsat-48,henrietta,60498,2026-01-19T03:14:28.903669,2026-01-19T03:20:12.757562,2026-01-19T03:25:51.926799,82.22000689890282
newsat-48,henrietta,60498,2026-01-19T13:45:56.584761,2026-01-19T13:50:54.529007,2026-01-19T13:55:57.157912,16.83273086559633
newsat-48,henrietta,60498,2026-01-19T15:18:58.747412,2026-01-19T15:24:09.808700,2026-01-19T15:29:28.365442,20.905010749691975
newsat-48,henrietta,60498,2026-01-20T02:50:36.997739,2026-01-20T02:56:15.230043,2026-01-20T03:01:47.840759,41.27885750334827
newsat-48,henrietta,60498,2026-01-20T14:54:34.641349,2026-01-20T15:00:08.188996,2026-01-20T15:05:50.169028,45.73210563348157
newsat-48,henrietta,60498,2026-01-21T02:27:01.184990,2026-01-21T02:32:12.246278,2026-01-21T02:37:19.559841,19.107073935822815
newsat-48,henrietta,60498,2026-01-21T04:00:25.069297,2026-01-21T04:05:29.572064,2026-01-21T04:10:32.200969,18.16966110372862
newsat-48,henrietta,60498,2026-01-21T14:30:31.747145,2026-01-21T14:36:09.979449,2026-01-21T14:41:55.707208,74.41490983606707
newsat-48,henrietta,60498,2026-01-22T03:36:05.999241,2026-01-22T03:41:39.546888,2026-01-22T03:47:09.346809,37.764921206618006
newsat-48,henrietta,60498,2026-01-22T14:06:50.746823,2026-01-22T14:12:15.862085,2026-01-22T14:17:47.535869,31.852782672745104
newsat-48,henrietta,60498,2026-01-22T15:41:16.992194,2026-01-22T15:45:46.828492,2026-01-22T15:50:22.286381,10.610221109900662
newsat-48,henrietta,60498,2026-01-23T03:12:00.211570,2026-01-23T03:17:44.065463,2026-01-23T03:23:22.297769,89.26592147843375
newsat-48,henrietta,60498,2026-01-23T13:43:31.895291,2026-01-23T13:48:25.154878,2026-01-23T13:53:23.099125,15.623476894620902
newsat-48,henrietta,60498,2026-01-23T15:16:23.579463,2026-01-23T15:21:38.388477,2026-01-23T15:27:00.692945,22.622902634841786
newsat-48,henrietta,60498,2026-01-24T02:48:06.087318,2026-01-24T02:53:42.445759,2026-01-24T02:59:13.182612,37.64426789221865
newsat-48,henrietta,60498,2026-01-24T14:51:57.937109,2026-01-24T14:57:33.358619,2026-01-24T15:03:17.212515,50.36835056927484
newsat-48,henrietta,60498,2026-01-25T02:24:28.993177,2026-01-25T02:29:35.369807,2026-01-25T02:34:37.998712,17.575785198793184
newsat-48,henrietta,60498,2026-01-25T03:57:45.554261,2026-01-25T04:02:54.741686,2026-01-25T04:08:01.118318,19.59470313810917
newsat-48,henrietta,60498,2026-01-25T14:27:55.125573,2026-01-25T14:33:32.420946,2026-01-25T14:39:17.211773,67.37385494446788
newsat-48,henrietta,60498,2026-01-26T03:33:24.265882,2026-01-26T03:39:00.624323,2026-01-26T03:44:31.361176,41.3956560624578
newsat-48,henrietta,60498,2026-01-26T14:04:12.588960,2026-01-26T14:09:34.893427,2026-01-26T14:15:03.756417,29.225426584918623
newsat-48,henrietta,60498,2026-01-26T15:38:27.418922,2026-01-26T15:43:03.813741,2026-01-26T15:47:46.767083,11.659573046303581
newsat-48,henrietta,60498,2026-01-27T03:09:16.514786,2026-01-27T03:15:00.368679,2026-01-27T03:20:38.600985,82.186671800652
newsat-48,henrietta,60498,2026-01-27T13:40:53.820097,2026-01-27T13:45:41.458095,2026-01-27T13:50:33.780752,14.379800058040999
newsat-48,henrietta,60498,2026-01-27T15:13:34.088860,2026-01-27T15:18:52.645601,2026-01-27T15:24:17.760864,24.674460569436487
newsat-48,henrietta,60498,2026-01-28T02:45:21.109140,2026-01-28T02:50:54.656787,2026-01-28T02:56:22.582845,34.12077443494435
newsat-48,henrietta,60498,2026-01-28T04:19:31.571348,2026-01-28T04:23:57.659920,2026-01-28T04:28:22.811561,10.322600425746622
newsat-48,henrietta,60498,2026-01-28T14:49:07.847142,2026-01-28T14:54:44.205583,2026-01-28T15:00:28.996410,56.084787625887586
newsat-48,henrietta,60498,2026-01-29T02:21:42.733608,2026-01-29T02:26:43.488648,2026-01-29T02:31:41.432895,16.034193252110565
newsat-48,henrietta,60498,2026-01-29T03:54:51.971470,2026-01-29T04:00:04.906621,2026-01-29T04:05:15.030979,21.292858388753608
newsat-48,henrietta,60498,2026-01-29T14:25:04.181346,2026-01-29T14:30:40.539787,2026-01-29T14:36:24.393683,60.359994981023355
newsat-48,henrietta,60498,2026-01-30T03:30:29.401700,2026-01-30T03:36:06.697073,2026-01-30T03:41:39.307789,45.91717791602179
newsat-48,henrietta,60498,2026-01-30T14:01:20.790472,2026-01-30T14:06:40.284144,2026-01-30T14:12:05.399407,26.661046154567984
newsat-48,henrietta,60498,2026-01-30T15:35:22.586063,2026-01-30T15:40:06.476334,2026-01-30T15:44:55.988197,12.868492910614796
newsat-48,henrietta,60498,2026-01-31T03:06:19.432278,2026-01-31T03:12:02.349240,2026-01-31T03:17:39.644614,73.63674052047905
newsat-48,henrietta,60498,2026-01-31T13:38:01.422247,2026-01-31T13:42:43.438655,2026-01-31T13:47:30.139723,13.11332639840348
newsat-48,henrietta,60498,2026-01-31T15:10:30.530501,2026-01-31T15:15:51.898036,2026-01-31T15:21:20.761026,27.141693170468304
newsat-48,henrietta,60498,2026-02-01T02:42:21.808312,2026-02-01T02:47:52.545163,2026-02-01T02:53:17.660426,30.75704808660802
newsat-48,henrietta,60498,2026-02-01T04:16:24.010364,2026-02-01T04:20:57.594389,2026-02-01T04:25:29.304551,11.378875947624463
newsat-48,henrietta,60498,2026-02-01T14:46:03.434524,2026-02-01T14:51:40.729897,2026-02-01T14:57:26.457656,63.108900387026324
newsat-48,henrietta,60498,2026-02-02T02:18:42.406285,2026-02-02T02:23:36.602804,2026-02-02T02:28:27.988530,14.497119136183832
newsat-48,henrietta,60498,2026-02-02T03:51:43.383993,2026-02-02T03:57:00.066870,2026-02-02T04:02:13.938955,23.330425198764583
newsat-48,henrietta,60498,2026-02-02T14:21:58.232433,2026-02-02T14:27:33.653943,2026-02-02T14:33:16.570907,53.60174782502099
newsat-48,henrietta,60498,2026-02-03T03:27:18.595898,2026-02-03T03:32:57.765134,2026-02-03T03:38:31.312781,51.581030613825135
newsat-48,henrietta,60498,2026-02-03T13:58:14.924230,2026-02-03T14:03:30.670175,2026-02-03T14:08:52.037712,24.179349627705026
newsat-48,henrietta,60498,2026-02-03T15:32:03.685448,2026-02-03T15:36:54.134241,2026-02-03T15:41:50.204624,14.266116721212722
newsat-48,henrietta,60498,2026-02-04T03:03:07.345087,2026-02-04T03:08:49.325117,2026-02-04T03:14:25.683560,65.0283037881353
newsat-48,henrietta,60498,2026-02-04T13:34:56.575607,2026-02-04T13:39:31.096563,2026-02-04T13:44:09.365247,11.83422713229509
newsat-48,henrietta,60498,2026-02-04T15:07:11.712558,2026-02-04T15:12:36.827820,2026-02-04T15:18:08.501604,30.14120661695828
newsat-48,henrietta,60498,2026-02-05T02:39:08.694628,2026-02-05T02:44:34.746822,2026-02-05T02:49:57.051290,27.578167340787793
newsat-48,henrietta,60498,2026-02-05T04:13:02.381627,2026-02-05T04:17:42.524172,2026-02-05T04:22:21.729787,12.603833043324393
newsat-48,henrietta,60498,2026-02-05T14:42:44.699252,2026-02-05T14:48:22.931556,2026-02-05T14:54:08.659315,71.62763190745743
newsat-48,henrietta,60498,2026-02-06T02:15:28.693241,2026-02-06T02:20:15.394307,2026-02-06T02:24:59.284581,12.976369382127187
newsat-48,henrietta,60498,2026-02-06T03:48:20.473862,2026-02-06T03:53:40.904466,2026-02-06T03:58:58.524277,25.799685077290572
newsat-48,henrietta,60498,2026-02-06T14:18:38.897797,2026-02-06T14:24:12.445444,2026-02-06T14:29:52.551613,47.2851216250459
newsat-48,henrietta,60498,2026-02-07T03:23:53.722345,2026-02-07T03:29:33.828512,2026-02-07T03:35:09.250023,58.682332398666816
newsat-48,henrietta,60498,2026-02-07T13:54:54.990235,2026-02-07T14:00:06.051523,2026-02-07T14:05:22.734402,21.795606611876735
newsat-48,henrietta,60498,2026-02-07T15:28:30.462182,2026-02-07T15:33:27.469496,2026-02-07T15:38:30.098401,15.892769775158571
newsat-48,henrietta,60498,2026-02-08T02:59:40.253213,2026-02-08T03:05:21.296312,2026-02-08T03:10:56.717823,56.785773714193496
newsat-48,henrietta,60498,2026-02-08T13:31:38.343248,2026-02-08T13:36:04.431820,2026-02-08T13:40:33.331188,10.551192676113837
newsat-48,henrietta,60498,2026-02-08T15:03:38.826865,2026-02-08T15:09:06.752922,2026-02-08T15:14:42.174433,33.83462180893963
newsat-48,henrietta,60498,2026-02-09T02:35:41.258294,2026-02-09T02:41:02.625829,2026-02-09T02:46:20.245640,24.600600322886528
newsat-48,henrietta,60498,2026-02-09T04:09:24.811275,2026-02-09T04:14:12.449273,2026-02-09T04:18:59.150341,14.031718595733565
newsat-48,henrietta,60498,2026-02-09T14:39:11.896229,2026-02-09T14:44:50.128533,2026-02-09T14:50:35.856292,81.64229842373905
newsat-48,henrietta,60498,2026-02-10T02:12:00.912447,2026-02-10T02:16:39.181129,2026-02-10T02:21:14.639018,11.47940696969663
newsat-48,henrietta,60498,2026-02-10T03:44:42.304150,2026-02-10T03:50:07.419412,2026-02-10T03:55:28.786949,28.828414087867966
newsat-48,henrietta,60498,2026-02-10T14:15:06.177446,2026-02-10T14:20:36.914297,2026-02-10T14:26:14.209671,41.51040449379542
newsat-48,henrietta,60498,2026-02-11T03:20:14.526141,2026-02-11T03:25:55.569240,2026-02-11T03:31:31.927683,67.51922481641053
newsat-48,henrietta,60498,2026-02-11T13:51:22.352552,2026-02-11T13:56:27.792251,2026-02-11T14:01:37.916609,19.520169543874285
newsat-48,henrietta,60498,2026-02-11T15:24:42.234232,2026-02-11T15:29:45.800068,2026-02-11T15:34:54.987494,17.80280814198402
newsat-48,henrietta,60498,2026-02-12T02:56:00.030517,2026-02-12T03:01:38.262821,2026-02-12T03:07:12.747400,49.20821579252918
newsat-48,henrietta,60498,2026-02-12T14:59:51.618519,2026-02-12T15:05:22.355370,2026-02-12T15:10:59.650744,38.453883720974424
newsat-48,henrietta,60498,2026-02-13T02:31:59.754208,2026-02-13T02:37:15.500153,2026-02-13T02:42:28.435306,21.8238705426553
newsat-48,henrietta,60498,2026-02-13T04:05:33.855202,2026-02-13T04:10:28.051721,2026-02-13T04:15:21.311310,15.708764825069796
newsat-48,henrietta,60498,2026-02-13T14:35:24.088522,2026-02-13T14:41:02.320826,2026-02-13T14:46:48.048585,87.0179273971773
newsat-48,henrietta,60498,2026-02-14T02:08:20.255731,2026-02-14T02:12:47.281234,2026-02-14T02:17:12.432875,10.011221220984922
newsat-48,henrietta,60498,2026-02-14T03:40:50.321584,2026-02-14T03:46:18.247641,2026-02-14T03:51:43.362904,32.594847707412484
newsat-48,henrietta,60498,2026-02-14T14:11:18.452407,2026-02-14T14:16:46.378464,2026-02-14T14:22:20.863043,36.30818657771807
newsat-48,henrietta,60498,2026-02-15T03:16:21.262184,2026-02-15T03:22:02.305283,2026-02-15T03:27:39.600657,78.19554141787475
newsat-48,henrietta,60498,2026-02-15T13:47:35.647117,2026-02-15T13:52:34.528294,2026-02-15T13:57:38.094130,17.354572257689256
newsat-48,henrietta,60498,2026-02-15T15:20:39.938530,2026-02-15T15:25:49.125955,2026-02-15T15:31:04.871903,20.072478791135314
newsat-48,henrietta,60498,2026-02-16T02:52:04.548236,2026-02-16T02:57:40.906677,2026-02-16T03:03:12.580461,42.45097882288384
newsat-48,henrietta,60498,2026-02-16T14:55:50.342417,2026-02-16T15:01:22.953132,2026-02-16T15:07:03.059301,44.318860234279185
newsat-48,henrietta,60498,2026-02-17T02:28:03.245436,2026-02-17T02:33:13.369792,2026-02-17T02:38:20.683355,19.240581271416506
newsat-48,henrietta,60498,2026-02-17T04:01:27.639544,2026-02-17T04:06:29.331516,2026-02-17T04:11:29.149626,17.69742296936852
newsat-48,henrietta,60498,2026-02-17T14:31:22.895093,2026-02-17T14:37:00.190466,2026-02-17T14:42:44.981293,75.37694430042517
newsat-48,henrietta,60498,2026-02-18T03:36:43.079439,2026-02-18T03:42:14.753222,2026-02-18T03:47:42.679280,37.36044035888118
newsat-48,henrietta,60498,2026-02-18T14:07:17.341653,2026-02-18T14:12:41.519983,2026-02-18T14:18:11.319904,31.667412549513877
newsat-48,henrietta,60498,2026-02-18T15:41:42.222962,2026-02-18T15:46:11.122328,2026-02-18T15:50:44.706353,10.54350882155978
newsat-48,henrietta,60498,2026-02-19T03:12:12.738644,2026-02-19T03:17:54.718674,2026-02-19T03:23:32.014048,89.33754045589026
newsat-48,henrietta,60498,2026-02-19T13:43:35.555962,2026-02-19T13:48:26.941686,2026-02-19T13:53:22.075138,15.299049323727079
newsat-48,henrietta,60498,2026-02-19T15:16:23.320178,2026-02-19T15:21:38.129192,2026-02-19T15:26:59.496729,22.811054373848446
newsat-48,henrietta,60498,2026-02-20T02:47:54.998202,2026-02-20T02:53:28.545849,2026-02-20T02:58:57.408839,36.52784368441609
newsat-48,henrietta,60498,2026-02-20T14:51:34.061634,2026-02-20T14:57:08.546212,2026-02-20T15:02:50.526244,51.85457679823378
newsat-48,henrietta,60498,2026-02-21T02:23:54.287875,2026-02-21T02:28:56.916779,2026-02-21T02:33:56.734889,16.838246722577022
newsat-48,henrietta,60498,2026-02-21T03:57:06.674103,2026-02-21T04:02:14.924596,2026-02-21T04:07:21.301228,20.083122675993156
newsat-48,henrietta,60498,2026-02-21T14:27:07.379011,2026-02-21T14:32:43.737452,2026-02-21T14:38:26.654416,64.0546467279017
newsat-48,henrietta,60498,2026-02-22T03:32:21.769539,2026-02-22T03:37:56.254117,2026-02-22T03:43:26.990970,43.490727575818916
newsat-48,henrietta,60498,2026-02-22T14:03:02.845174,2026-02-22T14:08:22.338846,2026-02-22T14:13:46.517177,27.543305598078334
newsat-48,henrietta,60498,2026-02-22T15:37:08.643391,2026-02-22T15:41:47.849005,2026-02-22T15:46:32.676210,12.218672888764736
newsat-48,henrietta,60498,2026-02-23T03:07:49.465321,2026-02-23T03:13:31.445351,2026-02-23T03:19:08.740725,76.54972678240628
newsat-48,henrietta,60498,2026-02-23T13:39:22.333984,2026-02-23T13:44:04.350392,2026-02-23T13:48:50.114529,13.349758175368832
newsat-48,henrietta,60498,2026-02-23T15:11:52.634070,2026-02-23T15:17:12.127742,2026-02-23T15:22:38.179936,26.175410443224724
newsat-48,henrietta,60498,2026-02-24T02:43:31.635319,2026-02-24T02:49:00.498307,2026-02-24T02:54:26.550501,31.379069494291972
newsat-48,henrietta,60498,2026-02-24T04:17:34.347173,2026-02-24T04:22:04.183471,2026-02-24T04:26:34.019770,11.045738520521043
newsat-48,henrietta,60498,2026-02-24T14:47:04.140227,2026-02-24T14:52:40.498668,2026-02-24T14:58:23.415632,61.57065010937775
newsat-48,henrietta,60498,2026-02-25T02:19:30.580528,2026-02-25T02:24:24.777047,2026-02-25T02:29:16.162773,14.599302152653078
newsat-48,henrietta,60498,2026-02-25T03:52:31.386006,2026-02-25T03:57:46.195020,2026-02-25T04:02:59.130173,22.99077947970853
newsat-48,henrietta,60498,2026-02-25T14:22:37.795174,2026-02-25T14:28:12.279752,2026-02-25T14:33:52.385921,53.82200963858303
newsat-48,henrietta,60498,2026-02-26T03:27:45.454949,2026-02-26T03:33:22.750322,2026-02-26T03:38:56.297969,51.481423575716285
newsat-48,henrietta,60498,2026-02-26T13:58:34.280940,2026-02-26T14:03:48.153022,2026-02-26T14:09:06.709764,23.877710402677902
newsat-48,henrietta,60498,2026-02-26T15:32:21.678096,2026-02-26T15:37:10.253026,2026-02-26T15:42:04.449546,14.176149375827494
newsat-48,henrietta,60498,2026-02-27T03:03:12.124243,2026-02-27T03:08:53.167342,2026-02-27T03:14:30.462716,64.09249090665084
newsat-48,henrietta,60498,2026-02-27T13:34:55.726285,2026-02-27T13:39:27.436446,2026-02-27T13:44:02.894335,11.501821216878335
newsat-48,henrietta,60498,2026-02-27T15:07:07.625311,2026-02-27T15:12:31.803641,2026-02-27T15:18:02.540494,30.400285043462198
newsat-48,henrietta,60498,2026-02-28T02:38:53.949784,2026-02-28T02:44:18.128114,2026-02-28T02:49:39.495651,26.912049369220252
newsat-48,henrietta,60498,2026-02-28T04:12:44.398857,2026-02-28T04:17:24.541402,2026-02-28T04:22:05.620880,12.834450450126138
newsat-48,henrietta,60498,2026-02-28T14:42:20.405972,2026-02-28T14:47:56.764413,2026-02-28T14:53:40.618309,73.78464248621339
newsat-48,henrietta,60498,2026-03-01T02:14:53.742365,2026-03-01T02:19:37.632636,2026-03-01T02:24:18.712114,12.506715884234147
newsat-48,henrietta,60498,2026-03-01T03:47:41.093229,2026-03-01T03:53:02.460764,2026-03-01T03:58:21.017506,26.600485380036126
newsat-48,henrietta,60498,2026-03-01T14:17:55.080518,2026-03-01T14:23:25.817369,2026-03-01T14:29:03.112743,45.02209112465546
newsat-48,henrietta,60498,2026-03-02T03:22:55.072610,2026-03-02T03:28:34.241846,2026-03-02T03:34:10.600289,61.9033955512992
newsat-48,henrietta,60498,2026-03-02T13:53:52.585886,2026-03-02T13:58:58.962516,2026-03-02T14:04:10.960737,20.61101701966964
newsat-48,henrietta,60498,2026-03-02T15:27:19.708118,2026-03-02T15:32:17.652364,2026-03-02T15:37:21.218200,16.49762810901825
newsat-48,henrietta,60498,2026-03-03T02:58:21.397446,2026-03-03T03:04:00.566682,2026-03-03T03:09:35.988193,53.05313254937275
newsat-48,henrietta,60498,2026-03-03T15:02:08.548800,2026-03-03T15:07:36.474857,2026-03-03T15:13:10.959436,35.835093305727945
newsat-48,henrietta,60498,2026-03-04T02:34:02.196493,2026-03-04T02:39:20.753234,2026-03-04T02:44:35.562250,23.01820775568507
newsat-48,henrietta,60498,2026-03-04T04:07:39.190954,2026-03-04T04:12:30.576678,2026-03-04T04:17:21.025472,14.944093169498718
newsat-48,henrietta,60498,2026-03-04T14:37:22.349063,2026-03-04T14:42:58.707504,2026-03-04T14:48:42.561400,88.13026317479996
newsat-48,henrietta,60498,2026-03-05T02:10:03.773378,2026-03-05T02:14:35.483539,2026-03-05T02:19:05.319838,10.542693640475516
newsat-48,henrietta,60498,2026-03-05T03:42:36.732697,2026-03-05T03:48:03.721822,2026-03-05T03:53:27.900153,31.182809846007196
newsat-48,henrietta,60498,2026-03-05T14:12:58.043210,2026-03-05T14:18:25.032335,2026-03-05T14:23:58.579982,37.65503396581583
newsat-48,henrietta,60498,2026-03-06T03:17:49.685588,2026-03-06T03:23:30.728687,2026-03-06T03:29:08.024061,75.116097741309
newsat-48,henrietta,60498,2026-03-06T13:48:56.568178,2026-03-06T13:53:55.449355,2026-03-06T13:58:59.015191,17.686697015691628
newsat-48,henrietta,60498,2026-03-06T15:22:04.607317,2026-03-06T15:27:10.047016,2026-03-06T15:32:22.045237,19.301996803131825
newsat-48,henrietta,60498,2026-03-07T02:53:14.983931,2026-03-07T02:58:52.279304,2026-03-07T03:04:24.890020,43.76776815382758
newsat-48,henrietta,60498,2026-03-07T14:56:55.404536,2026-03-07T15:02:26.141387,2026-03-07T15:08:04.373693,43.00199377445795
newsat-48,henrietta,60498,2026-03-08T02:28:56.630355,2026-03-08T02:34:07.691643,2026-03-08T02:39:15.942138,19.597714585464164
newsat-48,henrietta,60498,2026-03-08T04:02:20.852233,2026-03-08T04:07:21.607273,2026-03-08T04:12:21.425383,17.469500229391812
newsat-48,henrietta,60498,2026-03-08T14:32:10.224400,2026-03-08T14:37:45.645910,2026-03-08T14:43:28.562874,76.33508982808944
newsat-48,henrietta,60498,2026-03-09T03:37:18.304418,2026-03-09T03:42:49.978201,2026-03-09T03:48:18.841191,37.14815506985598
newsat-48,henrietta,60498,2026-03-09T14:07:47.620185,2026-03-09T14:13:09.924652,2026-03-09T14:18:37.850710,31.538269659979477
newsat-48,henrietta,60498,2026-03-09T15:42:12.074363,2026-03-09T15:46:38.162935,2026-03-09T15:51:09.873097,10.376424539510944
newsat-48,henrietta,60498,2026-03-10T03:12:30.230816,2026-03-10T03:18:12.210846,2026-03-10T03:23:50.443152,88.84378895108158
newsat-48,henrietta,60498,2026-03-10T13:43:49.038618,2026-03-10T13:48:37.613548,2026-03-10T13:53:30.873137,15.05293731056899
newsat-48,henrietta,60498,2026-03-10T15:16:34.501841,2026-03-10T15:21:47.436992,2026-03-10T15:27:06.930666,22.766397487466467
newsat-48,henrietta,60498,2026-03-11T02:47:55.439598,2026-03-11T02:53:28.987245,2026-03-11T02:58:58.787166,36.15531229704008
newsat-48,henrietta,60498,2026-03-11T14:51:28.192518,2026-03-11T14:57:00.803233,2026-03-11T15:02:41.846333,52.628410221024765
newsat-48,henrietta,60498,2026-03-12T02:23:37.933393,2026-03-12T02:28:39.625365,2026-03-12T02:33:39.443475,16.564833285528902
newsat-48,henrietta,60498,2026-03-12T03:56:47.508826,2026-03-12T04:01:57.633182,2026-03-12T04:07:05.883677,20.550594637495095
newsat-48,henrietta,60498,2026-03-12T14:26:44.714017,2026-03-12T14:32:18.261664,2026-03-12T14:37:59.304764,61.956431986132834
newsat-48,henrietta,60498,2026-03-13T03:31:45.808383,2026-03-13T03:37:21.229893,2026-03-13T03:42:53.840609,45.11018996670854
newsat-48,henrietta,60498,2026-03-13T14:02:23.129404,2026-03-13T14:07:39.812281,2026-03-13T14:13:02.116749,26.441884970824244
newsat-48,henrietta,60498,2026-03-13T15:36:23.815833,2026-03-13T15:41:03.958378,2026-03-13T15:45:48.785583,12.532282128936494
newsat-48,henrietta,60498,2026-03-14T03:06:56.708292,2026-03-14T03:12:38.688322,2026-03-14T03:18:16.920628,73.11117692281067
newsat-48,henrietta,60498,2026-03-14T13:38:27.441301,2026-03-14T13:43:04.773052,2026-03-14T13:47:46.789462,12.663910843823249
newsat-48,henrietta,60498,2026-03-14T15:10:51.947568,2026-03-14T15:16:10.504309,2026-03-14T15:21:36.556503,27.164327878082698
newsat-48,henrietta,60498,2026-03-15T02:42:21.827513,2026-03-15T02:47:50.690501,2026-03-15T02:53:15.805764,29.93534841764631
newsat-48,henrietta,60498,2026-03-15T04:16:19.172678,2026-03-15T04:20:53.693634,2026-03-15T04:25:28.214591,11.674372057095571
newsat-48,henrietta,60498,2026-03-15T14:45:46.657849,2026-03-15T14:51:21.142427,2026-03-15T14:57:03.122459,65.52276674058074
newsat-48,henrietta,60498,2026-03-16T02:18:06.105609,2026-03-16T02:22:56.554402,2026-03-16T02:27:46.066265,13.846784145748492
newsat-48,henrietta,60498,2026-03-16T03:51:00.097665,2026-03-16T03:56:18.654406,2026-03-16T04:01:34.400354,24.399588774787997
newsat-48,henrietta,60498,2026-03-16T14:21:05.135882,2026-03-16T14:26:35.872733,2026-03-16T14:32:14.105039,49.794152660911806
newsat-48,henrietta,60498,2026-03-17T03:25:58.307663,2026-03-17T03:31:37.476899,2026-03-17T03:37:12.898410,55.90554419075458
newsat-48,henrietta,60498,2026-03-17T13:56:45.507801,2026-03-17T14:01:54.695226,2026-03-17T14:07:09.504242,22.1541818149978
newsat-48,henrietta,60498,2026-03-17T15:30:23.363412,2026-03-17T15:35:14.749136,2026-03-17T15:40:11.756451,15.104995261523
newsat-48,henrietta,60498,2026-03-18T03:01:09.118013,2026-03-18T03:06:50.161112,2026-03-18T03:12:27.456486,58.47801273768975
newsat-48,henrietta,60498,2026-03-18T13:32:54.077229,2026-03-18T13:37:18.291937,2026-03-18T13:41:45.317441,10.48156381332567
newsat-48,henrietta,60498,2026-03-18T15:04:54.388616,2026-03-18T15:10:18.566946,2026-03-18T15:15:50.240730,32.92324409608174
newsat-48,henrietta,60498,2026-03-19T02:36:34.402579,2026-03-19T02:41:56.707046,2026-03-19T02:47:16.200720,24.805163311328467
newsat-48,henrietta,60498,2026-03-19T04:10:16.846398,2026-03-19T04:15:04.484396,2026-03-19T04:19:51.185464,14.037036969653268
newsat-48,henrietta,60498,2026-03-19T14:39:51.737462,2026-03-19T14:45:27.158972,2026-03-19T14:51:10.075936,81.90286551474499
newsat-48,henrietta,60498,2026-03-20T02:12:21.147007,2026-03-20T02:16:58.478758,2026-03-20T02:21:33.936647,11.383709102060452
newsat-48,henrietta,60498,2026-03-20T03:44:58.873655,2026-03-20T03:50:23.988917,2026-03-20T03:55:47.230317,29.346679612388222
newsat-48,henrietta,60498,2026-03-20T14:15:12.172024,2026-03-20T14:20:39.161149,2026-03-20T14:26:13.645728,40.087160437082076
newsat-48,henrietta,60498,2026-03-21T03:19:56.057159,2026-03-21T03:25:38.037189,2026-03-21T03:31:16.269495,70.3187276827931
newsat-48,henrietta,60498,2026-03-21T13:50:55.182508,2026-03-21T13:55:55.937548,2026-03-21T14:01:01.377248,18.500534375354867
newsat-48,henrietta,60498,2026-03-21T15:24:08.843237,2026-03-21T15:29:10.535209,2026-03-21T15:34:18.785704,18.245394268373673
newsat-48,henrietta,60498,2026-03-22T02:55:07.714880,2026-03-22T03:00:45.947184,2026-03-22T03:06:20.431763,46.46769059498778
newsat-48,henrietta,60498,2026-03-22T14:58:43.443937,2026-03-22T15:04:12.306925,2026-03-22T15:09:48.665368,40.72320217101912
newsat-48,henrietta,60498,2026-03-23T02:30:33.591917,2026-03-23T02:35:48.400931,2026-03-23T02:40:59.462220,20.510285934022345
newsat-48,henrietta,60498,2026-03-23T04:04:00.452359,2026-03-23T04:09:00.270468,2026-03-23T04:13:58.214715,16.884970276883582
newsat-48,henrietta,60498,2026-03-23T14:33:43.004218,2026-03-23T14:39:17.488796,2026-03-23T14:45:00.405760,79.71196342805122
newsat-48,henrietta,60498,2026-03-24T03:38:43.326993,2026-03-24T03:44:15.000776,2026-03-24T03:49:43.863766,35.924631756135724
newsat-48,henrietta,60498,2026-03-24T14:09:05.140419,2026-03-24T14:14:27.444886,2026-03-24T14:19:56.307876,32.46126102143592
newsat-48,henrietta,60498,2026-03-25T03:13:40.675840,2026-03-25T03:19:23.592802,2026-03-25T03:25:02.762039,87.96453595236626
newsat-48,henrietta,60498,2026-03-25T13:44:51.981301,2026-03-25T13:49:41.493162,2026-03-25T13:54:35.689682,15.339580047454856
newsat-48,henrietta,60498,2026-03-25T15:17:40.255318,2026-03-25T15:22:51.316606,2026-03-25T15:28:09.873348,22.18700973818396
newsat-48,henrietta,60498,2026-03-26T02:48:52.244002,2026-03-26T02:54:26.728580,2026-03-26T02:59:57.465433,37.05980176824398
newsat-48,henrietta,60498,2026-03-26T14:52:18.686413,2026-03-26T14:57:50.360196,2026-03-26T15:03:30.466365,51.56792827094625
newsat-48,henrietta,60498,2026-03-27T02:24:20.160242,2026-03-27T02:29:23.726078,2026-03-27T02:34:24.481120,16.84751780163015
newsat-48,henrietta,60498,2026-03-27T03:57:30.245477,2026-03-27T04:02:40.369833,2026-03-27T04:07:48.620328,20.403718168846247
newsat-48,henrietta,60498,2026-03-27T14:27:20.630356,2026-03-27T14:32:54.178003,2026-03-27T14:38:35.221103,62.54365797576849
newsat-48,henrietta,60498,2026-03-28T03:32:13.967479,2026-03-28T03:37:50.325920,2026-03-28T03:43:23.873567,44.967059709842864
newsat-48,henrietta,60498,2026-03-28T14:02:45.660022,2026-03-28T14:08:01.405967,2026-03-28T14:13:23.710435,26.426431308482037
newsat-48,henrietta,60498,2026-03-28T15:36:45.664419,2026-03-28T15:41:24.870033,2026-03-28T15:46:09.697238,12.487515078499527
newsat-48,henrietta,60498,2026-03-29T03:07:11.226765,2026-03-29T03:12:54.143727,2026-03-29T03:18:32.376033,72.96719194920112
newsat-48,henrietta,60498,2026-03-29T13:38:37.013326,2026-03-29T13:43:13.408145,2026-03-29T13:47:54.487623,12.56563602551003
newsat-48,henrietta,60498,2026-03-29T15:10:59.218599,2026-03-29T15:16:17.775340,2026-03-29T15:21:43.827534,27.306157167432318
newsat-48,henrietta,60498,2026-03-30T02:42:22.960264,2026-03-30T02:47:51.823252,2026-03-30T02:53:16.938515,29.72612667288365
newsat-48,henrietta,60498,2026-03-30T04:16:18.431566,2026-03-30T04:20:54.826385,2026-03-30T04:25:30.284274,11.854771775889766
newsat-48,henrietta,60498,2026-03-30T14:45:40.288259,2026-03-30T14:51:14.772837,2026-03-30T14:56:56.752869,66.6314314484673
newsat-48,henrietta,60498,2026-03-31T02:17:53.597739,2026-03-31T02:22:44.046532,2026-03-31T02:27:32.621463,13.667433672017113
newsat-48,henrietta,60498,2026-03-31T03:50:45.970833,2026-03-31T03:56:05.464505,2026-03-31T04:01:23.084316,24.889516992204655
newsat-48,henrietta,60498,2026-03-31T14:20:45.125670,2026-03-31T14:26:15.862521,2026-03-31T14:31:54.094827,48.550346868415055
newsat-48,henrietta,60498,2026-04-01T03:25:29.858178,2026-04-01T03:31:09.964345,2026-04-01T03:36:47.259719,57.655775543760456
newsat-48,henrietta,60498,2026-04-01T13:56:13.730830,2026-04-01T14:01:21.044392,2026-04-01T14:06:33.979545,21.558873478064413
newsat-48,henrietta,60498,2026-04-01T15:29:45.792622,2026-04-01T15:34:39.052209,2026-04-01T15:39:37.933388,15.535981448369558
newsat-48,henrietta,60498,2026-04-02T03:00:27.964837,2026-04-02T03:06:09.007936,2026-04-02T03:11:46.303310,56.32279649219838
newsat-48,henrietta,60498,2026-04-02T13:32:09.851467,2026-04-02T13:36:30.318449,2026-04-02T13:40:55.470090,10.09513005693559
newsat-48,henrietta,60498,2026-04-02T15:04:04.114134,2026-04-02T15:09:29.229396,2026-04-02T15:15:02.777043,34.22210735546034
newsat-48,henrietta,60498,2026-04-03T02:35:40.545711,2026-04-03T02:41:01.913246,2026-04-03T02:46:19.533057,23.919832126085858
newsat-48,henrietta,60498,2026-04-03T04:09:18.559772,2026-04-03T04:14:09.008565,2026-04-03T04:18:59.457359,14.63137949085413
newsat-48,henrietta,60498,2026-04-03T14:38:49.014191,2026-04-03T14:44:23.498769,2026-04-03T14:50:07.352665,85.87959552073187
newsat-48,henrietta,60498,2026-04-04T02:11:14.159321,2026-04-04T02:15:48.680277,2026-04-04T02:20:21.327371,10.857080240923283
newsat-48,henrietta,60498,2026-04-04T03:43:47.883342,2026-04-04T03:49:14.872467,2026-04-04T03:54:39.987730,30.82836769386804
newsat-48,henrietta,60498,2026-04-04T14:13:56.490163,2026-04-04T14:19:22.542357,2026-04-04T14:24:56.090004,37.93113285263804
newsat-48,henrietta,60498,2026-04-05T03:18:31.681127,2026-04-05T03:24:14.598089,2026-04-05T03:29:53.767326,75.00248288638869
newsat-48,henrietta,60498,2026-04-05T13:49:28.670822,2026-04-05T13:54:25.678136,2026-04-05T13:59:28.307041,17.541466127204163
newsat-48,henrietta,60498,2026-04-05T15:22:33.726937,2026-04-05T15:27:38.229704,2026-04-05T15:32:50.227925,19.33992376412936
newsat-48,henrietta,60498,2026-04-06T02:53:29.953128,2026-04-06T02:59:08.185432,2026-04-06T03:04:41.733079,43.32098340851751
newsat-48,henrietta,60498,2026-04-06T14:56:56.560882,2026-04-06T15:02:26.360802,2026-04-06T15:08:04.593108,43.95798618612881
newsat-48,henrietta,60498,2026-04-07T02:28:44.318312,2026-04-07T02:33:56.316531,2026-04-07T02:39:03.630094,19.209263512299643
newsat-48,henrietta,60498,2026-04-07T04:02:04.365332,2026-04-07T04:07:08.868099,2026-04-07T04:12:10.560072,18.04881188055066
newsat-48,henrietta,60498,2026-04-07T14:31:44.099506,2026-04-07T14:37:18.584084,2026-04-07T14:43:01.501048,73.21473709244928
newsat-48,henrietta,60498,2026-04-08T03:36:34.791175,2026-04-08T03:42:09.275753,2026-04-08T03:47:40.012606,39.04035193976639
newsat-48,henrietta,60498,2026-04-08T14:06:54.468946,2026-04-08T14:12:14.899550,2026-04-08T14:17:41.888676,29.949694728044513
newsat-48,henrietta,60498,2026-04-08T15:41:10.573411,2026-04-08T15:45:40.409709,2026-04-08T15:50:16.804530,10.948914544118923
newsat-48,henrietta,60498,2026-04-09T03:11:20.628161,2026-04-09T03:17:03.545123,2026-04-09T03:22:42.714360,83.9209842732551
newsat-48,henrietta,60498,2026-04-09T13:42:31.162030,2026-04-09T13:47:15.989233,2026-04-09T13:52:05.501096,14.14860588066456
newsat-48,henrietta,60498,2026-04-09T15:15:07.593507,2026-04-09T15:20:22.402521,2026-04-09T15:25:44.706989,24.263347862849056
newsat-48,henrietta,60498,2026-04-10T02:46:19.747531,2026-04-10T02:51:52.358246,2026-04-10T02:57:20.284304,33.59754147895045
newsat-48,henrietta,60498,2026-04-10T04:20:24.243690,2026-04-10T04:24:51.269193,2026-04-10T04:29:18.294697,10.531730219010486
newsat-48,henrietta,60498,2026-04-10T14:49:34.939872,2026-04-10T14:55:08.487519,2026-04-10T15:00:50.467551,58.003106908724455
newsat-48,henrietta,60498,2026-04-11T02:21:36.151913,2026-04-11T02:26:35.033090,2026-04-11T02:31:30.166542,15.287323291164695
newsat-48,henrietta,60498,2026-04-11T03:54:37.549862,2026-04-11T03:59:52.358876,2026-04-11T04:05:05.294029,22.398941032760856
newsat-48,henrietta,60498,2026-04-11T14:24:26.308892,2026-04-11T14:29:57.982675,2026-04-11T14:35:39.025775,55.26787628513331
newsat-48,henrietta,60498,2026-04-12T03:29:08.823077,2026-04-12T03:34:47.992313,2026-04-12T03:40:22.476892,50.84598320191517
newsat-48,henrietta,60498,2026-04-12T13:59:40.935860,2026-04-12T14:04:52.934079,2026-04-12T14:10:11.490821,23.826591245669945
newsat-48,henrietta,60498,2026-04-12T15:33:25.604892,2026-04-12T15:38:12.305958,2026-04-12T15:43:05.565547,14.05172979718032
newsat-48,henrietta,60498,2026-04-13T03:03:54.570505,2026-04-13T03:09:37.487467,2026-04-13T03:15:14.782841,63.61805288170639
newsat-48,henrietta,60498,2026-04-13T13:35:22.396272,2026-04-13T13:39:51.295638,2026-04-13T13:44:24.879663,11.21929329417945
newsat-48,henrietta,60498,2026-04-13T15:07:29.011280,2026-04-13T15:12:52.252678,2026-04-13T15:18:22.989531,30.926898415274927
newsat-48,henrietta,60498,2026-04-14T02:38:55.047049,2026-04-14T02:44:20.162311,2026-04-14T02:49:41.529848,26.2662610809367
newsat-48,henrietta,60498,2026-04-14T04:12:40.384334,2026-04-14T04:17:25.211537,2026-04-14T04:22:08.164879,13.351972940464258
newsat-48,henrietta,60498,2026-04-14T14:42:00.188042,2026-04-14T14:47:35.609552,2026-04-14T14:53:19.463448,77.49638326777857
newsat-48,henrietta,60498,2026-04-15T02:14:16.301428,2026-04-15T02:18:57.380905,2026-04-15T02:23:36.586520,11.939365901380777
newsat-48,henrietta,60498,2026-04-15T03:46:56.666641,2026-04-15T03:52:20.844971,2026-04-15T03:57:42.212508,28.179586879179716
newsat-48,henrietta,60498,2026-04-15T14:16:54.877657,2026-04-15T14:22:23.740645,2026-04-15T14:28:00.099088,41.80087529108652
newsat-48,henrietta,60498,2026-04-16T03:21:29.042127,2026-04-16T03:27:11.022157,2026-04-16T03:32:48.317531,67.88316507487085
newsat-48,henrietta,60498,2026-04-16T13:52:14.271951,2026-04-16T13:57:15.963923,2026-04-16T14:02:23.277486,18.982791662385335
newsat-48,henrietta,60498,2026-04-16T15:25:28.187581,2026-04-16T15:30:29.879553,2026-04-16T15:35:38.130048,17.924848008139378
newsat-48,henrietta,60498,2026-04-17T02:56:15.891827,2026-04-17T03:01:55.061063,2026-04-17T03:07:29.545642,47.40012310877803
newsat-48,henrietta,60498,2026-04-17T14:59:38.235163,2026-04-17T15:05:07.098151,2026-04-17T15:10:44.393525,40.40330199342118
newsat-48,henrietta,60498,2026-04-18T02:31:18.152676,2026-04-18T02:36:32.961690,2026-04-18T02:41:43.086048,20.582079605651167
newsat-48,henrietta,60498,2026-04-18T04:04:42.967025,2026-04-18T04:09:42.785134,2026-04-18T04:14:40.729381,16.83224707792366
newsat-48,henrietta,60498,2026-04-18T14:34:12.987423,2026-04-18T14:39:48.408933,2026-04-18T14:45:32.262829,79.47913221586937
newsat-48,henrietta,60498,2026-04-19T03:39:01.970570,2026-04-19T03:44:33.644353,2026-04-19T03:50:02.507343,36.25913573599563
newsat-48,henrietta,60498,2026-04-19T14:09:12.189468,2026-04-19T14:14:34.493935,2026-04-19T14:20:04.293856,32.063370604672585
newsat-48,henrietta,60498,2026-04-19T15:43:35.534485,2026-04-19T15:48:00.686125,2026-04-19T15:52:32.396287,10.238975797484557
newsat-48,henrietta,60498,2026-04-20T03:13:35.448328,2026-04-20T03:19:18.365290,2026-04-20T03:24:56.597596,88.96184680874127
newsat-48,henrietta,60498,2026-04-20T13:44:36.096191,2026-04-20T13:49:24.671121,2026-04-20T13:54:18.867641,15.028115430686904
newsat-48,henrietta,60498,2026-04-20T15:17:18.831289,2026-04-20T15:22:31.766440,2026-04-20T15:27:52.197045,22.958217712264428
newsat-48,henrietta,60498,2026-04-21T02:48:23.400302,2026-04-21T02:53:56.947949,2026-04-21T02:59:25.810939,35.62071195508149
newsat-48,henrietta,60498,2026-04-21T14:51:33.391295,2026-04-21T14:57:06.938942,2026-04-21T15:02:48.918974,54.41868818912893
newsat-48,henrietta,60498,2026-04-22T02:23:28.637288,2026-04-22T02:28:29.392328,2026-04-22T02:33:26.399643,16.02225160424068
newsat-48,henrietta,60498,2026-04-22T03:56:33.355833,2026-04-22T04:01:45.354052,2026-04-22T04:06:55.478410,21.295839674926068
newsat-48,henrietta,60498,2026-04-22T14:26:13.338015,2026-04-22T14:31:46.885662,2026-04-22T14:37:27.928762,58.64866191681194
newsat-48,henrietta,60498,2026-04-23T03:30:53.206748,2026-04-23T03:36:31.439052,2026-04-23T03:42:04.049768,48.14610501311188
newsat-48,henrietta,60498,2026-04-23T14:01:16.370459,2026-04-23T14:06:30.242541,2026-04-23T14:11:51.610078,24.893342407764315
newsat-48,henrietta,60498,2026-04-23T15:35:05.469248,2026-04-23T15:39:50.296451,2026-04-23T15:44:41.682177,13.51267880697534
newsat-48,henrietta,60498,2026-04-24T03:05:28.041681,2026-04-24T03:11:10.021711,2026-04-24T03:16:47.317085,66.69367560400352
newsat-48,henrietta,60498,2026-04-24T13:36:46.408572,2026-04-24T13:41:19.055665,2026-04-24T13:45:55.450486,11.702603204459688
newsat-48,henrietta,60498,2026-04-24T15:08:57.026207,2026-04-24T15:14:19.330674,2026-04-24T15:19:50.067527,29.83956770516317
newsat-48,henrietta,60498,2026-04-25T02:40:17.095925,2026-04-25T02:45:43.148119,2026-04-25T02:51:04.515656,27.101416814091337
newsat-48,henrietta,60498,2026-04-25T04:14:04.134844,2026-04-25T04:18:46.151252,2026-04-25T04:23:26.293799,12.856903568814918
newsat-48,henrietta,60498,2026-04-25T14:43:17.035571,2026-04-25T14:48:52.457081,2026-04-25T14:54:37.247908,74.71331569204271
newsat-48,henrietta,60498,2026-04-26T02:15:27.182907,2026-04-26T02:20:10.136247,2026-04-26T02:24:50.278794,12.244025986533591
newsat-48,henrietta,60498,2026-04-26T03:48:09.931784,2026-04-26T03:53:32.236251,2026-04-26T03:58:51.729925,27.30487926689337
newsat-48,henrietta,60498,2026-04-26T14:18:00.557788,2026-04-26T14:23:30.357708,2026-04-26T14:29:07.653082,43.1276241575302
newsat-48,henrietta,60498,2026-04-27T03:22:31.139873,2026-04-27T03:28:12.182972,2026-04-27T03:33:48.541415,65.93252670584839
newsat-48,henrietta,60498,2026-04-27T13:53:08.784685,2026-04-27T13:58:12.350521,2026-04-27T14:03:21.537947,19.413561681877137
newsat-48,henrietta,60498,2026-04-27T15:26:24.829080,2026-04-27T15:31:25.584120,2026-04-27T15:36:33.834615,17.63005186336968
newsat-48,henrietta,60498,2026-04-28T02:57:06.822177,2026-04-28T03:02:45.991413,2026-04-28T03:08:19.539060,48.28422658187935
newsat-48,henrietta,60498,2026-04-28T15:00:22.772333,2026-04-28T15:05:52.572253,2026-04-28T15:11:29.867627,39.809429095742416
newsat-48,henrietta,60498,2026-04-29T02:31:58.852562,2026-04-29T02:37:13.661576,2026-04-29T02:42:23.785934,20.733858034091
newsat-48,henrietta,60498,2026-04-29T04:05:24.858742,2026-04-29T04:10:22.802988,2026-04-29T04:15:18.873371,16.561178467267542
newsat-48,henrietta,60498,2026-04-29T14:34:47.294129,2026-04-29T14:40:23.652570,2026-04-29T14:46:07.506466,80.37586479711754
newsat-48,henrietta,60498,2026-04-30T03:39:32.694889,2026-04-30T03:45:03.431740,2026-04-30T03:50:30.420866,35.88451270930178
newsat-48,henrietta,60498,2026-04-30T14:09:35.583675,2026-04-30T14:14:58.825073,2026-04-30T14:20:29.561926,32.26532061458514
newsat-48,henrietta,60498,2026-04-30T15:43:58.928691,2026-04-30T15:48:25.017263,2026-04-30T15:52:56.727425,10.238319116451207
newsat-48,henrietta,60498,2026-05-01T03:13:55.005249,2026-05-01T03:19:37.922211,2026-05-01T03:25:15.217585,89.3223003154716
newsat-48,henrietta,60498,2026-05-01T13:44:49.941963,2026-05-01T13:49:39.453824,2026-05-01T13:54:33.650344,15.053595636576604
newsat-48,henrietta,60498,2026-05-01T15:17:31.995030,2026-05-01T15:22:45.867112,2026-05-01T15:28:07.234649,23.054843334027268
newsat-48,henrietta,60498,2026-05-02T02:48:32.981657,2026-05-02T02:54:05.592372,2026-05-02T02:59:33.518430,35.31778340217918
newsat-48,henrietta,60498,2026-05-02T14:51:36.324569,2026-05-02T14:57:10.809147,2026-05-02T15:02:52.789179,54.95425705037397
newsat-48,henrietta,60498,2026-05-03T02:23:28.925107,2026-05-03T02:28:27.806284,2026-05-03T02:33:22.939736,15.770930493442945
newsat-48,henrietta,60498,2026-05-03T03:56:31.769789,2026-05-03T04:01:43.768008,2026-05-03T04:06:52.955434,21.391018591074094
newsat-48,henrietta,60498,2026-05-03T14:26:06.295723,2026-05-03T14:31:39.843370,2026-05-03T14:37:21.823402,57.82010765451732
newsat-48,henrietta,60498,2026-05-04T03:30:40.963108,2026-05-04T03:36:18.258481,2026-05-04T03:41:50.869197,48.882776643671704
newsat-48,henrietta,60498,2026-05-04T14:00:58.842799,2026-05-04T14:06:13.651813,2026-05-04T14:11:34.082418,24.514683904603036
newsat-48,henrietta,60498,2026-05-04T15:34:45.640595,2026-05-04T15:39:32.341661,2026-05-04T15:44:25.601250,13.805747738910254
newsat-48,henrietta,60498,2026-05-05T03:05:06.249606,2026-05-05T03:10:47.292705,2026-05-05T03:16:22.714216,64.90391320024668
newsat-48,henrietta,60498,2026-05-05T13:36:20.779210,2026-05-05T13:40:51.552439,2026-05-05T13:45:27.010328,11.45649958641731
newsat-48,henrietta,60498,2026-05-05T15:08:27.904019,2026-05-05T15:13:51.145417,2026-05-05T15:19:22.819201,30.633814430212457
newsat-48,henrietta,60498,2026-05-06T02:39:46.265216,2026-05-06T02:45:09.506614,2026-05-06T02:50:28.063356,26.254749637976058
newsat-48,henrietta,60498,2026-05-06T04:13:29.556407,2026-05-06T04:18:12.509747,2026-05-06T04:22:53.589225,13.106647670573837
newsat-48,henrietta,60498,2026-05-06T14:42:37.682918,2026-05-06T14:48:14.041359,2026-05-06T14:53:58.832186,77.3335870350915
newsat-48,henrietta,60498,2026-05-07T02:14:46.376632,2026-05-07T02:19:25.582246,2026-05-07T02:24:01.977067,11.7445035622133
newsat-48,henrietta,60498,2026-05-07T03:47:25.122883,2026-05-07T03:52:48.364281,2026-05-07T03:58:07.857955,28.054108925851736
newsat-48,henrietta,60498,2026-05-07T14:17:11.911601,2026-05-07T14:22:41.711521,2026-05-07T14:28:18.069964,41.52872729891797
newsat-48,henrietta,60498,2026-05-08T03:21:37.292336,2026-05-08T03:27:17.398503,2026-05-08T03:32:52.820014,68.90706905384243
newsat-48,henrietta,60498,2026-05-08T13:52:11.781893,2026-05-08T13:57:13.473865,2026-05-08T14:02:20.787428,18.72420037120718
newsat-48,henrietta,60498,2026-05-08T15:25:21.777566,2026-05-08T15:30:25.343402,2026-05-08T15:35:35.467760,18.368399087409724
newsat-48,henrietta,60498,2026-05-09T02:56:02.999073,2026-05-09T03:01:40.294446,2026-05-09T03:07:11.968230,45.73025321653975
newsat-48,henrietta,60498,2026-05-09T14:59:11.364217,2026-05-09T15:04:42.101068,2026-05-09T15:10:20.333374,41.95738693167893
newsat-48,henrietta,60498,2026-05-10T02:30:45.990822,2026-05-10T02:35:57.052110,2026-05-10T02:41:03.428742,19.65121077836392
newsat-48,henrietta,60498,2026-05-10T04:04:07.057445,2026-05-10T04:09:06.875554,2026-05-10T04:14:04.819801,17.23138254131588
newsat-48,henrietta,60498,2026-05-10T14:33:26.592478,2026-05-10T14:39:02.950919,2026-05-10T14:44:46.804815,75.76326132639014
newsat-48,henrietta,60498,2026-05-11T03:38:05.600059,2026-05-11T03:43:37.273842,2026-05-11T03:49:04.262968,37.89815477561067
newsat-48,henrietta,60498,2026-05-11T14:08:06.270521,2026-05-11T14:13:28.574988,2026-05-11T14:18:57.437978,30.469238885815237
newsat-48,henrietta,60498,2026-05-11T15:42:21.265825,2026-05-11T15:46:52.039054,2026-05-11T15:51:28.433875,10.921823174651875
newsat-48,henrietta,60498,2026-05-12T03:12:18.871784,2026-05-12T03:18:00.851814,2026-05-12T03:23:36.273325,84.18173020068788
newsat-48,henrietta,60498,2026-05-12T13:43:13.209139,2026-05-12T13:47:58.973273,2026-05-12T13:52:48.485136,14.189994370197171
newsat-48,henrietta,60498,2026-05-12T15:15:46.657591,2026-05-12T15:21:03.340468,2026-05-12T15:26:26.581868,24.536400070947707
newsat-48,henrietta,60498,2026-05-13T02:46:47.809559,2026-05-13T02:52:17.609479,2026-05-13T02:57:42.724742,32.76908980860153
newsat-48,henrietta,60498,2026-05-13T04:20:49.067791,2026-05-13T04:25:15.156363,2026-05-13T04:29:39.371072,10.488498605141318
newsat-48,henrietta,60498,2026-05-13T14:49:42.630527,2026-05-13T14:55:18.052037,2026-05-13T15:01:00.969001,59.69469169357303
newsat-48,henrietta,60498,2026-05-14T02:21:35.651305,2026-05-14T02:26:28.910892,2026-05-14T02:31:18.422755,14.590664789352301
newsat-48,henrietta,60498,2026-05-14T03:54:31.682565,2026-05-14T03:59:45.554647,2026-05-14T04:04:56.615936,22.759924203573718
newsat-48,henrietta,60498,2026-05-14T14:24:03.990176,2026-05-14T14:29:37.537823,2026-05-14T14:35:17.643992,52.95294173464174
newsat-48,henrietta,60498,2026-05-15T03:28:32.519282,2026-05-15T03:34:09.814655,2026-05-15T03:39:42.425371,53.40322314564486
newsat-48,henrietta,60498,2026-05-15T13:58:50.054512,2026-05-15T14:04:01.115800,2026-05-15T14:09:17.798679,22.728195400546195
newsat-48,henrietta,60498,2026-05-15T15:32:25.436899,2026-05-15T15:37:17.759555,2026-05-15T15:42:15.703802,14.950131665204813
newsat-48,henrietta,60498,2026-05-16T03:02:48.085111,2026-05-16T03:08:27.254347,2026-05-16T03:14:01.738926,58.535520213007366
newsat-48,henrietta,60498,2026-05-16T13:34:05.253282,2026-05-16T13:38:29.467990,2026-05-16T13:42:57.430426,10.48765766174611
newsat-48,henrietta,60498,2026-05-16T15:06:00.280649,2026-05-16T15:11:26.332843,2026-05-16T15:16:59.880490,33.47715476130383
newsat-48,henrietta,60498,2026-05-17T02:37:19.062089,2026-05-17T02:42:38.555761,2026-05-17T02:47:53.364777,23.9227519748039
newsat-48,henrietta,60498,2026-05-17T04:10:56.221890,2026-05-17T04:15:42.922956,2026-05-17T04:20:28.687093,14.17810418227985
newsat-48,henrietta,60498,2026-05-17T14:40:02.384978,2026-05-17T14:45:39.680351,2026-05-17T14:51:23.534247,85.62891723537412
newsat-48,henrietta,60498,2026-05-18T02:12:13.882597,2026-05-18T02:16:43.718895,2026-05-18T02:21:11.681331,10.525240805165446
newsat-48,henrietta,60498,2026-05-18T03:44:42.749730,2026-05-18T03:50:07.864992,2026-05-18T03:55:29.232529,30.686200904615994
newsat-48,henrietta,60498,2026-05-18T14:14:30.130920,2026-05-18T14:19:57.120045,2026-05-18T14:25:30.667692,37.36754161465103
newsat-48,henrietta,60498,2026-05-19T03:18:45.880553,2026-05-19T03:24:25.986720,2026-05-19T03:30:01.408231,77.4800158655087
newsat-48,henrietta,60498,2026-05-19T13:49:22.326647,2026-05-19T13:54:19.333961,2026-05-19T13:59:20.089003,17.004366574292487
newsat-48,henrietta,60498,2026-05-19T15:22:19.542849,2026-05-19T15:27:27.793342,2026-05-19T15:32:42.602358,20.25273255892437
newsat-48,henrietta,60498,2026-05-20T02:53:03.485590,2026-05-20T02:58:37.970168,2026-05-20T03:04:06.833158,40.3916363644343
newsat-48,henrietta,60498,2026-05-20T14:56:02.391858,2026-05-20T15:01:35.002573,2026-05-20T15:07:15.108742,47.4483862459228
newsat-48,henrietta,60498,2026-05-21T02:27:39.567470,2026-05-21T02:32:43.133306,2026-05-21T02:37:43.888348,17.545055825002446
newsat-48,henrietta,60498,2026-05-21T04:00:50.500076,2026-05-21T04:05:55.002843,2026-05-21T04:10:57.631748,19.012544076236477
newsat-48,henrietta,60498,2026-05-21T14:30:10.882478,2026-05-21T14:35:46.303988,2026-05-21T14:41:28.284020,66.23464223081169
newsat-48,henrietta,60498,2026-05-22T03:34:40.258953,2026-05-22T03:40:13.806600,2026-05-22T03:45:42.669590,42.98028959815036
newsat-48,henrietta,60498,2026-05-22T14:04:43.822882,2026-05-22T14:10:02.379623,2026-05-22T14:15:25.621023,27.04396555507297
newsat-48,henrietta,60498,2026-05-22T15:38:43.227919,2026-05-22T15:43:22.433533,2026-05-22T15:48:07.260738,12.365580777115165
newsat-48,henrietta,60498,2026-05-23T03:08:45.683879,2026-05-23T03:14:25.790046,2026-05-23T03:20:01.211557,73.00714766781431
newsat-48,henrietta,60498,2026-05-23T13:39:45.215690,2026-05-23T13:44:22.547441,2026-05-23T13:49:03.626919,12.540770998829595
newsat-48,henrietta,60498,2026-05-23T15:12:03.073877,2026-05-23T15:17:23.504481,2026-05-23T15:22:50.493607,27.726911588719002
newsat-48,henrietta,60498,2026-05-24T02:43:06.519950,2026-05-24T02:48:31.635212,2026-05-24T02:53:53.002749,28.577664369898695
newsat-48,henrietta,60498,2026-05-24T04:16:57.389265,2026-05-24T04:21:31.910221,2026-05-24T04:26:05.494246,11.879974677520428
newsat-48,henrietta,60498,2026-05-24T14:45:52.309173,2026-05-24T14:51:28.667614,2026-05-24T14:57:11.584578,69.82587879711215
newsat-48,henrietta,60498,2026-05-25T02:17:48.388757,2026-05-25T02:22:31.342097,2026-05-25T02:27:12.421575,12.66798756743043
newsat-48,henrietta,60498,2026-05-25T03:50:32.157235,2026-05-25T03:55:50.713976,2026-05-25T04:01:06.459924,25.767509677124547
newsat-48,henrietta,60498,2026-05-25T14:20:07.868118,2026-05-25T14:25:38.604969,2026-05-25T14:31:14.963412,45.16350657459282
newsat-48,henrietta,60498,2026-05-26T03:24:25.147152,2026-05-26T03:30:03.379456,2026-05-26T03:35:36.927103,63.084270069296245
newsat-48,henrietta,60498,2026-05-26T13:54:48.131740,2026-05-26T13:59:52.634507,2026-05-26T14:05:01.821933,19.84923407377394
newsat-48,henrietta,60498,2026-05-26T15:28:05.622867,2026-05-26T15:33:04.504044,2026-05-26T15:38:09.943744,17.123627581740333
newsat-48,henrietta,60498,2026-05-27T02:58:33.548210,2026-05-27T03:04:09.906651,2026-05-27T03:09:41.580435,49.03254386679
newsat-48,henrietta,60498,2026-05-27T15:01:35.347941,2026-05-27T15:07:04.210929,2026-05-27T15:12:40.569372,39.17741226019442
newsat-48,henrietta,60498,2026-05-28T02:32:57.615317,2026-05-28T02:38:09.613536,2026-05-28T02:43:17.864031,20.56629958839586
newsat-48,henrietta,60498,2026-05-28T04:06:22.257435,2026-05-28T04:11:17.390886,2026-05-28T04:16:10.650475,16.283795819286155
newsat-48,henrietta,60498,2026-05-28T14:35:31.906461,2026-05-28T14:41:07.327971,2026-05-28T14:46:50.244935,80.09837546644587
newsat-48,henrietta,60498,2026-05-29T03:40:01.193378,2026-05-29T03:45:30.056366,2026-05-29T03:50:56.108560,36.00792369605166
newsat-48,henrietta,60498,2026-05-29T14:09:53.596795,2026-05-29T14:15:15.901262,2026-05-29T14:20:43.827320,31.58789829632488
newsat-48,henrietta,60498,2026-05-29T15:44:12.339825,2026-05-29T15:48:39.365328,2026-05-29T15:53:11.075490,10.373875174762581
newsat-48,henrietta,60498,2026-05-30T03:13:57.159424,2026-05-30T03:19:37.265591,2026-05-30T03:25:12.687102,87.36304664011551
newsat-48,henrietta,60498,2026-05-30T13:44:41.865671,2026-05-30T13:49:28.566737,2026-05-30T13:54:19.015531,14.50700411287154
newsat-48,henrietta,60498,2026-05-30T15:17:18.379819,2026-05-30T15:22:32.251901,2026-05-30T15:27:53.619438,23.680252349006473
newsat-48,henrietta,60498,2026-05-31T02:48:08.109488,2026-05-31T02:53:36.972476,2026-05-31T02:59:02.087739,33.530003553191655
newsat-48,henrietta,60498,2026-05-31T04:22:10.814453,2026-05-31T04:26:33.155298,2026-05-31T04:30:54.559213,10.133435887722426
newsat-48,henrietta,60498,2026-05-31T14:50:56.365046,2026-05-31T14:56:29.912693,2026-05-31T15:02:10.955793,58.0117708973741
newsat-48,henrietta,60498,2026-06-01T02:22:37.963526,2026-06-01T02:27:31.223113,2026-06-01T02:32:21.671907,14.746069432791032
newsat-48,henrietta,60498,2026-06-01T03:55:34.504587,2026-06-01T04:00:46.502806,2026-06-01T04:05:55.690232,22.314719954354068
newsat-48,henrietta,60498,2026-06-01T14:24:59.736986,2026-06-01T14:30:32.347701,2026-06-01T14:36:11.516938,53.56669673864375
newsat-48,henrietta,60498,2026-06-02T03:29:17.608495,2026-06-02T03:34:53.030005,2026-06-02T03:40:25.640721,52.8635124742339
newsat-48,henrietta,60498,2026-06-02T13:59:28.750545,2026-06-02T14:04:38.874901,2026-06-02T14:09:53.683917,22.645054038735246
newsat-48,henrietta,60498,2026-06-02T15:33:03.705801,2026-06-02T15:37:54.154594,2026-06-02T15:42:50.224977,14.790208818620497
newsat-48,henrietta,60498,2026-06-03T03:03:15.868648,2026-06-03T03:08:54.100952,2026-06-03T03:14:27.648599,58.2625464048186
newsat-48,henrietta,60498,2026-06-03T13:34:27.153440,2026-06-03T13:38:49.494285,2026-06-03T13:43:15.582857,10.30970135851555
newsat-48,henrietta,60498,2026-06-03T15:06:20.561845,2026-06-03T15:11:45.677107,2026-06-03T15:17:17.350891,33.521672903679125
newsat-48,henrietta,60498,2026-06-04T02:37:30.049748,2026-06-04T02:42:47.669557,2026-06-04T02:48:01.541642,23.56997715680168
newsat-48,henrietta,60498,2026-06-04T04:11:05.335686,2026-06-04T04:15:52.036752,2026-06-04T04:20:37.800889,14.273932755346033
newsat-48,henrietta,60498,2026-06-04T14:40:05.870294,2026-06-04T14:45:41.291804,2026-06-04T14:51:24.208768,86.94407077536734
newsat-48,henrietta,60498,2026-06-05T02:12:08.756409,2026-06-05T02:16:35.781912,2026-06-05T02:21:01.870484,10.237622000682677
newsat-48,henrietta,60498,2026-06-05T03:44:34.130716,2026-06-05T03:49:59.245978,2026-06-05T03:55:20.613515,31.271339368950404
newsat-48,henrietta,60498,2026-06-05T14:14:16.565457,2026-06-05T14:19:41.680719,2026-06-05T14:25:13.354503,36.19303334494628
newsat-48,henrietta,60498,2026-06-06T03:18:20.465660,2026-06-06T03:23:59.634896,2026-06-06T03:29:35.056407,80.19573047703706
newsat-48,henrietta,60498,2026-06-06T13:48:53.584270,2026-06-06T13:53:46.843857,2026-06-06T13:58:44.788104,16.32667254463896
newsat-48,henrietta,60498,2026-06-06T15:21:45.688683,2026-06-06T15:26:53.939176,2026-06-06T15:32:08.748192,20.7742994857043
newsat-48,henrietta,60498,2026-06-07T02:52:21.956851,2026-06-07T02:57:54.567566,2026-06-07T03:03:22.493624,38.57731792591392
newsat-48,henrietta,60498,2026-06-07T14:55:12.423844,2026-06-07T15:00:44.097627,2026-06-07T15:06:22.329933,49.72571539427143
newsat-48,henrietta,60498,2026-06-08T02:26:41.242854,2026-06-08T02:31:41.997894,2026-06-08T02:36:39.942141,16.693987933212718
newsat-48,henrietta,60498,2026-06-08T03:59:48.427732,2026-06-08T04:04:53.867431,2026-06-08T04:09:58.370199,19.860309168833115
newsat-48,henrietta,60498,2026-06-08T14:29:04.800617,2026-06-08T14:34:38.348264,2026-06-08T14:40:18.454433,61.993607530560695
newsat-48,henrietta,60498,2026-06-09T03:33:21.390730,2026-06-09T03:38:54.938377,2026-06-09T03:44:25.675230,45.890066305114566
newsat-48,henrietta,60498,2026-06-09T14:03:23.501038,2026-06-09T14:08:37.373120,2026-06-09T14:13:56.866794,25.278954267036763
newsat-48,henrietta,60498,2026-06-09T15:37:12.682498,2026-06-09T15:41:54.698906,2026-06-09T15:46:42.336906,13.046079791721056
newsat-48,henrietta,60498,2026-06-10T03:07:10.701811,2026-06-10T03:12:49.871047,2026-06-10T03:18:24.355626,67.2810610090259
newsat-48,henrietta,60498,2026-06-10T13:38:10.398963,2026-06-10T13:42:41.172192,2026-06-10T13:47:14.756217,11.549282466581461
newsat-48,henrietta,60498,2026-06-10T15:10:18.288472,2026-06-10T15:15:38.719076,2026-06-10T15:21:06.645134,29.607326337318728
newsat-48,henrietta,60498,2026-06-11T02:41:15.678937,2026-06-11T02:46:37.983404,2026-06-11T02:51:56.540146,26.42508512579775
newsat-48,henrietta,60498,2026-06-11T04:14:59.734830,2026-06-11T04:19:38.940444,2026-06-11T04:24:17.209128,12.80392883784521
newsat-48,henrietta,60498,2026-06-11T14:43:53.028888,2026-06-11T14:49:27.513466,2026-06-11T14:55:08.556566,76.71104751207048
newsat-48,henrietta,60498,2026-06-12T02:15:43.562664,2026-06-12T02:20:19.957483,2026-06-12T02:24:54.478440,11.57123394047231
newsat-48,henrietta,60498,2026-06-12T03:48:18.643858,2026-06-12T03:53:40.011393,2026-06-12T03:58:58.568135,28.028092882544485
newsat-48,henrietta,60498,2026-06-12T14:17:53.410918,2026-06-12T14:23:20.400043,2026-06-12T14:28:53.947690,40.60237668742145
newsat-48,henrietta,60498,2026-06-13T03:21:55.774827,2026-06-13T03:27:34.944063,2026-06-13T03:33:09.428642,70.81737685724973
newsat-48,henrietta,60498,2026-06-13T13:52:20.116590,2026-06-13T13:57:18.060836,2026-06-13T14:02:20.689741,17.930557102957263
newsat-48,henrietta,60498,2026-06-13T15:25:23.891313,2026-06-13T15:30:26.520217,2026-06-13T15:35:35.707643,18.68731253464375
newsat-48,henrietta,60498,2026-06-14T02:55:48.571842,2026-06-14T03:01:23.056420,2026-06-14T03:06:53.793273,43.38517305944299
newsat-48,henrietta,60498,2026-06-14T14:58:40.313339,2026-06-14T15:04:09.176327,2026-06-14T15:09:45.534770,44.062565495731
newsat-48,henrietta,60498,2026-06-15T02:29:58.653868,2026-06-15T02:35:05.030498,2026-06-15T02:40:08.596334,18.427388442462064
newsat-48,henrietta,60498,2026-06-15T04:03:12.479938,2026-06-15T04:08:14.171910,2026-06-15T04:13:13.990020,18.134036513320883
newsat-48,henrietta,60498,2026-06-15T14:32:23.059005,2026-06-15T14:37:56.606652,2026-06-15T14:43:36.712821,69.67147574340213
newsat-48,henrietta,60498,2026-06-16T03:36:37.430796,2026-06-16T03:42:09.104579,2026-06-16T03:47:37.967569,41.22998980419308
newsat-48,henrietta,60498,2026-06-16T14:06:31.446290,2026-06-16T14:11:48.129167,2026-06-16T14:17:10.433635,27.609241762514703
newsat-48,henrietta,60498,2026-06-16T15:40:32.980090,2026-06-16T15:45:07.501046,2026-06-16T15:49:46.706661,11.770903961664445
newsat-48,henrietta,60498,2026-06-17T03:10:17.792802,2026-06-17T03:15:57.898969,2026-06-17T03:21:33.320480,75.17900092201243
newsat-48,henrietta,60498,2026-06-17T13:41:08.031080,2026-06-17T13:45:44.425899,2026-06-17T13:50:23.631514,12.576247647183608
newsat-48,henrietta,60498,2026-06-17T15:13:26.399068,2026-06-17T15:18:44.018877,2026-06-17T15:24:08.197208,26.923180852517493
newsat-48,henrietta,60498,2026-06-18T02:44:14.757787,2026-06-18T02:49:39.873049,2026-06-18T02:55:01.240586,28.954196082506574
newsat-48,henrietta,60498,2026-06-18T04:18:04.517939,2026-06-18T04:22:38.101964,2026-06-18T04:27:10.749058,11.761250758256189
newsat-48,henrietta,60498,2026-06-18T14:46:51.763276,2026-06-18T14:52:25.310923,2026-06-18T14:58:05.417092,69.13285373377926
newsat-48,henrietta,60498,2026-06-19T02:18:31.818575,2026-06-19T02:23:15.708846,2026-06-19T02:27:56.788324,12.685772464059896
newsat-48,henrietta,60498,2026-06-19T03:51:14.477891,2026-06-19T03:56:33.034632,2026-06-19T04:01:49.717511,25.846452706512608
newsat-48,henrietta,60498,2026-06-19T14:20:42.769100,2026-06-19T14:26:10.695157,2026-06-19T14:31:45.179736,44.47263976156821
newsat-48,henrietta,60498,2026-06-20T03:24:43.596720,2026-06-20T03:30:21.829024,2026-06-20T03:35:56.313603,64.2595078262166
newsat-48,henrietta,60498,2026-06-20T13:55:00.098569,2026-06-20T14:00:00.853609,2026-06-20T14:05:07.230241,19.24186129414994
newsat-48,henrietta,60498,2026-06-20T15:28:13.414838,2026-06-20T15:33:11.359084,2026-06-20T15:38:14.924920,17.23582677475805
newsat-48,henrietta,60498,2026-06-21T02:58:27.444660,2026-06-21T03:04:03.803101,2026-06-21T03:09:36.413817,47.54265269412791
newsat-48,henrietta,60498,2026-06-21T15:01:19.523725,2026-06-21T15:06:46.512850,2026-06-21T15:12:20.997429,40.33342051916334
newsat-48,henrietta,60498,2026-06-22T02:32:29.514541,2026-06-22T02:37:39.638897,2026-06-22T02:42:46.952460,19.846266686208878
newsat-48,henrietta,60498,2026-06-22T04:05:48.789970,2026-06-22T04:10:46.734216,2026-06-22T04:15:42.804599,16.969899875929247
newsat-48,henrietta,60498,2026-06-22T14:34:52.893186,2026-06-22T14:40:26.440833,2026-06-22T14:46:06.547002,75.85109513056034
newsat-48,henrietta,60498,2026-06-23T03:39:04.791753,2026-06-23T03:44:35.528604,2026-06-23T03:50:03.454662,38.2361102204523
newsat-48,henrietta,60498,2026-06-23T14:08:52.841196,2026-06-23T14:14:10.461005,2026-06-23T14:19:34.639336,29.47663942453466
newsat-48,henrietta,60498,2026-06-23T15:43:03.234512,2026-06-23T15:47:31.196947,2026-06-23T15:52:04.780972,10.891010454035847
newsat-48,henrietta,60498,2026-06-24T03:12:37.396516,2026-06-24T03:18:17.502683,2026-06-24T03:23:53.861126,81.20892230208149
newsat-48,henrietta,60498,2026-06-24T13:43:20.731810,2026-06-24T13:47:59.937424,2026-06-24T13:52:43.827698,13.351282655623686
newsat-48,henrietta,60498,2026-06-24T15:15:46.085450,2026-06-24T15:21:00.894464,2026-06-24T15:26:22.262001,25.169793266284355
newsat-48,henrietta,60498,2026-06-25T02:46:25.412423,2026-06-25T02:51:53.338480,2026-06-25T02:57:17.516811,30.957698866377772
newsat-48,henrietta,60498,2026-06-25T04:20:19.685004,2026-06-25T04:24:49.521302,2026-06-25T04:29:18.420670,11.073147173203617
newsat-48,henrietta,60498,2026-06-25T14:49:02.073452,2026-06-25T14:54:34.684167,2026-06-25T15:00:14.790336,64.12552099160803
newsat-48,henrietta,60498,2026-06-26T02:20:34.715969,2026-06-26T02:25:22.353967,2026-06-26T02:30:08.118104,13.52265348185782
newsat-48,henrietta,60498,2026-06-26T03:53:21.632814,2026-06-26T03:58:38.315691,2026-06-26T04:03:53.124707,24.469941284766264
newsat-48,henrietta,60498,2026-06-26T14:22:44.385104,2026-06-26T14:28:13.248092,2026-06-26T14:33:48.669603,47.44631652308787
newsat-48,henrietta,60498,2026-06-27T03:26:42.994398,2026-06-27T03:32:20.289771,2026-06-27T03:37:55.711282,60.12734650234369
newsat-48,henrietta,60498,2026-06-27T13:56:53.275296,2026-06-27T14:01:55.904200,2026-06-27T14:07:04.154695,20.187641496659673
newsat-48,henrietta,60498,2026-06-27T15:30:12.895187,2026-06-27T15:35:07.091706,2026-06-27T15:40:07.846748,16.309862882477358
newsat-48,henrietta,60498,2026-06-28T03:00:18.830196,2026-06-28T03:05:56.125569,2026-06-28T03:11:29.673216,50.62402798184766
newsat-48,henrietta,60498,2026-06-28T15:03:09.372970,2026-06-28T15:08:35.425164,2026-06-28T15:14:08.972811,38.08275009625223
newsat-48,henrietta,60498,2026-06-29T02:34:12.887935,2026-06-29T02:39:25.823086,2026-06-29T02:44:35.947444,20.850397847775152
newsat-48,henrietta,60498,2026-06-29T04:07:34.801929,2026-06-29T04:12:30.872312,2026-06-29T04:17:25.068832,16.266134960937773
newsat-48,henrietta,60498,2026-06-29T14:36:35.240091,2026-06-29T14:42:07.850806,2026-06-29T14:47:47.956975,80.01227403842489
newsat-48,henrietta,60498,2026-06-30T03:40:43.728502,2026-06-30T03:46:13.528422,2026-06-30T03:51:40.517548,36.50984517931965
newsat-48,henrietta,60498,2026-06-30T14:10:26.493925,2026-06-30T14:15:45.050666,2026-06-30T14:21:10.165929,30.731872998151506
newsat-48,henrietta,60498,2026-06-30T15:44:42.253931,2026-06-30T15:49:06.468639,2026-06-30T15:53:36.304938,10.362954445882439
newsat-48,henrietta,60498,2026-07-01T03:14:08.576021,2026-07-01T03:19:48.682188,2026-07-01T03:25:25.977562,84.9427647110408
newsat-48,henrietta,60498,2026-07-01T13:44:45.945265,2026-07-01T13:49:27.024742,2026-07-01T13:54:13.725810,13.83955665107099
newsat-48,henrietta,60498,2026-07-01T15:17:15.728662,2026-07-01T15:22:28.663813,2026-07-01T15:27:48.157487,24.176955941420307
newsat-48,henrietta,60498,2026-07-02T02:47:49.516716,2026-07-02T02:53:18.379704,2026-07-02T02:58:43.494967,32.24736667708603
newsat-48,henrietta,60498,2026-07-02T04:21:46.172961,2026-07-02T04:26:13.198464,2026-07-02T04:30:39.287036,10.692930593082458
newsat-48,henrietta,60498,2026-07-02T14:50:23.959422,2026-07-02T14:55:55.633205,2026-07-02T15:01:34.802442,61.37758517831313
newsat-48,henrietta,60498,2026-07-03T02:21:49.871188,2026-07-03T02:26:41.256912,2026-07-03T02:31:29.831843,14.02977529364263
newsat-48,henrietta,60498,2026-07-03T03:54:39.426597,2026-07-03T03:59:55.172542,2026-07-03T04:05:09.044627,23.748696397269747
newsat-48,henrietta,60498,2026-07-03T14:23:57.831800,2026-07-03T14:29:26.694788,2026-07-03T14:35:03.053231,49.201815263184834
newsat-48,henrietta,60498,2026-07-04T03:27:52.776039,2026-07-04T03:33:31.008343,2026-07-04T03:39:05.492922,58.04963914301408
newsat-48,henrietta,60498,2026-07-04T13:57:58.709850,2026-07-04T14:03:03.212617,2026-07-04T14:08:12.400043,20.70667173065378
newsat-48,henrietta,60498,2026-07-04T15:31:22.077467,2026-07-04T15:36:14.400123,2026-07-04T15:41:13.281302,15.848298626936845
newsat-48,henrietta,60498,2026-07-05T03:01:21.791525,2026-07-05T03:07:00.023829,2026-07-05T03:12:34.508408,52.29255507309497
newsat-48,henrietta,60498,2026-07-05T15:04:10.115976,2026-07-05T15:09:35.231238,2026-07-05T15:15:07.841954,37.05156409841843
newsat-48,henrietta,60498,2026-07-06T02:35:08.092022,2026-07-06T02:40:22.901036,2026-07-06T02:45:33.962325,21.355621312915563
newsat-48,henrietta,60498,2026-07-06T04:08:32.134780,2026-07-06T04:13:27.268231,2026-07-06T04:18:20.527820,15.963459909429412
newsat-48,henrietta,60498,2026-07-06T14:37:28.225854,2026-07-06T14:43:00.836569,2026-07-06T14:48:41.879669,81.89624831605185
newsat-48,henrietta,60498,2026-07-07T03:41:33.304109,2026-07-07T03:47:03.104029,2026-07-07T03:52:30.093155,35.833271505622605
newsat-48,henrietta,60498,2026-07-07T14:11:11.722446,2026-07-07T14:16:31.216118,2026-07-07T14:21:57.268312,31.257827713110274
newsat-48,henrietta,60498,2026-07-07T15:45:29.356315,2026-07-07T15:49:52.634091,2026-07-07T15:54:20.596527,10.16191423962721
newsat-48,henrietta,60498,2026-07-08T03:14:51.076418,2026-07-08T03:20:32.119517,2026-07-08T03:26:09.414891,86.41150488139829
newsat-48,henrietta,60498,2026-07-08T13:45:24.353477,2026-07-08T13:50:06.369885,2026-07-08T13:54:54.007885,14.0163073862301
newsat-48,henrietta,60498,2026-07-08T15:17:56.010737,2026-07-08T15:23:08.008956,2026-07-08T15:28:27.502630,23.857379709376612
newsat-48,henrietta,60498,2026-07-09T02:48:24.514772,2026-07-09T02:53:54.314692,2026-07-09T02:59:20.366886,32.68375345698578
newsat-48,henrietta,60498,2026-07-09T04:22:22.362849,2026-07-09T04:26:48.451421,2026-07-09T04:31:14.539993,10.592906376981391
newsat-48,henrietta,60498,2026-07-09T14:50:55.802224,2026-07-09T14:56:27.476007,2026-07-09T15:02:07.582176,60.65785178233103
newsat-48,henrietta,60498,2026-07-10T02:22:18.985865,2026-07-10T02:27:10.371589,2026-07-10T02:31:59.883452,14.167693466169018
newsat-48,henrietta,60498,2026-07-10T03:55:08.541274,2026-07-10T04:00:24.287219,2026-07-10T04:05:38.159304,23.60716227604571
newsat-48,henrietta,60498,2026-07-10T14:24:23.536321,2026-07-10T14:29:52.399309,2026-07-10T14:35:28.757752,49.5500999841828
newsat-48,henrietta,60498,2026-07-11T03:28:15.070406,2026-07-11T03:33:53.302710,2026-07-11T03:39:27.787289,57.79115443662777
newsat-48,henrietta,60498,2026-07-11T13:58:17.848962,2026-07-11T14:03:21.414798,2026-07-11T14:08:31.539156,20.75858947459426
newsat-48,henrietta,60498,2026-07-11T15:31:40.279648,2026-07-11T15:36:32.602304,2026-07-11T15:41:31.483483,15.820701408287738
newsat-48,henrietta,60498,2026-07-12T03:01:37.265581,2026-07-12T03:07:15.497885,2026-07-12T03:12:49.982464,52.35972696838145
newsat-48,henrietta,60498,2026-07-12T15:04:21.497846,2026-07-12T15:09:46.613108,2026-07-12T15:15:19.223824,37.129003610140906
newsat-48,henrietta,60498,2026-07-13T02:35:16.745768,2026-07-13T02:40:31.554782,2026-07-13T02:45:42.616071,21.31290192962311
newsat-48,henrietta,60498,2026-07-13T04:08:40.106495,2026-07-13T04:13:35.239946,2026-07-13T04:18:29.436466,16.032905972612696
newsat-48,henrietta,60498,2026-07-13T14:37:32.787413,2026-07-13T14:43:05.398128,2026-07-13T14:48:46.441228,81.42979820074629
newsat-48,henrietta,60498,2026-07-14T03:41:34.455512,2026-07-14T03:47:04.255432,2026-07-14T03:52:31.244558,36.1187319573758
newsat-48,henrietta,60498,2026-07-14T14:11:10.400625,2026-07-14T14:16:28.957366,2026-07-14T14:21:55.009560,30.99951081760934
newsat-48,henrietta,60498,2026-07-14T15:45:25.478600,2026-07-14T15:49:49.693308,2026-07-14T15:54:18.592676,10.277605323151805
newsat-48,henrietta,60498,2026-07-15T03:14:45.407510,2026-07-15T03:20:26.450609,2026-07-15T03:26:03.745983,85.43367578644015
newsat-48,henrietta,60498,2026-07-15T13:45:15.956445,2026-07-15T13:49:57.972853,2026-07-15T13:54:43.736990,13.869011253236621
newsat-48,henrietta,60498,2026-07-15T15:17:45.312711,2026-07-15T15:22:58.247862,2026-07-15T15:28:17.741536,24.180933516325105
newsat-48,henrietta,60498,2026-07-16T02:48:12.025554,2026-07-16T02:53:41.825474,2026-07-16T02:59:07.877668,32.21316748821347
newsat-48,henrietta,60498,2026-07-16T04:22:07.999768,2026-07-16T04:26:35.962203,2026-07-16T04:31:02.987707,10.762216816348428
newsat-48,henrietta,60498,2026-07-16T14:50:39.220820,2026-07-16T14:56:10.894603,2026-07-16T15:01:51.000772,61.912562130271674
newsat-48,henrietta,60498,2026-07-17T02:22:00.613267,2026-07-17T02:26:51.062060,2026-07-17T02:31:38.700060,13.921090048485736
newsat-48,henrietta,60498,2026-07-17T03:54:48.294813,2026-07-17T04:00:04.977690,2026-07-17T04:05:18.849775,24.023678099323597
newsat-48,henrietta,60498,2026-07-17T14:24:00.134605,2026-07-17T14:29:28.997593,2026-07-17T14:35:05.356036,48.43631035629706
newsat-48,henrietta,60498,2026-07-18T03:27:48.003634,2026-07-18T03:33:27.172870,2026-07-18T03:39:01.657449,59.32139464658023
newsat-48,henrietta,60498,2026-07-18T13:57:48.308966,2026-07-18T14:02:51.874802,2026-07-18T14:08:01.062228,20.336212896249332
newsat-48,henrietta,60498,2026-07-18T15:31:07.501727,2026-07-18T15:36:01.698246,2026-07-18T15:41:02.453288,16.222863870073898
newsat-48,henrietta,60498,2026-07-19T03:01:03.378498,2026-07-19T03:06:42.547734,2026-07-19T03:12:16.095381,50.80691119502803
newsat-48,henrietta,60498,2026-07-19T15:03:43.773476,2026-07-19T15:09:08.888738,2026-07-19T15:14:43.373317,38.31734212439079
newsat-48,henrietta,60498,2026-07-20T02:34:37.230205,2026-07-20T02:39:51.102287,2026-07-20T02:45:00.289713,20.71675813473072
newsat-48,henrietta,60498,2026-07-20T04:07:57.780137,2026-07-20T04:12:54.787451,2026-07-20T04:17:50.857834,16.473609672643885
newsat-48,henrietta,60498,2026-07-20T14:36:48.242732,2026-07-20T14:42:20.853447,2026-07-20T14:48:01.896547,78.58499229143365
newsat-48,henrietta,60498,2026-07-21T03:40:45.308846,2026-07-21T03:46:16.982629,2026-07-21T03:51:44.908687,37.39295878675705
newsat-48,henrietta,60498,2026-07-21T14:10:19.717667,2026-07-21T14:15:38.274408,2026-07-21T14:21:03.389671,29.975035110425917
newsat-48,henrietta,60498,2026-07-21T15:44:30.620784,2026-07-21T15:48:57.646287,2026-07-21T15:53:30.293381,10.712496464838292
newsat-48,henrietta,60498,2026-07-22T03:13:50.377466,2026-07-22T03:19:32.357496,2026-07-22T03:25:08.715939,82.11052622534497
newsat-48,henrietta,60498,2026-07-22T13:44:20.327040,2026-07-22T13:49:00.469585,2026-07-22T13:53:44.359859,13.39926963344181
newsat-48,henrietta,60498,2026-07-22T15:16:44.571518,2026-07-22T15:21:59.380532,2026-07-22T15:27:21.685000,25.171209481112218
newsat-48,henrietta,60498,2026-07-23T02:47:11.367032,2026-07-23T02:52:40.230020,2026-07-23T02:58:04.408351,30.873119875942475
newsat-48,henrietta,60498,2026-07-23T04:21:03.593520,2026-07-23T04:25:34.366749,2026-07-23T04:30:05.139980,11.205353540628234
newsat-48,henrietta,60498,2026-07-23T14:49:33.533180,2026-07-23T14:55:05.206963,2026-07-23T15:00:46.250063,65.23973014917253
newsat-48,henrietta,60498,2026-07-24T02:20:54.326267,2026-07-24T02:25:41.964265,2026-07-24T02:30:26.791470,13.29913154648955
newsat-48,henrietta,60498,2026-07-24T03:53:38.005185,2026-07-24T03:58:56.561926,2026-07-24T04:04:12.307874,25.030986898145812
newsat-48,henrietta,60498,2026-07-24T14:22:48.563585,2026-07-24T14:28:16.489642,2026-07-24T14:33:52.848085,45.97654450278834
newsat-48,henrietta,60498,2026-07-25T03:26:32.085526,2026-07-25T03:32:11.254762,2026-07-25T03:37:46.676273,62.785520396730824
newsat-48,henrietta,60498,2026-07-25T13:56:31.536599,2026-07-25T14:01:33.228571,2026-07-25T14:06:40.542134,19.46125888752944
newsat-48,henrietta,60498,2026-07-25T15:29:44.680638,2026-07-25T15:34:41.687952,2026-07-25T15:39:45.253788,17.076283335296775
newsat-48,henrietta,60498,2026-07-26T02:59:42.513943,2026-07-26T03:05:19.809316,2026-07-26T03:10:52.420032,47.78036852972458
newsat-48,henrietta,60498,2026-07-26T15:02:15.069007,2026-07-26T15:07:42.058132,2026-07-26T15:13:17.479643,40.743780362373414
newsat-48,henrietta,60498,2026-07-27T02:33:10.737170,2026-07-27T02:38:20.861526,2026-07-27T02:43:27.238158,19.608646796678688
newsat-48,henrietta,60498,2026-07-27T04:06:26.092643,2026-07-27T04:11:25.910752,2026-07-27T04:16:23.854999,17.314021241454626
newsat-48,henrietta,60498,2026-07-27T14:35:15.273848,2026-07-27T14:40:47.884563,2026-07-27T14:46:28.927663,73.54706616360812
newsat-48,henrietta,60498,2026-07-28T03:39:07.992876,2026-07-28T03:44:40.603591,2026-07-28T03:50:09.466581,39.80393811140953
newsat-48,henrietta,60498,2026-07-28T14:08:41.802338,2026-07-28T14:13:58.485215,2026-07-28T14:19:22.663546,28.270318191927768
newsat-48,henrietta,60498,2026-07-28T15:42:44.100840,2026-07-28T15:47:15.811001,2026-07-28T15:51:54.079685,11.482999211418305
newsat-48,henrietta,60498,2026-07-29T03:12:07.433017,2026-07-29T03:17:48.476116,2026-07-29T03:23:24.834559,76.41115351090204
newsat-48,henrietta,60498,2026-07-29T13:42:38.147292,2026-07-29T13:47:14.542111,2026-07-29T13:51:54.684658,12.62488299275743
newsat-48,henrietta,60498,2026-07-29T15:14:54.724087,2026-07-29T15:20:11.406964,2026-07-29T15:25:36.522227,26.912359636964784
newsat-48,henrietta,60498,2026-07-30T02:45:23.476133,2026-07-30T02:50:49.528327,2026-07-30T02:56:10.895864,28.790158457143182
newsat-48,henrietta,60498,2026-07-30T04:19:09.571230,2026-07-30T04:23:45.029118,2026-07-30T04:28:19.550075,11.946176186337645
newsat-48,henrietta,60498,2026-07-30T14:47:38.484398,2026-07-30T14:53:11.095113,2026-07-30T14:58:53.075145,70.92873647390601
newsat-48,henrietta,60498,2026-07-31T02:19:01.743822,2026-07-31T02:23:43.760230,2026-07-31T02:28:22.965845,12.336724048158006
newsat-48,henrietta,60498,2026-07-31T03:51:38.609319,2026-07-31T03:56:59.039923,2026-07-31T04:02:16.659734,26.72635049040537
newsat-48,henrietta,60498,2026-07-31T14:20:49.250389,2026-07-31T14:26:16.239514,2026-07-31T14:31:50.724093,42.43802926966897
newsat-48,henrietta,60498,2026-08-01T03:24:26.806280,2026-08-01T03:30:06.912447,2026-08-01T03:35:42.333958,68.56607000172095
newsat-48,henrietta,60498,2026-08-01T13:54:28.213885,2026-08-01T13:59:26.158131,2026-08-01T14:04:29.723967,18.18571217499147
newsat-48,henrietta,60498,2026-08-01T15:27:31.134348,2026-08-01T15:32:31.889388,2026-08-01T15:37:40.139883,18.434028524802848
newsat-48,henrietta,60498,2026-08-02T02:57:31.861118,2026-08-02T03:03:07.282628,2026-08-02T03:08:38.019481,43.59654075358762
newsat-48,henrietta,60498,2026-08-02T14:59:57.258300,2026-08-02T15:05:26.121288,2026-08-02T15:11:04.353594,44.69053110808375
newsat-48,henrietta,60498,2026-08-03T02:30:55.137899,2026-08-03T02:36:01.514529,2026-08-03T02:41:03.206502,18.069626201928077
newsat-48,henrietta,60498,2026-08-03T04:04:04.361981,2026-08-03T04:09:07.927817,2026-08-03T04:14:09.619790,18.618444502554077
newsat-48,henrietta,60498,2026-08-03T14:32:53.198724,2026-08-03T14:38:25.809439,2026-08-03T14:44:06.852539,66.62170235365562
newsat-48,henrietta,60498,2026-08-04T03:36:41.570663,2026-08-04T03:42:15.118310,2026-08-04T03:47:44.918231,43.665530174474675
newsat-48,henrietta,60498,2026-08-04T14:06:15.462794,2026-08-04T14:11:30.271808,2026-08-04T14:16:50.702413,26.024415207326502
newsat-48,henrietta,60498,2026-08-04T15:40:05.663855,2026-08-04T15:44:44.869469,2026-08-04T15:49:30.633606,12.624994337125665
newsat-48,henrietta,60498,2026-08-05T03:09:35.382324,2026-08-05T03:15:15.488491,2026-08-05T03:20:49.973070,68.71174766656722
newsat-48,henrietta,60498,2026-08-05T13:40:09.672095,2026-08-05T13:44:39.508393,2026-08-05T13:49:14.029350,11.576102909810293
newsat-48,henrietta,60498,2026-08-05T15:12:13.214518,2026-08-05T15:17:33.645122,2026-08-05T15:23:02.508112,29.572533168573358
newsat-48,henrietta,60498,2026-08-06T02:42:45.796961,2026-08-06T02:48:09.038359,2026-08-06T02:53:26.658170,26.14903639987331
newsat-48,henrietta,60498,2026-08-06T04:16:24.823735,2026-08-06T04:21:05.903212,2026-08-06T04:25:46.045759,13.030028982119566
newsat-48,henrietta,60498,2026-08-06T14:44:53.647342,2026-08-06T14:50:27.194989,2026-08-06T14:56:10.111953,79.2745533454308
newsat-48,henrietta,60498,2026-08-07T02:16:21.501861,2026-08-07T02:20:55.085886,2026-08-07T02:25:26.796048,11.08615700348617
newsat-48,henrietta,60498,2026-08-07T03:48:49.852305,2026-08-07T03:54:13.093703,2026-08-07T03:59:32.587377,29.299760569931262
newsat-48,henrietta,60498,2026-08-07T14:18:01.085848,2026-08-07T14:23:26.201110,2026-08-07T14:28:58.811826,38.15169055223062
newsat-48,henrietta,60498,2026-08-08T03:21:32.675690,2026-08-08T03:27:12.781857,2026-08-08T03:32:48.203368,77.11371443012406
newsat-48,henrietta,60498,2026-08-08T13:51:36.721862,2026-08-08T13:56:29.981449,2026-08-08T14:01:28.862628,16.579690909266795
newsat-48,henrietta,60498,2026-08-08T15:24:26.607952,2026-08-08T15:29:32.984582,2026-08-08T15:34:46.856667,20.39725863531569
newsat-48,henrietta,60498,2026-08-09T02:54:33.038980,2026-08-09T03:00:05.649695,2026-08-09T03:05:33.575753,38.681412741505746
newsat-48,henrietta,60498,2026-08-09T14:56:50.341351,2026-08-09T15:02:21.078202,2026-08-09T15:08:01.184371,50.65885101196095
newsat-48,henrietta,60498,2026-08-10T02:27:52.816047,2026-08-10T02:32:51.697224,2026-08-10T02:37:47.767607,16.201662654364245
newsat-48,henrietta,60498,2026-08-10T04:00:51.906112,2026-08-10T04:06:00.156605,2026-08-10T04:11:06.533237,20.502570108872373
newsat-48,henrietta,60498,2026-08-10T14:29:42.954288,2026-08-10T14:35:14.628071,2026-08-10T14:40:54.734240,58.42531020340079
newsat-48,henrietta,60498,2026-08-11T03:33:24.423246,2026-08-11T03:38:59.844756,2026-08-11T03:44:30.581609,49.52506142309666
newsat-48,henrietta,60498,2026-08-11T14:03:01.890873,2026-08-11T14:08:12.952161,2026-08-11T14:13:29.635040,23.39661259462162
newsat-48,henrietta,60498,2026-08-11T15:36:37.438601,2026-08-11T15:41:24.139667,2026-08-11T15:46:17.399256,14.202016807321803
newsat-48,henrietta,60498,2026-08-12T03:06:13.543362,2026-08-12T03:11:52.712598,2026-08-12T03:17:26.260245,59.64030339117247
newsat-48,henrietta,60498,2026-08-12T13:36:54.646557,2026-08-12T13:41:16.050470,2026-08-12T13:45:42.139042,10.293407412288069
newsat-48,henrietta,60498,2026-08-12T15:08:43.535645,2026-08-12T15:14:06.777043,2026-08-12T15:19:39.387759,33.45863711715142
newsat-48,henrietta,60498,2026-08-13T02:39:21.395218,2026-08-13T02:44:38.078095,2026-08-13T02:49:51.013248,23.15701763794249
newsat-48,henrietta,60498,2026-08-13T04:12:49.096143,2026-08-13T04:17:37.671073,2026-08-13T04:22:24.372141,14.535517512531609
newsat-48,henrietta,60498,2026-08-13T14:41:20.386087,2026-08-13T14:46:54.870665,2026-08-13T14:52:36.850697,89.2806547627642
newsat-48,henrietta,60498,2026-08-14T03:45:10.370099,2026-08-14T03:50:37.359224,2026-08-14T03:55:59.663692,33.081306093613435
newsat-48,henrietta,60498,2026-08-14T14:14:24.752007,2026-08-14T14:19:47.056474,2026-08-14T14:25:16.856395,33.48683769006965
newsat-48,henrietta,60498,2026-08-15T03:17:49.438865,2026-08-15T03:23:29.545032,2026-08-15T03:29:04.029611,88.72268107602872
newsat-48,henrietta,60498,2026-08-15T13:47:58.679496,2026-08-15T13:52:45.380562,2026-08-15T13:57:36.766288,14.72341821337351
newsat-48,henrietta,60498,2026-08-15T15:20:32.293290,2026-08-15T15:25:44.291509,2026-08-15T15:31:03.785183,23.142321631287874
newsat-48,henrietta,60498,2026-08-16T02:50:45.365511,2026-08-16T02:56:14.228499,2026-08-16T03:01:38.406830,33.4681677290508
newsat-48,henrietta,60498,2026-08-16T04:24:42.614227,2026-08-16T04:29:04.955072,2026-08-16T04:33:26.358987,10.1298716084183
newsat-48,henrietta,60498,2026-08-16T14:52:54.318167,2026-08-16T14:58:26.928882,2026-08-16T15:04:07.971982,59.438656621154756
newsat-48,henrietta,60498,2026-08-17T02:24:01.642863,2026-08-17T02:28:52.091656,2026-08-17T02:33:38.792724,14.112919757054527
newsat-48,henrietta,60498,2026-08-17T03:56:50.089111,2026-08-17T04:02:03.961193,2026-08-17T04:07:14.085551,23.166185966647543
newsat-48,henrietta,60498,2026-08-17T14:25:43.858523,2026-08-17T14:31:13.658443,2026-08-17T14:36:51.890749,49.74812599826816
newsat-48,henrietta,60498,2026-08-18T03:29:18.169599,2026-08-18T03:34:55.464972,2026-08-18T03:40:27.138756,58.274409558226246
newsat-48,henrietta,60498,2026-08-18T13:59:01.341485,2026-08-18T14:04:05.844252,2026-08-18T14:09:16.905541,20.543371520185932
newsat-48,henrietta,60498,2026-08-18T15:32:19.170182,2026-08-18T15:37:14.303633,2026-08-18T15:42:15.995606,16.32401070588481
newsat-48,henrietta,60498,2026-08-19T03:02:03.789996,2026-08-19T03:07:40.148437,2026-08-19T03:13:10.885290,50.13365733007124
newsat-48,henrietta,60498,2026-08-19T15:04:22.876668,2026-08-19T15:09:50.802725,2026-08-19T15:15:26.224236,39.112157670794254
newsat-48,henrietta,60498,2026-08-20T02:35:07.205203,2026-08-20T02:40:17.329559,2026-08-20T02:45:22.769259,20.007037898453067
newsat-48,henrietta,60498,2026-08-20T04:08:24.262309,2026-08-20T04:13:20.332692,2026-08-20T04:18:13.592281,16.59030199887412
newsat-48,henrietta,60498,2026-08-20T14:36:58.528387,2026-08-20T14:42:32.076034,2026-08-20T14:48:14.056066,75.94058849909707
newsat-48,henrietta,60498,2026-08-21T03:40:41.354519,2026-08-21T03:46:11.154439,2026-08-21T03:51:37.206633,38.650417352809846
newsat-48,henrietta,60498,2026-08-21T14:10:00.248856,2026-08-21T14:15:18.805597,2026-08-21T14:20:43.920860,28.75982762779046
newsat-48,henrietta,60498,2026-08-21T15:44:03.057160,2026-08-21T15:48:34.767321,2026-08-21T15:53:13.036005,11.385990617816242
newsat-48,henrietta,60498,2026-08-22T03:13:15.986641,2026-08-22T03:18:55.155877,2026-08-22T03:24:28.703524,76.86578465207295
newsat-48,henrietta,60498,2026-08-22T13:43:33.659654,2026-08-22T13:48:10.991405,2026-08-22T13:52:52.070883,12.694859088429844
newsat-48,henrietta,60498,2026-08-22T15:15:48.872387,2026-08-22T15:21:06.492196,2026-08-22T15:26:31.607459,26.981742254584756
newsat-48,henrietta,60498,2026-08-23T02:46:09.095601,2026-08-23T02:51:32.336999,2026-08-23T02:56:50.893741,28.32125340383481
newsat-48,henrietta,60498,2026-08-23T04:19:52.889703,2026-08-23T04:24:26.473728,2026-08-23T04:28:58.183890,11.831875409695556
newsat-48,henrietta,60498,2026-08-23T14:48:08.761611,2026-08-23T14:53:42.309258,2026-08-23T14:59:24.289290,71.99257497794949
newsat-48,henrietta,60498,2026-08-24T02:19:24.429133,2026-08-24T02:24:02.697815,2026-08-24T02:28:37.218772,11.899379475911607
newsat-48,henrietta,60498,2026-08-24T03:51:57.801804,2026-08-24T03:57:17.295476,2026-08-24T04:02:33.041424,26.946135014248053
newsat-48,henrietta,60498,2026-08-24T14:20:56.593445,2026-08-24T14:26:23.582570,2026-08-24T14:31:58.067149,41.35387588083971
newsat-48,henrietta,60498,2026-08-25T03:24:22.382578,2026-08-25T03:30:00.614882,2026-08-25T03:35:33.225598,71.05039391306529
newsat-48,henrietta,60498,2026-08-25T13:54:13.304818,2026-08-25T13:59:10.312132,2026-08-25T14:04:12.004105,17.60065632806367
newsat-48,henrietta,60498,2026-08-25T15:27:09.494529,2026-08-25T15:32:13.997296,2026-08-25T15:37:24.121654,19.17794211562773
newsat-48,henrietta,60498,2026-08-26T02:57:04.503261,2026-08-26T03:02:37.113976,2026-08-26T03:08:04.103102,41.088602667543746
newsat-48,henrietta,60498,2026-08-26T14:59:13.621257,2026-08-26T15:04:44.358108,2026-08-26T15:10:22.590414,47.46916676609417
newsat-48,henrietta,60498,2026-08-27T02:30:06.292617,2026-08-27T02:35:06.110726,2026-08-27T02:40:03.118041,16.847906401823884
newsat-48,henrietta,60498,2026-08-27T04:03:08.021247,2026-08-27T04:08:12.524014,2026-08-27T04:13:14.215987,19.403303929645293
newsat-48,henrietta,60498,2026-08-27T14:31:47.564454,2026-08-27T14:37:20.175169,2026-08-27T14:43:00.281338,61.72077103685027
newsat-48,henrietta,60498,2026-08-28T03:35:22.295771,2026-08-28T03:40:55.843418,2026-08-28T03:46:23.769476,47.02833149444422
newsat-48,henrietta,60498,2026-08-28T14:04:49.450261,2026-08-28T14:10:01.448480,2026-08-28T14:15:19.068291,24.198113129697955
newsat-48,henrietta,60498,2026-08-28T15:38:27.808783,2026-08-28T15:43:12.635986,2026-08-28T15:48:03.084780,13.676792155550567
newsat-48,henrietta,60498,2026-08-29T03:07:54.365107,2026-08-29T03:13:31.660480,2026-08-29T03:19:03.334264,61.77807294670267
newsat-48,henrietta,60498,2026-08-29T13:38:24.218233,2026-08-29T13:42:47.496009,2026-08-29T13:47:14.521513,10.565064234607147
newsat-48,henrietta,60498,2026-08-29T15:10:14.981184,2026-08-29T15:15:38.222582,2026-08-29T15:21:08.959435,32.47384129490509
newsat-48,henrietta,60498,2026-08-30T02:40:43.292324,2026-08-30T02:45:59.975201,2026-08-30T02:51:11.973422,23.482367058325025
newsat-48,henrietta,60498,2026-08-30T04:14:13.376913,2026-08-30T04:18:58.204116,2026-08-30T04:23:41.157458,14.092282739471047
newsat-48,henrietta,60498,2026-08-30T14:42:34.098819,2026-08-30T14:48:08.583397,2026-08-30T14:53:50.563429,88.56915506800225
newsat-48,henrietta,60498,2026-08-31T03:46:15.981129,2026-08-31T03:51:40.159459,2026-08-31T03:57:01.526996,32.44319746211264
newsat-48,henrietta,60498,2026-08-31T14:15:21.159063,2026-08-31T14:20:44.400461,2026-08-31T14:26:13.263451,33.7415107668181
newsat-48,henrietta,60498,2026-09-01T03:18:37.062187,2026-09-01T03:24:15.294491,2026-09-01T03:29:48.842138,88.20437392594194
newsat-48,henrietta,60498,2026-09-01T13:48:39.227607,2026-09-01T13:53:24.991741,2026-09-01T13:58:15.440535,14.6687495192126
newsat-48,henrietta,60498,2026-09-01T15:21:11.222437,2026-09-01T15:26:23.220656,2026-09-01T15:31:41.777398,23.094563441354616
newsat-48,henrietta,60498,2026-09-02T02:51:15.683155,2026-09-02T02:56:43.609212,2026-09-02T03:02:05.913680,33.069027648304086
newsat-48,henrietta,60498,2026-09-02T04:25:12.504741,2026-09-02T04:29:32.971723,2026-09-02T04:33:53.438706,10.074613472717365
newsat-48,henrietta,60498,2026-09-02T14:53:16.196539,2026-09-02T14:58:48.807254,2026-09-02T15:04:28.913423,60.0587851996927
newsat-48,henrietta,60498,2026-09-03T02:24:16.783595,2026-09-03T02:29:04.421593,2026-09-03T02:33:49.248798,13.777563394943805
newsat-48,henrietta,60498,2026-09-03T03:57:01.991917,2026-09-03T04:02:14.927068,2026-09-03T04:07:25.051426,23.334497745819142
newsat-48,henrietta,60498,2026-09-03T14:25:48.686119,2026-09-03T14:31:18.486039,2026-09-03T14:36:54.844482,48.582646749568354
newsat-48,henrietta,60498,2026-09-04T03:29:13.958560,2026-09-04T03:34:49.380070,2026-09-04T03:40:20.116923,59.85261286046953
newsat-48,henrietta,60498,2026-09-04T13:58:50.737265,2026-09-04T14:03:54.303101,2026-09-04T14:09:02.553596,19.93355981036937
newsat-48,henrietta,60498,2026-09-04T15:32:03.963975,2026-09-04T15:37:00.034358,2026-09-04T15:42:02.663263,16.707438844579833
newsat-48,henrietta,60498,2026-09-05T03:01:42.528181,2026-09-05T03:07:17.012759,2026-09-05T03:12:45.875749,47.98967277365444
newsat-48,henrietta,60498,2026-09-05T15:03:52.238649,2026-09-05T15:09:20.164706,2026-09-05T15:14:54.649285,40.659982992148805
newsat-48,henrietta,60498,2026-09-06T02:34:30.766477,2026-09-06T02:39:37.143107,2026-09-06T02:44:39.772012,19.0642461697766
newsat-48,henrietta,60498,2026-09-06T04:07:42.456895,2026-09-06T04:12:39.464209,2026-09-06T04:17:34.597661,17.14102663099682
newsat-48,henrietta,60498,2026-09-06T14:36:11.521623,2026-09-06T14:41:45.069270,2026-09-06T14:47:25.175439,71.85068373017496
newsat-48,henrietta,60498,2026-09-07T03:39:43.435259,2026-09-07T03:45:13.235179,2026-09-07T03:50:39.287373,40.76795212189972
newsat-48,henrietta,60498,2026-09-07T14:08:59.002111,2026-09-07T14:14:14.748056,2026-09-07T14:19:36.115593,27.106500912064327
newsat-48,henrietta,60498,2026-09-07T15:42:53.205798,2026-09-07T15:47:28.663686,2026-09-07T15:52:08.806233,12.001473181632518
newsat-48,henrietta,60498,2026-09-08T03:12:02.208436,2026-09-08T03:17:39.503809,2026-09-08T03:23:12.114525,71.36169277638179
newsat-48,henrietta,60498,2026-09-08T13:42:19.109861,2026-09-08T13:46:49.883090,2026-09-08T13:51:25.340979,11.81644713017908
newsat-48,henrietta,60498,2026-09-08T15:14:24.099015,2026-09-08T15:19:42.655756,2026-09-08T15:25:08.707950,28.686087782896557
newsat-48,henrietta,60498,2026-09-09T02:44:39.458451,2026-09-09T02:49:58.952123,2026-09-09T02:55:14.698071,26.238082732633742
newsat-48,henrietta,60498,2026-09-09T04:18:17.376064,2026-09-09T04:22:53.770883,2026-09-09T04:27:30.165704,12.594221560116857
newsat-48,henrietta,60498,2026-09-09T14:46:29.238454,2026-09-09T14:52:02.786101,2026-09-09T14:57:42.892270,78.50626185525397
newsat-48,henrietta,60498,2026-09-10T02:17:40.806899,2026-09-10T02:22:11.580128,2026-09-10T02:26:39.542564,10.845583858446076
newsat-48,henrietta,60498,2026-09-10T03:50:06.429217,2026-09-10T03:55:26.859821,2026-09-10T04:00:44.479632,29.036867735022394
newsat-48,henrietta,60498,2026-09-10T14:19:02.830306,2026-09-10T14:24:27.008636,2026-09-10T14:29:57.745489,37.58580842246718
newsat-48,henrietta,60498,2026-09-11T03:22:15.151047,2026-09-11T03:27:52.446420,2026-09-11T03:33:25.994067,78.87972973353162
newsat-48,henrietta,60498,2026-09-11T13:52:05.983728,2026-09-11T13:56:57.369452,2026-09-11T14:01:52.502904,16.02203084609026
newsat-48,henrietta,60498,2026-09-11T15:24:50.330899,2026-09-11T15:29:57.644461,2026-09-11T15:35:10.579614,20.852996141560546
newsat-48,henrietta,60498,2026-09-12T02:54:42.349718,2026-09-12T03:00:11.212706,2026-09-12T03:05:36.327969,36.687585739438674
newsat-48,henrietta,60498,2026-09-12T14:56:40.899677,2026-09-12T15:02:11.636528,2026-09-12T15:07:49.868834,53.431634166318226
newsat-48,henrietta,60498,2026-09-13T02:27:30.153992,2026-09-13T02:32:22.476648,2026-09-13T02:37:12.925442,15.082411210298076
newsat-48,henrietta,60498,2026-09-13T04:00:22.003505,2026-09-13T04:05:30.253998,2026-09-13T04:10:36.630630,21.380154022667025
newsat-48,henrietta,60498,2026-09-13T14:29:01.284923,2026-09-13T14:34:31.084843,2026-09-13T14:40:07.443286,53.81921487811367
newsat-48,henrietta,60498,2026-09-14T03:32:21.356016,2026-09-14T03:37:55.840594,2026-09-14T03:43:25.640515,53.93388006967494
newsat-48,henrietta,60498,2026-09-14T14:01:49.612778,2026-09-14T14:06:55.989408,2026-09-14T14:12:06.113766,21.436209213786615
newsat-48,henrietta,60498,2026-09-14T15:35:12.635934,2026-09-14T15:40:03.084727,2026-09-14T15:44:59.155110,15.301429014630028
newsat-48,henrietta,60498,2026-09-15T03:04:38.758237,2026-09-15T03:10:13.242815,2026-09-15T03:15:43.979668,52.834183308674504
newsat-48,henrietta,60498,2026-09-15T15:06:47.187313,2026-09-15T15:12:12.302575,2026-09-15T15:17:43.976359,37.145073712273025
newsat-48,henrietta,60498,2026-09-16T02:37:14.637301,2026-09-16T02:42:23.824726,2026-09-16T02:47:30.201358,20.503047068883898
newsat-48,henrietta,60498,2026-09-16T04:10:31.777079,2026-09-16T04:15:24.099735,2026-09-16T04:20:14.548529,15.973870353575778
newsat-48,henrietta,60498,2026-09-16T14:38:53.683928,2026-09-16T14:44:26.294643,2026-09-16T14:50:06.400812,78.14737726021878
newsat-48,henrietta,60498,2026-09-17T03:42:20.396215,2026-09-17T03:47:48.322272,2026-09-17T03:53:12.500603,37.775379508975156
newsat-48,henrietta,60498,2026-09-17T14:11:29.060086,2026-09-17T14:16:45.742963,2026-09-17T14:22:08.047431,28.81966808495386
newsat-48,henrietta,60498,2026-09-17T15:45:30.504326,2026-09-17T15:50:00.340624,2026-09-17T15:54:34.861581,11.09143117927574
newsat-48,henrietta,60498,2026-09-18T03:14:27.747091,2026-09-18T03:20:05.042464,2026-09-18T03:25:38.590111,77.02072468256186
newsat-48,henrietta,60498,2026-09-18T13:44:36.126571,2026-09-18T13:49:10.647527,2026-09-18T13:53:48.916211,12.466013004166825
newsat-48,henrietta,60498,2026-09-18T15:16:48.356280,2026-09-18T15:22:04.102225,2026-09-18T15:27:27.343625,26.825740724414334
newsat-48,henrietta,60498,2026-09-19T02:46:52.637877,2026-09-19T02:52:14.942344,2026-09-19T02:57:32.562155,27.850297984079372
newsat-48,henrietta,60498,2026-09-19T04:20:35.067917,2026-09-19T04:25:07.715010,2026-09-19T04:29:39.425172,11.893307258178487
newsat-48,henrietta,60498,2026-09-19T14:48:40.709358,2026-09-19T14:54:13.320073,2026-09-19T14:59:52.489310,73.43913929579678
newsat-48,henrietta,60498,2026-09-20T02:19:42.818927,2026-09-20T02:24:17.339883,2026-09-20T02:28:49.986977,11.497949371269591
newsat-48,henrietta,60498,2026-09-20T03:52:12.016741,2026-09-20T03:57:30.573482,2026-09-20T04:02:47.256361,27.568755612329
newsat-48,henrietta,60498,2026-09-20T14:21:02.196879,2026-09-20T14:26:27.312141,2026-09-20T14:31:58.048994,39.55510437375223
newsat-48,henrietta,60498,2026-09-21T03:24:10.253205,2026-09-21T03:29:46.611646,2026-09-21T03:35:20.159293,74.64483684919655
newsat-48,henrietta,60498,2026-09-21T13:53:54.437802,2026-09-21T13:58:46.760458,2026-09-21T14:03:42.830841,16.604988407039563
newsat-48,henrietta,60498,2026-09-21T15:26:43.469631,2026-09-21T15:31:47.035467,2026-09-21T15:36:57.159825,19.849177838591867
newsat-48,henrietta,60498,2026-09-22T02:56:25.092643,2026-09-22T03:01:55.829494,2026-09-22T03:07:21.881688,38.46334743563557
newsat-48,henrietta,60498,2026-09-22T14:58:21.679179,2026-09-22T15:03:51.479099,2026-09-22T15:09:27.837542,50.818859055557475
newsat-48,henrietta,60498,2026-09-23T02:29:02.411551,2026-09-23T02:33:57.545002,2026-09-23T02:38:49.867659,15.664538559407275
newsat-48,henrietta,60498,2026-09-23T04:01:56.899629,2026-09-23T04:07:03.276259,2026-09-23T04:12:08.715959,20.691570565116482
newsat-48,henrietta,60498,2026-09-23T14:30:30.214998,2026-09-23T14:36:00.014918,2026-09-23T14:41:36.373361,55.91009211784922
newsat-48,henrietta,60498,2026-09-24T03:33:45.084743,2026-09-24T03:39:18.632390,2026-09-24T03:44:48.432311,52.02201380499723
newsat-48,henrietta,60498,2026-09-24T14:03:08.312388,2026-09-24T14:08:14.689018,2026-09-24T14:13:25.750307,21.89803280047005
newsat-48,henrietta,60498,2026-09-24T15:36:34.146339,2026-09-24T15:41:21.784337,2026-09-24T15:46:15.043926,14.781079369968811
newsat-48,henrietta,60498,2026-09-25T03:05:51.064668,2026-09-25T03:11:26.486178,2026-09-25T03:16:58.159962,54.533526605957256
newsat-48,henrietta,60498,2026-09-25T15:07:56.593390,2026-09-25T15:13:20.771720,2026-09-25T15:18:50.571641,36.087763326729636
newsat-48,henrietta,60498,2026-09-26T02:38:16.713267,2026-09-26T02:43:26.837623,2026-09-26T02:48:35.088118,20.94780568813165
newsat-48,henrietta,60498,2026-09-26T04:11:34.362846,2026-09-26T04:16:25.748570,2026-09-26T04:21:16.197364,15.715065427548765
newsat-48,henrietta,60498,2026-09-26T14:39:52.859539,2026-09-26T14:45:24.533322,2026-09-26T14:51:02.765628,79.6847904813983
newsat-48,henrietta,60498,2026-09-27T03:43:12.496613,2026-09-27T03:48:40.422670,2026-09-27T03:54:04.601001,37.25653236347743
newsat-48,henrietta,60498,2026-09-27T14:12:17.323197,2026-09-27T14:17:33.069142,2026-09-27T14:22:55.373610,29.0303500089112
newsat-48,henrietta,60498,2026-09-27T15:46:20.641300,2026-09-27T15:50:47.666803,2026-09-27T15:55:19.376965,10.870520613634216
newsat-48,henrietta,60498,2026-09-28T03:15:09.617022,2026-09-28T03:20:46.912395,2026-09-28T03:26:20.460042,77.83626240165454
newsat-48,henrietta,60498,2026-09-28T13:45:14.159215,2026-09-28T13:49:47.743240,2026-09-28T13:54:25.074992,12.460231995978116
newsat-48,henrietta,60498,2026-09-28T15:17:26.388924,2026-09-28T15:22:41.197938,2026-09-28T15:28:02.565475,26.539822101643598
newsat-48,henrietta,60498,2026-09-29T02:47:24.277342,2026-09-29T02:52:46.581809,2026-09-29T02:58:05.138551,28.005065565417716
newsat-48,henrietta,60498,2026-09-29T04:21:06.025351,2026-09-29T04:25:38.672444,2026-09-29T04:30:11.319538,11.895057786158683
newsat-48,henrietta,60498,2026-09-29T14:49:08.766439,2026-09-29T14:54:39.503290,2026-09-29T15:00:18.672527,73.2992728084642
newsat-48,henrietta,60498,2026-09-30T02:20:03.973026,2026-09-30T02:24:39.430914,2026-09-30T02:29:12.078008,11.514853845263243
newsat-48,henrietta,60498,2026-09-30T03:52:32.488810,2026-09-30T03:57:51.982482,2026-09-30T04:03:08.665361,27.697334780970028
newsat-48,henrietta,60498,2026-09-30T14:21:19.768594,2026-09-30T14:26:43.946924,2026-09-30T14:32:13.746845,39.21292056749307
newsat-48,henrietta,60498,2026-10-01T03:24:20.494807,2026-10-01T03:29:57.790180,2026-10-01T03:35:31.337827,75.39690956888404
newsat-48,henrietta,60498,2026-10-01T13:54:02.715982,2026-10-01T13:58:53.164775,2026-10-01T14:03:48.298227,16.3589390892849
newsat-48,henrietta,60498,2026-10-01T15:26:49.191917,2026-10-01T15:31:52.757753,2026-10-01T15:37:02.882111,19.95734020340051
newsat-48,henrietta,60498,2026-10-02T02:56:26.295611,2026-10-02T03:01:56.095531,2026-10-02T03:07:23.084657,37.974578991316655
newsat-48,henrietta,60498,2026-10-02T14:58:17.425900,2026-10-02T15:03:46.288888,2026-10-02T15:09:22.647331,51.69089644164953
newsat-48,henrietta,60498,2026-10-03T02:28:52.447121,2026-10-03T02:33:47.580572,2026-10-03T02:38:39.903229,15.431084598898623
newsat-48,henrietta,60498,2026-10-03T04:01:45.061336,2026-10-03T04:06:53.311829,2026-10-03T04:11:59.688461,21.125974371927523
newsat-48,henrietta,60498,2026-10-03T14:30:17.350213,2026-10-03T14:35:45.276270,2026-10-03T14:41:20.697781,54.367031065849005
newsat-48,henrietta,60498,2026-10-04T03:33:23.952915,2026-10-04T03:38:58.437493,2026-10-04T03:44:29.174346,53.64667156074293
newsat-48,henrietta,60498,2026-10-04T14:02:46.154067,2026-10-04T14:07:49.719903,2026-10-04T14:12:58.907329,21.260896080147607
newsat-48,henrietta,60498,2026-10-04T15:36:07.813162,2026-10-04T15:40:55.451160,2026-10-04T15:45:49.647680,15.11221709853703
newsat-48,henrietta,60498,2026-10-05T03:05:19.957273,2026-10-05T03:10:55.378783,2026-10-05T03:16:27.052567,52.6630391304856
newsat-48,henrietta,60498,2026-10-05T15:07:20.966679,2026-10-05T15:12:44.208077,2026-10-05T15:18:14.944930,37.306202942494146
newsat-48,henrietta,60498,2026-10-06T02:37:36.312336,2026-10-06T02:42:45.499761,2026-10-06T02:47:52.813324,20.303309590563813
newsat-48,henrietta,60498,2026-10-06T04:10:50.896220,2026-10-06T04:15:45.092739,2026-10-06T04:20:38.352328,16.30867501490678
newsat-48,henrietta,60498,2026-10-06T14:39:07.002359,2026-10-06T14:44:37.739210,2026-10-06T14:50:15.971516,76.14141968623665
newsat-48,henrietta,60498,2026-10-07T03:42:19.991353,2026-10-07T03:47:48.854341,2026-10-07T03:53:14.906535,39.04646237851974
newsat-48,henrietta,60498,2026-10-07T14:11:23.536545,2026-10-07T14:16:37.408627,2026-10-07T14:21:56.902301,27.712619287358287
newsat-48,henrietta,60498,2026-10-07T15:45:20.378798,2026-10-07T15:49:49.278164,2026-10-07T15:54:24.736053,11.344543829199202
newsat-48,henrietta,60498,2026-10-08T03:14:06.881296,2026-10-08T03:19:45.113600,2026-10-08T03:25:19.598179,73.72055486728907
newsat-48,henrietta,60498,2026-10-08T13:44:12.015961,2026-10-08T13:48:41.852259,2026-10-08T13:53:15.436284,11.817297030100471
newsat-48,henrietta,60498,2026-10-08T15:16:17.514918,2026-10-08T15:21:33.260863,2026-10-08T15:26:56.502263,27.82825005192222
newsat-48,henrietta,60498,2026-10-09T02:46:13.439913,2026-10-09T02:51:33.870517,2026-10-09T02:56:51.490328,26.642363555180964
newsat-48,henrietta,60498,2026-10-09T04:19:49.311432,2026-10-09T04:24:26.643183,2026-10-09T04:29:03.038004,12.580363497455336
newsat-48,henrietta,60498,2026-10-09T14:47:51.280929,2026-10-09T14:53:22.017780,2026-10-09T14:59:00.250086,78.2251735004076
newsat-48,henrietta,60498,2026-10-10T02:18:45.033893,2026-10-10T02:23:15.807122,2026-10-10T02:27:45.643421,10.870719791675654
newsat-48,henrietta,60498,2026-10-10T03:51:07.673186,2026-10-10T03:56:29.040721,2026-10-10T04:01:48.534395,29.41201370294863
newsat-48,henrietta,60498,2026-10-10T14:19:54.863409,2026-10-10T14:25:16.230944,2026-10-10T14:30:44.157002,36.63982037954321
newsat-48,henrietta,60498,2026-10-11T03:22:46.385646,2026-10-11T03:28:24.617950,2026-10-11T03:33:59.102529,81.15124115233775
newsat-48,henrietta,60498,2026-10-11T13:52:29.199294,2026-10-11T13:57:15.900360,2026-10-11T14:02:06.349154,15.332339313408292
newsat-48,henrietta,60498,2026-10-11T15:25:08.007545,2026-10-11T15:30:13.447244,2026-10-11T15:35:25.445465,21.23910366881797
newsat-48,henrietta,60498,2026-10-12T02:54:43.147817,2026-10-12T03:00:12.010805,2026-10-12T03:05:38.062999,35.299552754622454
newsat-48,henrietta,60498,2026-10-12T14:56:27.884923,2026-10-12T15:01:56.747911,2026-10-12T15:07:33.106354,56.365986694183064
newsat-48,henrietta,60498,2026-10-13T02:27:01.879655,2026-10-13T02:31:53.265379,2026-10-13T02:36:41.840310,14.385505607968224
newsat-48,henrietta,60498,2026-10-13T03:59:47.680448,2026-10-13T04:04:59.678667,2026-10-13T04:10:09.803025,22.728469332889915
newsat-48,henrietta,60498,2026-10-13T14:28:19.197734,2026-10-13T14:33:46.186859,2026-10-13T14:39:19.734506,49.52038713772659
newsat-48,henrietta,60498,2026-10-14T03:31:17.533394,2026-10-14T03:36:53.891835,2026-10-14T03:42:26.502551,59.14149019077586
newsat-48,henrietta,60498,2026-10-14T14:00:40.581920,2026-10-14T14:05:40.400029,2026-10-14T14:10:45.839729,19.640197337348827
newsat-48,henrietta,60498,2026-10-14T15:33:51.762537,2026-10-14T15:38:44.085193,2026-10-14T15:43:42.966372,16.37449671246661
newsat-48,henrietta,60498,2026-10-15T03:03:05.181151,2026-10-15T03:08:40.602661,2026-10-15T03:14:11.339514,47.63064223406995
newsat-48,henrietta,60498,2026-10-15T15:04:58.178413,2026-10-15T15:10:23.293675,2026-10-15T15:15:55.904391,41.181247493649224
newsat-48,henrietta,60498,2026-10-16T02:35:13.434512,2026-10-16T02:40:19.811142,2026-10-16T02:45:22.440047,18.64044512951003
newsat-48,henrietta,60498,2026-10-16T04:08:21.204974,2026-10-16T04:13:20.086151,2026-10-16T04:18:18.967330,17.81197019201368
newsat-48,henrietta,60498,2026-10-16T14:36:37.476453,2026-10-16T14:42:07.276373,2026-10-16T14:47:44.571747,67.9997693253309
newsat-48,henrietta,60498,2026-10-17T03:39:41.006570,2026-10-17T03:45:13.617285,2026-10-17T03:50:42.480275,43.555821924479766
newsat-48,henrietta,60498,2026-10-17T14:08:46.590966,2026-10-17T14:13:56.715322,2026-10-17T14:19:13.398201,25.12378927827568
newsat-48,henrietta,60498,2026-10-17T15:42:30.143947,2026-10-17T15:47:06.538766,2026-10-17T15:51:48.555176,12.593468032365754
newsat-48,henrietta,60498,2026-10-18T03:11:20.731743,2026-10-18T03:16:58.964047,2026-10-18T03:22:32.511694,65.20150016108884
newsat-48,henrietta,60498,2026-10-18T13:41:30.888639,2026-10-18T13:45:52.292552,2026-10-18T13:50:17.444193,10.613878192967722
newsat-48,henrietta,60498,2026-10-18T15:13:21.734260,2026-10-18T15:18:40.291001,2026-10-18T15:24:06.343195,31.024972318583472
newsat-48,henrietta,60498,2026-10-19T02:43:19.188658,2026-10-19T02:48:36.808467,2026-10-19T02:53:50.680552,23.984600927612902
newsat-48,henrietta,60498,2026-10-19T04:16:46.117993,2026-10-19T04:21:30.945196,2026-10-19T04:26:14.835470,14.007728454246339
newsat-48,henrietta,60498,2026-10-19T14:44:48.762632,2026-10-19T14:50:19.499483,2026-10-19T14:55:57.731789,88.56225180181389
newsat-48,henrietta,60498,2026-10-20T03:47:57.314978,2026-10-20T03:53:22.430240,2026-10-20T03:58:45.671640,33.063842297495654
newsat-48,henrietta,60498,2026-10-20T14:16:45.607475,2026-10-20T14:22:04.164216,2026-10-20T14:27:29.279479,32.402241002878014
newsat-48,henrietta,60498,2026-10-21T03:19:27.925739,2026-10-21T03:25:07.094975,2026-10-21T03:30:41.579554,87.62736350341802
newsat-48,henrietta,60498,2026-10-21T13:49:15.079585,2026-10-21T13:53:54.285199,2026-10-21T13:58:38.175473,13.658525432141616
newsat-48,henrietta,60498,2026-10-21T15:21:38.297572,2026-10-21T15:26:48.421928,2026-10-21T15:32:06.041739,23.96584080189116
newsat-48,henrietta,60498,2026-10-22T02:51:16.586206,2026-10-22T02:56:43.575331,2026-10-22T03:02:05.879799,30.97568962565106
newsat-48,henrietta,60498,2026-10-22T04:25:03.611345,2026-10-22T04:29:31.573780,2026-10-22T04:33:58.599284,10.940206287037071
newsat-48,henrietta,60498,2026-10-22T14:52:52.374240,2026-10-22T14:58:22.174160,2026-10-22T15:04:00.406466,66.0005792132882
newsat-48,henrietta,60498,2026-10-23T02:23:30.536940,2026-10-23T02:28:12.553348,2026-10-23T02:32:52.695895,12.628245368043917
newsat-48,henrietta,60498,2026-10-23T03:56:04.756983,2026-10-23T04:01:22.376792,2026-10-23T04:06:37.185808,25.776051388564497
newsat-48,henrietta,60498,2026-10-23T14:24:37.886344,2026-10-23T14:30:02.064674,2026-10-23T14:35:33.738458,42.45874436072308
newsat-48,henrietta,60498,2026-10-24T03:27:26.763126,2026-10-24T03:33:04.995430,2026-10-24T03:38:39.480009,69.71638394965477
newsat-48,henrietta,60498,2026-10-24T13:56:55.088780,2026-10-24T14:01:47.411436,2026-10-24T14:06:46.292615,17.27478015720201
newsat-48,henrietta,60498,2026-10-24T15:29:48.123237,2026-10-24T15:34:47.004414,2026-10-24T15:39:54.317977,18.786120867959212
newsat-48,henrietta,60498,2026-10-25T02:59:07.501011,2026-10-25T03:04:40.111726,2026-10-25T03:10:08.974716,40.494958503971624
newsat-48,henrietta,60498,2026-10-25T15:00:49.675336,2026-10-25T15:06:16.664461,2026-10-25T15:11:52.085972,48.81932259434945
newsat-48,henrietta,60498,2026-10-26T02:31:09.526534,2026-10-26T02:36:08.407711,2026-10-26T02:41:03.541163,16.169290824723177
newsat-48,henrietta,60498,2026-10-26T04:04:04.097282,2026-10-26T04:09:11.410844,2026-10-26T04:14:16.850544,20.4446211633859
newsat-48,henrietta,60498,2026-10-26T14:32:23.172669,2026-10-26T14:37:51.098726,2026-10-26T14:43:27.457169,56.635920163851026
newsat-48,henrietta,60498,2026-10-27T03:35:17.925943,2026-10-27T03:40:53.347453,2026-10-27T03:46:24.084306,51.99732381744586
newsat-48,henrietta,60498,2026-10-27T14:04:28.105435,2026-10-27T14:09:31.671271,2026-10-27T14:14:42.732560,21.696780857582823
newsat-48,henrietta,60498,2026-10-27T15:37:50.701462,2026-10-27T15:42:37.402528,2026-10-27T15:47:30.662117,14.793535897521664
newsat-48,henrietta,60498,2026-10-28T03:06:49.804312,2026-10-28T03:12:27.099685,2026-10-28T03:17:59.710401,53.775679272413434
newsat-48,henrietta,60498,2026-10-28T15:08:39.301858,2026-10-28T15:14:01.606325,2026-10-28T15:19:32.343178,36.97781451898209
newsat-48,henrietta,60498,2026-10-29T02:38:42.288286,2026-10-29T02:43:53.349574,2026-10-29T02:49:00.663137,20.438251849094208
newsat-48,henrietta,60498,2026-10-29T04:11:55.763007,2026-10-29T04:16:50.896458,2026-10-29T04:21:44.156047,16.353612648791483
newsat-48,henrietta,60498,2026-10-29T14:40:01.466450,2026-10-29T14:45:31.266370,2026-10-29T14:51:10.435607,75.73956261058827
newsat-48,henrietta,60498,2026-10-30T03:43:00.732153,2026-10-30T03:48:31.469004,2026-10-30T03:53:58.458130,39.59335443861802
newsat-48,henrietta,60498,2026-10-30T14:11:54.129548,2026-10-30T14:17:07.064699,2026-10-30T14:22:27.495304,27.285054579585108
newsat-48,henrietta,60498,2026-10-30T15:45:46.796945,2026-10-30T15:50:17.570174,2026-10-30T15:54:54.901926,11.585266276417501
newsat-48,henrietta,60498,2026-10-31T03:14:24.687940,2026-10-31T03:20:03.857176,2026-10-31T03:25:38.341755,71.7528166144526
newsat-48,henrietta,60498,2026-10-31T13:44:21.038872,2026-10-31T13:48:49.001307,2026-10-31T13:53:20.711469,11.507890086482773
newsat-48,henrietta,60498,2026-10-31T15:16:20.998910,2026-10-31T15:21:37.681787,2026-10-31T15:27:01.860118,28.763270814860064
newsat-48,henrietta,60498,2026-11-01T02:46:08.312401,2026-11-01T02:51:28.743005,2026-11-01T02:56:45.425884,25.754729049876563
newsat-48,henrietta,60498,2026-11-01T04:19:40.009064,2026-11-01T04:24:20.151609,2026-11-01T04:29:00.294156,13.084652546542065
newsat-48,henrietta,60498,2026-11-01T14:47:31.830765,2026-11-01T14:53:02.567616,2026-11-01T14:58:42.673785,82.2323422314593
newsat-48,henrietta,60498,2026-11-02T02:18:18.164058,2026-11-02T02:22:46.126493,2026-11-02T02:27:12.215065,10.329138201948847
newsat-48,henrietta,60498,2026-11-02T03:50:35.181762,2026-11-02T03:55:59.360092,2026-11-02T04:01:19.790697,30.95908195303122
newsat-48,henrietta,60498,2026-11-02T14:19:13.161122,2026-11-02T14:24:33.591726,2026-11-02T14:30:01.517784,34.59757968774994
newsat-48,henrietta,60498,2026-11-03T03:21:51.214968,2026-11-03T03:27:30.384204,2026-11-03T03:33:04.868783,86.8318348090738
newsat-48,henrietta,60498,2026-11-03T13:51:27.118744,2026-11-03T13:56:10.072084,2026-11-03T14:00:57.710084,14.433472216271412
newsat-48,henrietta,60498,2026-11-03T15:23:55.958320,2026-11-03T15:29:04.208813,2026-11-03T15:34:20.891692,22.81506420830963
newsat-48,henrietta,60498,2026-11-04T02:53:25.979912,2026-11-04T02:58:53.905969,2026-11-04T03:04:17.147369,32.60730070260391
newsat-48,henrietta,60498,2026-11-04T04:27:15.643616,2026-11-04T04:31:39.858324,2026-11-04T04:36:03.136102,10.386269487222433
newsat-48,henrietta,60498,2026-11-04T14:54:54.520505,2026-11-04T15:00:24.320425,2026-11-04T15:06:03.489662,62.461687761026816
newsat-48,henrietta,60498,2026-11-05T02:25:24.161262,2026-11-05T02:30:09.925396,2026-11-05T02:34:51.941806,13.167443611227656
newsat-48,henrietta,60498,2026-11-05T03:58:01.274770,2026-11-05T04:03:17.020715,2026-11-05T04:08:30.892800,24.7232228005749
newsat-48,henrietta,60498,2026-11-05T14:26:25.455056,2026-11-05T14:31:50.570318,2026-11-05T14:37:24.117965,44.45780951816492
newsat-48,henrietta,60498,2026-11-06T03:29:09.130491,2026-11-06T03:34:47.362795,2026-11-06T03:40:19.973511,66.8160614249165
newsat-48,henrietta,60498,2026-11-06T13:58:27.143008,2026-11-06T14:03:22.276459,2026-11-06T14:08:23.968432,17.861874718031075
newsat-48,henrietta,60498,2026-11-06T15:31:22.988260,2026-11-06T15:36:21.869437,2026-11-06T15:41:28.246069,18.30380268043154
newsat-48,henrietta,60498,2026-11-07T03:00:36.227755,2026-11-07T03:06:08.838470,2026-11-07T03:11:37.701460,41.72491516995668
newsat-48,henrietta,60498,2026-11-07T15:02:10.217707,2026-11-07T15:07:37.206832,2026-11-07T15:13:13.565275,47.566901527709945
newsat-48,henrietta,60498,2026-11-08T02:32:24.612656,2026-11-08T02:37:23.493833,2026-11-08T02:42:19.564216,16.447646379428498
newsat-48,henrietta,60498,2026-11-08T04:05:19.693205,2026-11-08T04:10:25.132904,2026-11-08T04:15:29.635672,20.018047613766946
newsat-48,henrietta,60498,2026-11-08T14:33:29.819519,2026-11-08T14:38:58.682507,2026-11-08T14:44:35.977881,57.87730100362254
newsat-48,henrietta,60498,2026-11-09T03:36:18.689412,2026-11-09T03:41:54.110922,2026-11-09T03:47:23.910843,51.13920303501633
newsat-48,henrietta,60498,2026-11-09T14:05:20.174731,2026-11-09T14:10:25.614430,2026-11-09T14:15:37.612651,21.976290132904968
newsat-48,henrietta,60498,2026-11-09T15:38:43.280559,2026-11-09T15:43:29.981625,2026-11-09T15:48:24.178145,14.737779512592128
newsat-48,henrietta,60498,2026-11-10T03:07:37.864093,2026-11-10T03:13:14.222534,2026-11-10T03:18:45.896318,54.05764913688219
newsat-48,henrietta,60498,2026-11-10T15:09:17.985434,2026-11-10T15:14:41.226832,2026-11-10T15:20:12.900616,37.028854227049244
newsat-48,henrietta,60498,2026-11-11T02:39:16.707445,2026-11-11T02:44:26.831801,2026-11-11T02:49:33.208433,20.328689453302587
newsat-48,henrietta,60498,2026-11-11T04:12:28.563203,2026-11-11T04:17:23.696654,2026-11-11T04:22:16.019311,16.322815681337083
newsat-48,henrietta,60498,2026-11-11T14:40:26.509404,2026-11-11T14:45:57.246255,2026-11-11T14:51:37.352424,75.28835100119355
newsat-48,henrietta,60498,2026-11-12T03:43:19.891726,2026-11-12T03:48:50.628577,2026-11-12T03:54:16.680771,39.894711545969685
newsat-48,henrietta,60498,2026-11-12T14:12:06.213910,2026-11-12T14:17:20.085992,2026-11-12T14:22:40.516597,27.045330406228477
newsat-48,henrietta,60498,2026-11-12T15:45:56.580311,2026-11-12T15:50:29.227404,2026-11-12T15:55:08.433019,11.820999579341704
newsat-48,henrietta,60498,2026-11-13T03:14:31.143822,2026-11-13T03:20:09.376126,2026-11-13T03:25:41.986842,70.2668829495696
newsat-48,henrietta,60498,2026-11-13T13:44:20.419542,2026-11-13T13:48:48.381977,2026-11-13T13:53:20.092139,11.344485897285901
newsat-48,henrietta,60498,2026-11-13T15:16:17.141653,2026-11-13T15:21:35.698394,2026-11-13T15:27:01.750588,29.48767946017826
newsat-48,henrietta,60498,2026-11-14T02:46:01.127660,2026-11-14T02:51:20.621332,2026-11-14T02:56:34.493417,25.042785911227725
newsat-48,henrietta,60498,2026-11-14T04:19:30.268428,2026-11-14T04:24:11.347905,2026-11-14T04:28:51.490452,13.320895658485322
newsat-48,henrietta,60498,2026-11-14T14:47:15.269818,2026-11-14T14:52:46.943601,2026-11-14T14:58:27.049770,84.81872944365475
newsat-48,henrietta,60498,2026-11-15T03:50:12.737436,2026-11-15T03:55:36.915766,2026-11-15T04:00:57.346371,31.84392258628488
newsat-48,henrietta,60498,2026-11-15T14:18:44.578517,2026-11-15T14:24:05.009121,2026-11-15T14:29:31.998247,33.46151223922207
newsat-48,henrietta,60498,2026-11-16T03:21:16.066952,2026-11-16T03:26:54.299256,2026-11-16T03:32:27.846903,88.97575987293436
newsat-48,henrietta,60498,2026-11-16T13:50:47.451411,2026-11-16T13:55:28.530888,2026-11-16T14:00:14.295025,13.934787378568299
newsat-48,henrietta,60498,2026-11-16T15:23:09.560235,2026-11-16T15:28:20.621523,2026-11-16T15:33:39.178265,23.89399703670938
newsat-48,henrietta,60498,2026-11-17T02:52:38.383105,2026-11-17T02:58:03.498367,2026-11-17T03:03:24.865904,30.925882354438667
newsat-48,henrietta,60498,2026-11-17T04:26:23.107250,2026-11-17T04:30:50.132753,2026-11-17T04:35:15.284394,10.815747876348741
newsat-48,henrietta,60498,2026-11-17T14:53:56.100759,2026-11-17T14:59:27.774542,2026-11-17T15:05:06.943779,66.5103737044413
newsat-48,henrietta,60498,2026-11-18T02:24:24.797694,2026-11-18T02:29:05.877171,2026-11-18T02:33:43.208923,12.365827747723994
newsat-48,henrietta,60498,2026-11-18T03:56:56.034712,2026-11-18T04:02:13.654521,2026-11-18T04:07:27.526606,25.90390303334883
newsat-48,henrietta,60498,2026-11-18T14:25:15.268551,2026-11-18T14:30:40.383813,2026-11-18T14:36:12.994529,41.78077263900289
newsat-48,henrietta,60498,2026-11-19T03:27:52.378575,2026-11-19T03:33:29.673948,2026-11-19T03:39:01.347732,71.80803714644148
newsat-48,henrietta,60498,2026-11-19T13:57:05.871775,2026-11-19T14:01:59.131362,2026-11-19T14:06:57.075609,16.892690406758426
newsat-48,henrietta,60498,2026-11-19T15:29:53.367311,2026-11-19T15:34:55.996215,2026-11-19T15:40:06.120573,19.579272700700205
newsat-48,henrietta,60498,2026-11-20T02:59:06.090116,2026-11-20T03:04:36.826967,2026-11-20T03:10:02.879161,38.46506750556202
newsat-48,henrietta,60498,2026-11-20T15:00:29.512029,2026-11-20T15:05:58.375017,2026-11-20T15:11:36.607323,51.95717471957774
newsat-48,henrietta,60498,2026-11-21T02:30:43.900089,2026-11-21T02:35:37.159676,2026-11-21T02:40:26.671539,15.147668925141383
newsat-48,henrietta,60498,2026-11-21T04:03:31.912316,2026-11-21T04:08:40.162809,2026-11-21T04:13:45.602509,21.35617248803479
newsat-48,henrietta,60498,2026-11-21T14:31:38.029112,2026-11-21T14:37:06.892100,2026-11-21T14:42:43.250543,52.695740755667465
newsat-48,henrietta,60498,2026-11-22T03:34:19.651565,2026-11-22T03:39:54.136143,2026-11-22T03:45:23.936064,56.32158876010147
newsat-48,henrietta,60498,2026-11-22T14:03:18.236530,2026-11-22T14:08:20.865434,2026-11-22T14:13:29.115929,20.330222417135204
newsat-48,henrietta,60498,2026-11-22T15:36:29.244918,2026-11-22T15:41:22.504505,2026-11-22T15:46:22.322615,16.13221256941458
newsat-48,henrietta,60498,2026-11-23T03:05:26.122555,2026-11-23T03:11:00.607133,2026-11-23T03:16:29.470123,48.29921394669374
newsat-48,henrietta,60498,2026-11-23T15:06:54.056894,2026-11-23T15:12:20.109088,2026-11-23T15:17:54.593667,41.24421033080829
newsat-48,henrietta,60498,2026-11-24T02:36:54.390982,2026-11-24T02:41:58.893749,2026-11-24T02:46:58.711859,18.340172057344724
newsat-48,henrietta,60498,2026-11-24T04:09:58.496387,2026-11-24T04:14:56.440633,2026-11-24T04:19:53.447948,17.753765778699538
newsat-48,henrietta,60498,2026-11-24T14:37:53.115105,2026-11-24T14:43:23.851956,2026-11-24T14:49:03.021193,66.72329766425877
newsat-48,henrietta,60498,2026-11-25T03:40:38.313054,2026-11-25T03:46:09.049905,2026-11-25T03:51:36.039031,44.72231848544419
newsat-48,henrietta,60498,2026-11-25T14:09:22.926715,2026-11-25T14:14:33.051071,2026-11-25T14:19:49.733950,24.401073269755525
newsat-48,henrietta,60498,2026-11-25T15:42:57.702851,2026-11-25T15:47:38.782328,2026-11-25T15:52:26.420328,13.293877480130885
newsat-48,henrietta,60498,2026-11-26T03:11:37.116360,2026-11-26T03:17:13.474801,2026-11-26T03:22:44.211654,61.033896169406084
newsat-48,henrietta,60498,2026-11-26T13:41:29.795345,2026-11-26T13:45:48.388464,2026-11-26T13:50:11.666242,10.095731887272889
newsat-48,henrietta,60498,2026-11-26T15:13:10.927191,2026-11-26T15:18:32.294726,2026-11-26T15:24:02.094647,33.392659436269184
newsat-48,henrietta,60498,2026-11-27T02:42:56.780170,2026-11-27T02:48:09.715321,2026-11-27T02:53:17.965816,22.072677454380432
newsat-48,henrietta,60498,2026-11-27T04:16:15.532021,2026-11-27T04:21:03.170019,2026-11-27T04:25:48.934156,14.816256744584237
newsat-48,henrietta,60498,2026-11-27T14:43:59.589588,2026-11-27T14:49:31.263371,2026-11-27T14:55:11.369540,83.37736035677845
newsat-48,henrietta,60498,2026-11-28T03:46:47.681003,2026-11-28T03:52:13.733197,2026-11-28T03:57:36.037665,36.21034192782222
newsat-48,henrietta,60498,2026-11-28T14:15:19.687426,2026-11-28T14:20:36.370303,2026-11-28T14:25:59.611703,29.320572777921925
newsat-48,henrietta,60498,2026-11-28T15:49:18.231312,2026-11-28T15:53:46.193747,2026-11-28T15:58:19.777772,10.898923616831123
newsat-48,henrietta,60498,2026-11-29T03:17:39.498660,2026-11-29T03:23:16.794033,2026-11-29T03:28:48.467817,76.68583873965777
newsat-48,henrietta,60498,2026-11-29T13:47:14.286388,2026-11-29T13:51:46.933481,2026-11-29T13:56:24.265233,12.204698700991155
newsat-48,henrietta,60498,2026-11-29T15:19:18.249053,2026-11-29T15:24:34.931930,2026-11-29T15:29:59.110261,27.500348410275777
newsat-48,henrietta,60498,2026-11-30T02:48:51.239890,2026-11-30T02:54:11.670494,2026-11-30T02:59:26.479510,26.527671297248506
newsat-48,henrietta,60498,2026-11-30T04:22:25.147987,2026-11-30T04:26:59.668943,2026-11-30T04:31:34.189900,12.361484344521546
newsat-48,henrietta,60498,2026-11-30T14:49:57.197676,2026-11-30T14:55:29.808391,2026-11-30T15:01:09.914560,79.2276082084153
newsat-48,henrietta,60498,2026-12-01T02:20:31.337082,2026-12-01T02:24:58.362585,2026-12-01T02:29:22.577294,10.406344064554776
newsat-48,henrietta,60498,2026-12-01T03:52:48.437456,2026-12-01T03:58:08.868060,2026-12-01T04:03:25.550939,29.866141515499233
newsat-48,henrietta,60498,2026-12-01T14:21:07.836637,2026-12-01T14:26:30.141104,2026-12-01T14:31:59.004094,35.3802329932964
newsat-48,henrietta,60498,2026-12-02T03:23:32.587431,2026-12-02T03:29:09.882804,2026-12-02T03:34:41.556588,86.08280290920212
newsat-48,henrietta,60498,2026-12-02T13:52:52.039792,2026-12-02T13:57:35.930063,2026-12-02T14:02:24.504994,14.533021012775126
newsat-48,henrietta,60498,2026-12-02T15:25:18.578373,2026-12-02T15:30:28.702729,2026-12-02T15:35:45.385608,22.93887349700915
newsat-48,henrietta,60498,2026-12-03T02:54:37.597909,2026-12-03T03:00:02.713171,2026-12-03T03:05:23.143776,31.94843861012923
newsat-48,henrietta,60498,2026-12-03T04:28:25.215520,2026-12-03T04:32:46.619433,2026-12-03T04:37:07.086416,10.2692061169585
newsat-48,henrietta,60498,2026-12-03T14:55:47.386090,2026-12-03T15:01:18.122941,2026-12-03T15:06:57.292178,63.834925399192606
newsat-48,henrietta,60498,2026-12-04T02:26:07.216621,2026-12-04T02:30:47.359166,2026-12-04T02:35:24.690918,12.591050097616135
newsat-48,henrietta,60498,2026-12-04T03:58:39.900372,2026-12-04T04:03:53.772454,2026-12-04T04:09:04.833743,25.000584098211647
newsat-48,henrietta,60498,2026-12-04T14:26:48.311271,2026-12-04T14:32:14.363465,2026-12-04T14:37:46.974181,42.95951461382348
newsat-48,henrietta,60498,2026-12-05T03:29:17.319593,2026-12-05T03:34:52.741103,2026-12-05T03:40:23.477956,70.01448834897127
newsat-48,henrietta,60498,2026-12-05T13:58:21.863719,2026-12-05T14:03:16.060238,2026-12-05T14:08:14.941417,17.1329586566051
newsat-48,henrietta,60498,2026-12-05T15:31:09.614156,2026-12-05T15:36:12.243060,2026-12-05T15:41:21.430486,19.297149017974384
newsat-48,henrietta,60498,2026-12-06T03:00:14.662389,2026-12-06T03:05:43.525377,2026-12-06T03:11:07.703708,38.6610320619969
newsat-48,henrietta,60498,2026-12-06T15:01:27.771165,2026-12-06T15:06:57.571085,2026-12-06T15:12:34.866459,51.572761352024834
newsat-48,henrietta,60498,2026-12-07T02:31:35.421586,2026-12-07T02:36:26.807310,2026-12-07T02:41:15.382241,15.006052337763967
newsat-48,henrietta,60498,2026-12-07T04:04:22.069751,2026-12-07T04:09:28.446381,2026-12-07T04:14:32.949149,21.159187318879518
newsat-48,henrietta,60498,2026-12-07T14:32:20.174405,2026-12-07T14:37:49.037393,2026-12-07T14:43:24.458904,52.48310779143562
newsat-48,henrietta,60498,2026-12-08T03:34:52.503322,2026-12-08T03:40:26.050969,2026-12-08T03:45:53.977027,56.705426774493574
newsat-48,henrietta,60498,2026-12-08T14:03:44.267978,2026-12-08T14:08:45.959950,2026-12-08T14:13:53.273513,20.070139702442567
newsat-48,henrietta,60498,2026-12-08T15:36:52.975372,2026-12-08T15:41:46.234959,2026-12-08T15:46:46.053069,16.311600664294573
newsat-48,henrietta,60498,2026-12-09T03:05:43.115370,2026-12-09T03:11:14.789153,2026-12-09T03:16:41.778279,47.06334333077246
newsat-48,henrietta,60498,2026-12-09T15:07:00.481673,2026-12-09T15:12:27.470798,2026-12-09T15:18:01.018445,42.230454774569196
newsat-48,henrietta,60498,2026-12-10T02:36:55.269952,2026-12-10T02:41:56.024992,2026-12-10T02:46:53.032307,17.706746943315967
newsat-48,henrietta,60498,2026-12-10T04:09:55.627630,2026-12-10T04:14:53.571876,2026-12-10T04:19:49.642259,18.046323921444227
newsat-48,henrietta,60498,2026-12-10T14:37:43.426036,2026-12-10T14:43:14.162887,2026-12-10T14:48:51.458261,64.2433026409734
newsat-48,henrietta,60498,2026-12-11T03:40:18.393519,2026-12-11T03:45:49.130370,2026-12-11T03:51:15.182564,46.42456976955775
newsat-48,henrietta,60498,2026-12-11T14:08:57.805832,2026-12-11T14:14:06.993257,2026-12-11T14:19:20.865342,23.43219312157418
newsat-48,henrietta,60498,2026-12-11T15:42:26.788150,2026-12-11T15:47:10.678421,2026-12-11T15:51:59.253352,13.807711974203349
newsat-48,henrietta,60498,2026-12-12T03:11:02.274811,2026-12-12T03:16:35.822458,2026-12-12T03:22:04.685448,57.5174137889404
newsat-48,henrietta,60498,2026-12-12T15:12:23.898645,2026-12-12T15:17:47.140043,2026-12-12T15:23:16.939964,35.13390159648886
newsat-48,henrietta,60498,2026-12-13T02:42:05.824777,2026-12-13T02:47:15.012202,2026-12-13T02:52:19.514970,20.764037758537846
newsat-48,henrietta,60498,2026-12-13T04:15:19.891970,2026-12-13T04:20:08.466900,2026-12-13T04:24:56.104900,15.46539262094136
newsat-48,henrietta,60498,2026-12-13T14:42:58.066159,2026-12-13T14:48:29.739942,2026-12-13T14:54:07.972248,78.0138914918665
newsat-48,henrietta,60498,2026-12-14T03:45:34.990176,2026-12-14T03:51:01.979301,2026-12-14T03:56:24.283769,38.62576784565909
newsat-48,henrietta,60498,2026-12-14T14:14:03.924013,2026-12-14T14:19:17.796095,2026-12-14T14:24:38.226700,27.328791413491555
newsat-48,henrietta,60498,2026-12-14T15:47:53.181253,2026-12-14T15:52:24.891414,2026-12-14T15:57:02.223166,11.667266113312158
newsat-48,henrietta,60498,2026-12-15T03:16:12.140718,2026-12-15T03:21:46.625296,2026-12-15T03:27:17.362149,70.08632097853751
newsat-48,henrietta,60498,2026-12-15T13:45:45.901955,2026-12-15T13:50:11.990527,2026-12-15T13:54:42.763758,11.231866195676474
newsat-48,henrietta,60498,2026-12-15T15:17:38.704110,2026-12-15T15:22:57.260851,2026-12-15T15:28:22.376114,29.654738763416468
newsat-48,henrietta,60498,2026-12-16T02:47:08.959935,2026-12-16T02:52:23.768949,2026-12-16T02:57:34.830238,24.267872601476736
newsat-48,henrietta,60498,2026-12-16T04:20:34.607877,2026-12-16T04:25:13.813491,2026-12-16T04:29:51.145243,13.284877620827503
newsat-48,henrietta,60498,2026-12-16T14:48:04.094781,2026-12-16T14:53:35.768564,2026-12-16T14:59:14.937801,87.20501169002569
newsat-48,henrietta,60498,2026-12-17T03:50:42.293301,2026-12-17T03:56:04.597768,2026-12-17T04:01:23.154510,32.65288789292112
newsat-48,henrietta,60498,2026-12-17T14:19:00.238860,2026-12-17T14:24:19.732532,2026-12-17T14:29:43.910863,31.904210585632697
newsat-48,henrietta,60498,2026-12-18T03:21:12.458195,2026-12-18T03:26:47.879705,2026-12-18T03:32:18.616558,84.1598143763897
newsat-48,henrietta,60498,2026-12-18T13:50:32.757929,2026-12-18T13:55:09.152748,2026-12-18T13:59:50.232226,13.052806789282103
newsat-48,henrietta,60498,2026-12-18T15:22:44.898077,2026-12-18T15:27:57.833228,2026-12-18T15:33:18.263833,25.326258174892654
newsat-48,henrietta,60498,2026-12-19T02:52:02.546660,2026-12-19T02:57:22.977264,2026-12-19T03:02:38.723212,28.3328816858792
newsat-48,henrietta,60498,2026-12-19T04:25:40.285153,2026-12-19T04:30:08.247588,2026-12-19T04:34:36.210024,11.412582311071706
newsat-48,henrietta,60498,2026-12-19T14:53:00.829874,2026-12-19T14:58:31.566725,2026-12-19T15:04:09.799031,73.22335585571628
newsat-48,henrietta,60498,2026-12-20T02:23:20.054154,2026-12-20T02:27:49.890452,2026-12-20T02:32:17.852888,11.009147560415238
newsat-48,henrietta,60498,2026-12-20T03:55:40.047993,2026-12-20T04:00:57.667802,2026-12-20T04:06:11.539887,27.987564596588
newsat-48,henrietta,60498,2026-12-20T14:23:49.134036,2026-12-20T14:29:11.438503,2026-12-20T14:34:40.301493,37.33027002181681
newsat-48,henrietta,60498,2026-12-21T03:26:03.482133,2026-12-21T03:31:38.903643,2026-12-21T03:37:09.640496,81.55756163781905
newsat-48,henrietta,60498,2026-12-21T13:55:11.939327,2026-12-21T13:59:56.766530,2026-12-21T14:04:46.278393,15.01479941673513
newsat-48,henrietta,60498,2026-12-21T15:27:41.543603,2026-12-21T15:32:48.857165,2026-12-21T15:38:02.729250,21.826950838691907
newsat-48,henrietta,60498,2026-12-22T02:56:47.094748,2026-12-22T03:02:11.273078,2026-12-22T03:07:31.703683,33.09582505744452
newsat-48,henrietta,60498,2026-12-22T14:57:48.698555,2026-12-22T15:03:18.498475,2026-12-22T15:08:55.793849,61.166013268423214
newsat-48,henrietta,60498,2026-12-23T02:27:55.742725,2026-12-23T02:32:36.822202,2026-12-23T02:37:15.090886,12.855245323798531
newsat-48,henrietta,60498,2026-12-23T04:00:28.509147,2026-12-23T04:05:40.507366,2026-12-23T04:10:49.694792,24.260120020028136
newsat-48,henrietta,60498,2026-12-23T14:28:28.480773,2026-12-23T14:33:53.596035,2026-12-23T14:39:25.269819,43.80840928008398
newsat-48,henrietta,60498,2026-12-24T03:30:45.212535,2026-12-24T03:36:19.697113,2026-12-24T03:41:49.497034,68.67691844127177
newsat-48,henrietta,60498,2026-12-24T13:59:41.572288,2026-12-24T14:04:34.831875,2026-12-24T14:09:31.839190,17.14198037919776
newsat-48,henrietta,60498,2026-12-24T15:32:29.577626,2026-12-24T15:37:30.332666,2026-12-24T15:42:36.709298,18.93803358485191
newsat-48,henrietta,60498,2026-12-25T03:01:22.094398,2026-12-25T03:06:50.020455,2026-12-25T03:12:14.198786,38.723380956400334
newsat-48,henrietta,60498,2026-12-25T15:02:27.273702,2026-12-25T15:07:55.199759,2026-12-25T15:13:30.621270,51.37888481262329
newsat-48,henrietta,60498,2026-12-26T02:32:23.329595,2026-12-26T02:37:12.841456,2026-12-26T02:42:00.479456,14.839122712760496
newsat-48,henrietta,60498,2026-12-26T04:05:08.358797,2026-12-26T04:10:13.798496,2026-12-26T04:15:17.364332,21.21995348419686
newsat-48,henrietta,60498,2026-12-26T14:32:59.216010,2026-12-26T14:38:26.205135,2026-12-26T14:43:59.752782,51.5334184889188
newsat-48,henrietta,60498,2026-12-27T03:35:17.649404,2026-12-27T03:40:50.260119,2026-12-27T03:46:19.123109,57.90065399503957
newsat-48,henrietta,60498,2026-12-27T14:04:03.530679,2026-12-27T14:09:03.348788,2026-12-27T14:14:06.914624,19.462662577313324
newsat-48,henrietta,60498,2026-12-27T15:37:08.318116,2026-12-27T15:42:01.577703,2026-12-27T15:47:00.458882,16.5090422035318
newsat-48,henrietta,60498,2026-12-28T03:05:47.800519,2026-12-28T03:11:18.537370,2026-12-28T03:16:45.526496,45.38501925941588
newsat-48,henrietta,60498,2026-12-28T15:06:56.300416,2026-12-28T15:12:22.352610,2026-12-28T15:17:54.963326,43.6467379800209
newsat-48,henrietta,60498,2026-12-29T02:36:41.368031,2026-12-29T02:41:39.312277,2026-12-29T02:46:34.445729,16.98295996917987
newsat-48,henrietta,60498,2026-12-29T04:09:37.041052,2026-12-29T04:14:36.859161,2026-12-29T04:19:34.803408,18.692920498419056
newsat-48,henrietta,60498,2026-12-29T14:37:20.402811,2026-12-29T14:42:49.265799,2026-12-29T14:48:23.750378,60.61855712121133
newsat-48,henrietta,60498,2026-12-30T03:39:40.537841,2026-12-30T03:45:11.274692,2026-12-30T03:50:38.263818,49.27768065468329
newsat-48,henrietta,60498,2026-12-30T14:08:17.132471,2026-12-30T14:13:21.635238,2026-12-30T14:18:31.759596,22.009033694709693
newsat-48,henrietta,60498,2026-12-30T15:41:37.765075,2026-12-30T15:46:22.592278,2026-12-30T15:51:13.041072,14.435364813037685
newsat-48,henrietta,60498,2026-12-31T03:10:04.895134,2026-12-31T03:15:37.505849,2026-12-31T03:21:06.368839,53.227360440754936
newsat-48,henrietta,60498,2026-12-31T15:11:16.970532,2026-12-31T15:16:39.274999,2026-12-31T15:22:09.074920,37.54489585325896
newsat-50,nancy,60493,2026-01-01T03:22:37.233767,2026-01-01T03:28:18.131269,2026-01-01T03:33:55.282645,59.12069958931284
newsat-50,nancy,60493,2026-01-01T13:53:38.782395,2026-01-01T13:58:47.837823,2026-01-01T14:04:03.448973,21.583675552312016
newsat-50,nancy,60493,2026-01-01T15:27:12.965682,2026-01-01T15:32:08.909668,2026-01-01T15:37:11.409375,15.936264183497006
newsat-50,nancy,60493,2026-01-02T02:58:19.286414,2026-01-02T03:04:02.056979,2026-01-02T03:09:39.208355,56.617437513492625
newsat-50,nancy,60493,2026-01-02T13:30:17.632930,2026-01-02T13:34:42.671372,2026-01-02T13:39:10.519410,10.41640024117015
newsat-50,nancy,60493,2026-01-02T15:02:16.868440,2026-01-02T15:07:44.654500,2026-01-02T15:13:19.932813,34.07344921994414
newsat-50,nancy,60493,2026-01-03T02:34:16.743633,2026-01-03T02:39:39.847034,2026-01-03T02:44:58.267778,24.609293745562002
newsat-50,nancy,60493,2026-01-03T04:07:59.941037,2026-01-03T04:12:49.329301,2026-01-03T04:17:37.781034,14.264243757569275
newsat-50,nancy,60493,2026-01-03T14:37:46.656658,2026-01-03T14:43:23.808034,2026-01-03T14:49:09.388195,82.57684632718275
newsat-50,nancy,60493,2026-01-04T02:10:33.096752,2026-01-04T02:15:12.183168,2026-01-04T02:19:48.459991,11.495212599078457
newsat-50,nancy,60493,2026-01-04T03:43:14.159416,2026-01-04T03:48:40.072413,2026-01-04T03:54:03.175815,29.269031541280143
newsat-50,nancy,60493,2026-01-04T14:13:37.392885,2026-01-04T14:19:07.052008,2026-01-04T14:24:44.203384,40.901247561836364
newsat-50,nancy,60493,2026-01-05T03:18:42.591040,2026-01-05T03:24:25.361605,2026-01-05T03:30:03.449513,68.50914623207933
newsat-50,nancy,60493,2026-01-05T13:49:50.013650,2026-01-05T13:54:54.386420,2026-01-05T14:00:04.378380,19.24512360278382
newsat-50,nancy,60493,2026-01-05T15:23:08.613327,2026-01-05T15:28:12.049566,2026-01-05T15:33:22.041526,18.015925967954626
newsat-50,nancy,60493,2026-01-06T02:54:24.554167,2026-01-06T03:00:04.515137,2026-01-06T03:05:39.793450,48.70946388604901
newsat-50,nancy,60493,2026-01-06T14:58:14.471782,2026-01-06T15:03:45.067436,2026-01-06T15:09:23.155344,39.10155449063161
newsat-50,nancy,60493,2026-01-07T02:30:20.730536,2026-01-07T02:35:38.214748,2026-01-07T02:40:51.016303,21.6856780578839
newsat-50,nancy,60493,2026-01-07T04:03:53.543458,2026-01-07T04:08:50.423975,2026-01-07T04:13:46.367960,16.04849509352434
newsat-50,nancy,60493,2026-01-07T14:33:44.342633,2026-01-07T14:39:21.494009,2026-01-07T14:45:07.074170,85.44942399649803
newsat-50,nancy,60493,2026-01-08T03:39:06.480992,2026-01-08T03:44:37.076646,2026-01-08T03:50:03.926174,33.298725535361356
newsat-50,nancy,60493,2026-01-08T14:09:35.161494,2026-01-08T14:15:02.011022,2026-01-08T14:20:36.352803,35.59211587332174
newsat-50,nancy,60493,2026-01-09T03:14:33.886563,2026-01-09T03:20:17.593659,2026-01-09T03:25:55.681567,79.80572616647959
newsat-50,nancy,60493,2026-01-09T13:45:48.801424,2026-01-09T13:50:46.618473,2026-01-09T13:55:50.054711,17.041964349463992
newsat-50,nancy,60493,2026-01-09T15:18:50.880960,2026-01-09T15:24:00.872919,2026-01-09T15:29:17.420600,20.492628367708416
newsat-50,nancy,60493,2026-01-10T02:50:14.568845,2026-01-10T02:55:52.656752,2026-01-10T03:01:25.125470,41.729981449079425
newsat-50,nancy,60493,2026-01-10T14:53:57.758583,2026-01-10T14:59:31.163833,2026-01-10T15:05:12.061335,45.51147523015856
newsat-50,nancy,60493,2026-01-11T02:26:10.655693,2026-01-11T02:31:21.584184,2026-01-11T02:36:27.830018,18.983099313768847
newsat-50,nancy,60493,2026-01-11T03:59:32.829340,2026-01-11T04:04:37.202110,2026-01-11T04:09:39.701817,18.158373164275552
newsat-50,nancy,60493,2026-01-11T14:29:27.712067,2026-01-11T14:35:04.863443,2026-01-11T14:40:50.443604,73.31126179668175
newsat-50,nancy,60493,2026-01-12T03:34:45.677350,2026-01-12T03:40:19.082600,2026-01-12T03:45:48.741723,38.40994168791842
newsat-50,nancy,60493,2026-01-12T14:05:19.550094,2026-01-12T14:10:42.653495,2026-01-12T14:16:13.249150,30.915362069018467
newsat-50,nancy,60493,2026-01-12T15:39:40.312057,2026-01-12T15:44:11.906220,2026-01-12T15:48:49.119574,10.879190167455947
newsat-50,nancy,60493,2026-01-13T03:10:11.802079,2026-01-13T03:15:55.509175,2026-01-13T03:21:33.597083,87.23994566279335
newsat-50,nancy,60493,2026-01-13T13:41:34.890933,2026-01-13T13:46:25.215729,2026-01-13T13:51:20.223183,14.965373121403989
newsat-50,nancy,60493,2026-01-13T15:14:19.768588,2026-01-13T15:19:35.379736,2026-01-13T15:24:58.483138,23.488314906271853
newsat-50,nancy,60493,2026-01-14T02:45:51.458308,2026-01-14T02:51:25.800089,2026-01-14T02:56:54.522681,35.66960335313441
newsat-50,nancy,60493,2026-01-14T14:49:27.665375,2026-01-14T14:55:02.943688,2026-01-14T15:00:46.650786,53.76736087654751
newsat-50,nancy,60493,2026-01-15T02:21:48.137374,2026-01-15T02:26:50.637081,2026-01-15T02:31:49.390662,16.48335446751981
newsat-50,nancy,60493,2026-01-15T03:54:58.053476,2026-01-15T04:00:08.981967,2026-01-15T04:05:18.037395,20.690455651365454
newsat-50,nancy,60493,2026-01-15T14:24:58.638028,2026-01-15T14:30:33.916341,2026-01-15T14:36:17.623439,61.820133224649474
newsat-50,nancy,60493,2026-01-16T03:30:10.557173,2026-01-16T03:35:46.772017,2026-01-16T03:41:19.240735,45.02119739484931
newsat-50,nancy,60493,2026-01-16T14:00:50.303899,2026-01-16T14:06:09.661174,2026-01-16T14:11:34.637639,26.798513307532904
newsat-50,nancy,60493,2026-01-16T15:34:52.927448,2026-01-16T15:39:34.823459,2026-01-16T15:44:23.275192,12.702245478649425
newsat-50,nancy,60493,2026-01-17T03:05:35.655849,2026-01-17T03:11:18.426414,2026-01-17T03:16:55.577790,73.9483276477203
newsat-50,nancy,60493,2026-01-17T13:37:07.855228,2026-01-17T13:41:48.814708,2026-01-17T13:46:34.456847,13.00394319625904
newsat-50,nancy,60493,2026-01-17T15:09:34.339678,2026-01-17T15:14:55.570016,2026-01-17T15:20:24.292608,27.181703589945606
newsat-50,nancy,60493,2026-01-18T02:41:14.967764,2026-01-18T02:46:44.626887,2026-01-18T02:52:08.666820,30.44535034243178
newsat-50,nancy,60493,2026-01-18T04:15:14.506268,2026-01-18T04:19:47.973495,2026-01-18T04:24:20.504191,11.462527598215097
newsat-50,nancy,60493,2026-01-18T14:44:43.255633,2026-01-18T14:50:20.407009,2026-01-18T14:56:05.050638,64.36009523802949
newsat-50,nancy,60493,2026-01-19T02:17:11.557313,2026-01-19T02:22:04.691703,2026-01-19T02:26:54.079968,14.165664834268119
newsat-50,nancy,60493,2026-01-19T03:50:09.642816,2026-01-19T03:55:27.127028,2026-01-19T04:00:40.865115,23.787504316032866
newsat-50,nancy,60493,2026-01-19T14:20:14.992663,2026-01-19T14:25:49.334444,2026-01-19T14:31:30.231946,51.67779939308282
newsat-50,nancy,60493,2026-01-20T03:25:20.438723,2026-01-20T03:30:59.463162,2026-01-20T03:36:33.804943,53.684162249534396
newsat-50,nancy,60493,2026-01-20T13:56:08.614232,2026-01-20T14:01:22.352317,2026-01-20T14:06:40.773061,23.160271900752633
newsat-50,nancy,60493,2026-01-20T15:29:51.226303,2026-01-20T15:34:43.424162,2026-01-20T15:39:41.241211,14.83301898142088
newsat-50,nancy,60493,2026-01-21T03:00:45.193082,2026-01-21T03:06:27.027115,2026-01-21T03:12:03.241960,61.375570588099805
newsat-50,nancy,60493,2026-01-21T13:32:29.057788,2026-01-21T13:36:58.778888,2026-01-21T13:41:32.246115,11.14809361656238
newsat-50,nancy,60493,2026-01-21T15:04:35.530759,2026-01-21T15:10:01.443756,2026-01-21T15:15:34.849005,31.839706095545015
newsat-50,nancy,60493,2026-01-22T02:36:24.415478,2026-01-22T02:41:48.455411,2026-01-22T02:47:07.812687,25.93852148840708
newsat-50,nancy,60493,2026-01-22T04:10:11.441645,2026-01-22T04:14:55.210719,2026-01-22T04:19:38.043263,13.339374714295621
newsat-50,nancy,60493,2026-01-22T14:39:46.402417,2026-01-22T14:45:23.553793,2026-01-22T14:51:09.133954,77.5005352180878
newsat-50,nancy,60493,2026-01-23T02:12:22.788569,2026-01-23T02:17:03.748049,2026-01-23T02:21:41.897935,12.00967643779083
newsat-50,nancy,60493,2026-01-23T03:45:06.488673,2026-01-23T03:50:29.592074,2026-01-23T03:55:49.885881,27.65617029198047
newsat-50,nancy,60493,2026-01-23T14:15:18.222086,2026-01-23T14:20:49.754272,2026-01-23T14:26:27.842180,43.08660425299368
newsat-50,nancy,60493,2026-01-24T03:20:16.940267,2026-01-24T03:25:57.837769,2026-01-24T03:31:34.052614,65.01180238076417
newsat-50,nancy,60493,2026-01-24T13:51:13.799349,2026-01-24T13:56:20.045182,2026-01-24T14:01:31.910205,19.926388101179953
newsat-50,nancy,60493,2026-01-24T15:24:36.145153,2026-01-24T15:29:37.708328,2026-01-24T15:34:44.890693,17.363652224043236
newsat-50,nancy,60493,2026-01-25T02:55:41.605102,2026-01-25T03:01:20.629541,2026-01-25T03:06:54.971322,50.42983710298842
newsat-50,nancy,60493,2026-01-25T14:59:23.341838,2026-01-25T15:04:53.000961,2026-01-25T15:10:30.152337,37.864446003466156
newsat-50,nancy,60493,2026-01-26T02:31:20.737975,2026-01-26T02:36:37.285655,2026-01-26T02:41:50.087210,22.030335702851712
newsat-50,nancy,60493,2026-01-26T04:04:54.060480,2026-01-26T04:09:48.131402,2026-01-26T04:14:40.329261,15.560932639086769
newsat-50,nancy,60493,2026-01-26T14:34:34.977869,2026-01-26T14:40:13.065776,2026-01-26T14:45:57.709405,87.29744609498363
newsat-50,nancy,60493,2026-01-27T03:39:49.954515,2026-01-27T03:45:17.740575,2026-01-27T03:50:42.717040,32.61567690825705
newsat-50,nancy,60493,2026-01-27T14:10:08.753232,2026-01-27T14:15:36.539292,2026-01-27T14:21:09.944541,35.96078931674542
newsat-50,nancy,60493,2026-01-28T03:15:00.061797,2026-01-28T03:20:41.895830,2026-01-28T03:26:18.110675,79.26937675653102
newsat-50,nancy,60493,2026-01-28T13:46:06.286196,2026-01-28T13:51:04.103245,2026-01-28T13:56:06.602952,17.03289224775474
newsat-50,nancy,60493,2026-01-28T15:19:07.938784,2026-01-28T15:24:16.994212,2026-01-28T15:29:33.541893,20.429225102722505
newsat-50,nancy,60493,2026-01-29T02:50:23.018841,2026-01-29T02:55:59.233685,2026-01-29T03:01:30.765871,41.363437713844704
newsat-50,nancy,60493,2026-01-29T14:53:56.836377,2026-01-29T14:59:30.241627,2026-01-29T15:05:11.139129,45.84960053328231
newsat-50,nancy,60493,2026-01-30T02:26:02.998721,2026-01-30T02:31:11.117617,2026-01-30T02:36:16.426919,18.613064311636116
newsat-50,nancy,60493,2026-01-30T03:59:22.617564,2026-01-30T04:04:26.053803,2026-01-30T04:09:27.616978,18.23763267489026
newsat-50,nancy,60493,2026-01-30T14:29:10.428102,2026-01-30T14:34:47.579478,2026-01-30T14:40:31.286576,71.87348185832194
newsat-50,nancy,60493,2026-01-31T03:34:18.167286,2026-01-31T03:39:51.572536,2026-01-31T03:45:20.295128,39.15307455052039
newsat-50,nancy,60493,2026-01-31T14:04:46.159161,2026-01-31T14:10:08.326031,2026-01-31T14:15:37.048623,30.061651996654017
newsat-50,nancy,60493,2026-01-31T15:39:03.002841,2026-01-31T15:43:35.533536,2026-01-31T15:48:13.683422,11.147382819719533
newsat-50,nancy,60493,2026-02-01T03:09:28.439837,2026-02-01T03:15:10.273870,2026-02-01T03:20:47.425246,84.3456984379055
newsat-50,nancy,60493,2026-02-01T13:40:46.329563,2026-02-01T13:45:33.844764,2026-02-01T13:50:25.106092,14.42317430889818
newsat-50,nancy,60493,2026-02-01T15:13:26.097611,2026-02-01T15:18:42.645291,2026-02-01T15:24:05.748693,24.23654240462816
newsat-50,nancy,60493,2026-02-02T02:44:51.989100,2026-02-02T02:50:23.521286,2026-02-02T02:55:50.370814,34.002592291219024
newsat-50,nancy,60493,2026-02-02T04:19:00.293816,2026-02-02T04:23:23.459194,2026-02-02T04:27:46.624574,10.183591494731168
newsat-50,nancy,60493,2026-02-02T14:48:17.887435,2026-02-02T14:53:53.165748,2026-02-02T14:59:35.936314,56.58698741738153
newsat-50,nancy,60493,2026-02-03T02:20:32.815992,2026-02-03T02:25:30.633041,2026-02-03T02:30:25.640495,15.595587677766742
newsat-50,nancy,60493,2026-02-03T03:53:37.794644,2026-02-03T03:58:49.659666,2026-02-03T04:03:59.651626,21.5353705383444
newsat-50,nancy,60493,2026-02-03T14:23:32.498328,2026-02-03T14:29:07.776641,2026-02-03T14:34:49.610675,57.941724387421516
newsat-50,nancy,60493,2026-02-04T03:28:33.509635,2026-02-04T03:34:09.724479,2026-02-04T03:39:42.193197,47.98474977577023
newsat-50,nancy,60493,2026-02-04T13:59:10.866828,2026-02-04T14:04:26.477976,2026-02-04T14:09:47.708315,25.147220340260734
newsat-50,nancy,60493,2026-02-04T15:33:03.271164,2026-02-04T15:37:48.913301,2026-02-04T15:42:40.174629,13.469990211637034
newsat-50,nancy,60493,2026-02-05T03:03:43.437873,2026-02-05T03:09:24.335375,2026-02-05T03:15:00.550220,68.12147040908476
newsat-50,nancy,60493,2026-02-05T13:35:14.865992,2026-02-05T13:39:49.269750,2026-02-05T13:44:28.356167,12.05066602677343
newsat-50,nancy,60493,2026-02-05T15:07:31.131228,2026-02-05T15:12:53.298098,2026-02-05T15:18:22.957221,29.103926906361828
newsat-50,nancy,60493,2026-02-06T02:39:07.152408,2026-02-06T02:44:32.128873,2026-02-06T02:49:54.295743,28.01923318556601
newsat-50,nancy,60493,2026-02-06T04:12:59.625608,2026-02-06T04:17:36.838961,2026-02-06T04:22:14.052315,12.285573652838279
newsat-50,nancy,60493,2026-02-06T14:42:24.621960,2026-02-06T14:48:01.773336,2026-02-06T14:53:45.480434,70.79845063864617
newsat-50,nancy,60493,2026-02-07T02:14:49.508054,2026-02-07T02:19:35.150191,2026-02-07T02:24:17.982735,12.901165778478966
newsat-50,nancy,60493,2026-02-07T03:47:38.909981,2026-02-07T03:52:58.267256,2026-02-07T03:58:14.814937,25.70724347633582
newsat-50,nancy,60493,2026-02-07T14:17:42.125087,2026-02-07T14:23:13.657273,2026-02-07T14:28:52.681712,46.456506947122875
newsat-50,nancy,60493,2026-02-08T03:22:34.535453,2026-02-08T03:28:13.559892,2026-02-08T03:33:48.838205,60.049560374896416
newsat-50,nancy,60493,2026-02-08T13:53:22.194491,2026-02-08T13:58:30.313387,2026-02-08T14:03:43.114942,21.00083055480366
newsat-50,nancy,60493,2026-02-08T15:26:51.096016,2026-02-08T15:31:47.976533,2026-02-08T15:36:51.412771,16.25186395281772
newsat-50,nancy,60493,2026-02-09T02:57:44.374167,2026-02-09T03:03:23.398606,2026-02-09T03:08:57.740387,53.98369098194778
newsat-50,nancy,60493,2026-02-09T15:01:21.848308,2026-02-09T15:06:49.634368,2026-02-09T15:12:24.912681,35.540118384077026
newsat-50,nancy,60493,2026-02-10T02:33:07.999181,2026-02-10T02:38:26.419925,2026-02-10T02:43:41.094543,23.101936572926252
newsat-50,nancy,60493,2026-02-10T04:06:45.577396,2026-02-10T04:11:35.902192,2026-02-10T04:16:25.290457,14.793607213175902
newsat-50,nancy,60493,2026-02-10T14:36:18.913010,2026-02-10T14:41:56.064386,2026-02-10T14:47:39.771484,88.16902558660524
newsat-50,nancy,60493,2026-02-11T02:08:54.011432,2026-02-11T02:13:24.669063,2026-02-11T02:17:53.453633,10.467999682069543
newsat-50,nancy,60493,2026-02-11T03:41:25.963571,2026-02-11T03:46:51.876568,2026-02-11T03:52:14.979970,31.154823214435396
newsat-50,nancy,60493,2026-02-11T14:11:38.117045,2026-02-11T14:17:05.903105,2026-02-11T14:22:39.308354,37.38110549189635
newsat-50,nancy,60493,2026-02-12T03:16:21.499522,2026-02-12T03:22:02.397024,2026-02-12T03:27:39.548400,75.99534694247329
newsat-50,nancy,60493,2026-02-12T13:47:21.078679,2026-02-12T13:52:19.832259,2026-02-12T13:57:22.331966,17.451911030405576
newsat-50,nancy,60493,2026-02-12T15:20:25.540861,2026-02-12T15:25:32.723226,2026-02-12T15:30:45.524781,19.669785415727635
newsat-50,nancy,60493,2026-02-13T02:51:31.248715,2026-02-13T02:57:07.463559,2026-02-13T03:02:38.995745,42.709215516207415
newsat-50,nancy,60493,2026-02-13T14:55:00.803655,2026-02-13T15:00:32.335841,2026-02-13T15:06:11.360280,44.349201718323684
newsat-50,nancy,60493,2026-02-14T02:26:56.657266,2026-02-14T02:32:05.712694,2026-02-14T02:37:11.958528,18.990242619957574
newsat-50,nancy,60493,2026-02-14T04:00:17.722225,2026-02-14T04:05:19.285400,2026-02-14T04:10:19.912044,17.85207039474723
newsat-50,nancy,60493,2026-02-14T14:30:00.078842,2026-02-14T14:35:35.357155,2026-02-14T14:41:18.127721,73.35970405403016
newsat-50,nancy,60493,2026-02-15T03:34:59.637149,2026-02-15T03:40:31.169335,2026-02-15T03:45:59.891927,38.526890923766395
newsat-50,nancy,60493,2026-02-15T14:05:21.920312,2026-02-15T14:10:43.150650,2026-02-15T14:16:10.936710,30.250089180531145
newsat-50,nancy,60493,2026-02-15T15:39:39.018784,2026-02-15T15:44:09.676415,2026-02-15T15:48:45.016706,10.91754543791166
newsat-50,nancy,60493,2026-02-16T03:09:55.338370,2026-02-16T03:15:36.235872,2026-02-16T03:21:13.387248,84.94463956651623
newsat-50,nancy,60493,2026-02-16T13:41:08.455917,2026-02-16T13:45:55.034586,2026-02-16T13:50:45.359382,14.368933075098413
newsat-50,nancy,60493,2026-02-16T15:13:47.797017,2026-02-16T15:19:02.471634,2026-02-16T15:24:24.638504,24.001786699079506
newsat-50,nancy,60493,2026-02-17T02:45:05.252835,2026-02-17T02:50:35.848489,2026-02-17T02:56:03.634549,33.99248407075748
newsat-50,nancy,60493,2026-02-17T04:19:12.621019,2026-02-17T04:23:35.786397,2026-02-17T04:27:58.951777,10.17985350890167
newsat-50,nancy,60493,2026-02-17T14:48:25.697250,2026-02-17T14:54:00.039031,2026-02-17T14:59:40.936533,56.660524717250595
newsat-50,nancy,60493,2026-02-18T02:20:32.190135,2026-02-18T02:25:30.007184,2026-02-18T02:30:25.014638,15.486857827926926
newsat-50,nancy,60493,2026-02-18T03:53:36.487048,2026-02-18T03:58:48.352070,2026-02-18T04:03:58.344030,21.68712551282056
newsat-50,nancy,60493,2026-02-18T14:23:27.609877,2026-02-18T14:29:01.015127,2026-02-18T14:34:40.976098,57.06537329011219
newsat-50,nancy,60493,2026-02-19T03:28:18.567244,2026-02-19T03:33:54.782088,2026-02-19T03:39:28.187337,48.82462244987707
newsat-50,nancy,60493,2026-02-19T13:58:52.343580,2026-02-19T14:04:06.081665,2026-02-19T14:09:25.438941,24.578203344686177
newsat-50,nancy,60493,2026-02-19T15:32:42.193113,2026-02-19T15:37:27.835250,2026-02-19T15:42:18.160046,13.6084946523275
newsat-50,nancy,60493,2026-02-20T03:03:14.860683,2026-02-20T03:08:55.758185,2026-02-20T03:14:31.973030,66.34407277207346
newsat-50,nancy,60493,2026-02-20T13:34:44.326218,2026-02-20T13:39:15.920381,2026-02-20T13:43:51.260672,11.651715357785356
newsat-50,nancy,60493,2026-02-20T15:06:56.418379,2026-02-20T15:12:18.585249,2026-02-20T15:17:47.307841,29.705503404390658
newsat-50,nancy,60493,2026-02-21T02:38:25.876951,2026-02-21T02:43:49.916884,2026-02-21T02:49:11.147223,27.227494416339713
newsat-50,nancy,60493,2026-02-21T04:12:14.604024,2026-02-21T04:16:54.626972,2026-02-21T04:21:33.713389,12.657884580437617
newsat-50,nancy,60493,2026-02-21T14:41:37.210843,2026-02-21T14:47:13.425687,2026-02-21T14:52:56.196253,73.48871272455202
newsat-50,nancy,60493,2026-02-22T02:13:55.534329,2026-02-22T02:18:39.303403,2026-02-22T02:23:20.262883,12.44463183688113
newsat-50,nancy,60493,2026-02-22T03:46:41.190130,2026-02-22T03:52:02.420468,2026-02-22T03:57:20.841212,26.661215658250033
newsat-50,nancy,60493,2026-02-22T14:16:41.760912,2026-02-22T14:22:12.356566,2026-02-22T14:27:48.571411,44.23959308421577
newsat-50,nancy,60493,2026-02-23T03:21:24.117335,2026-02-23T03:27:04.078305,2026-02-23T03:32:39.356618,63.351714786088415
newsat-50,nancy,60493,2026-02-23T13:52:11.005113,2026-02-23T13:57:15.377883,2026-02-23T14:02:24.433311,19.97362585147668
newsat-50,nancy,60493,2026-02-23T15:25:33.178760,2026-02-23T15:30:30.995809,2026-02-23T15:35:35.368579,16.89858482978457
newsat-50,nancy,60493,2026-02-24T02:56:20.576044,2026-02-24T03:01:59.600483,2026-02-24T03:07:33.942264,50.81821365140961
newsat-50,nancy,60493,2026-02-24T14:59:51.914526,2026-02-24T15:05:19.700586,2026-02-24T15:10:54.978899,37.53915642337374
newsat-50,nancy,60493,2026-02-25T02:31:33.375854,2026-02-25T02:36:48.987002,2026-02-25T02:42:01.788557,21.863182573397957
newsat-50,nancy,60493,2026-02-25T04:05:04.398347,2026-02-25T04:09:58.469269,2026-02-25T04:14:51.603660,15.664734498524146
newsat-50,nancy,60493,2026-02-25T14:34:36.535751,2026-02-25T14:40:11.814064,2026-02-25T14:45:54.584630,85.87673154306356
newsat-50,nancy,60493,2026-02-26T03:39:33.022786,2026-02-26T03:45:00.808846,2026-02-26T03:50:26.721842,33.37681468135757
newsat-50,nancy,60493,2026-02-26T14:09:44.659790,2026-02-26T14:15:08.699723,2026-02-26T14:20:39.295378,34.595278500706286
newsat-50,nancy,60493,2026-02-27T03:14:15.860471,2026-02-27T03:19:57.694504,2026-02-27T03:25:35.782412,82.62133688371809
newsat-50,nancy,60493,2026-02-27T13:45:17.477960,2026-02-27T13:50:09.675819,2026-02-27T13:55:07.492868,16.147776524821616
newsat-50,nancy,60493,2026-02-27T15:18:10.784398,2026-02-27T15:23:19.839826,2026-02-27T15:28:35.450976,21.05743072809256
newsat-50,nancy,60493,2026-02-28T02:49:14.102719,2026-02-28T02:54:48.444500,2026-02-28T03:00:19.040155,39.085155649867566
newsat-50,nancy,60493,2026-02-28T14:52:34.967197,2026-02-28T14:58:06.499383,2026-02-28T15:03:45.523822,48.73604564024825
newsat-50,nancy,60493,2026-03-01T02:24:27.749535,2026-03-01T02:29:33.058837,2026-03-01T02:34:34.622012,17.494280397638754
newsat-50,nancy,60493,2026-03-01T03:57:41.067450,2026-03-01T04:02:47.313283,2026-03-01T04:07:52.622585,19.421110902166614
newsat-50,nancy,60493,2026-03-01T14:27:23.162390,2026-03-01T14:32:56.567640,2026-03-01T14:38:37.465142,65.71978741963939
newsat-50,nancy,60493,2026-03-02T03:32:10.538899,2026-03-02T03:37:44.880680,2026-03-02T03:43:16.412866,42.850539387245824
newsat-50,nancy,60493,2026-03-02T14:02:33.923866,2026-03-02T14:07:51.408078,2026-03-02T14:13:14.511480,27.319971761303947
newsat-50,nancy,60493,2026-03-02T15:36:38.248322,2026-03-02T15:41:14.525143,2026-03-02T15:45:56.421155,12.041574509670703
newsat-50,nancy,60493,2026-03-03T03:06:54.478388,2026-03-03T03:12:36.312421,2026-03-03T03:18:14.400329,75.73283674523704
newsat-50,nancy,60493,2026-03-03T13:38:12.189074,2026-03-03T13:42:50.338958,2026-03-03T13:47:33.171502,12.898412953293432
newsat-50,nancy,60493,2026-03-03T15:10:36.883094,2026-03-03T15:15:54.367306,2026-03-03T15:21:19.343771,26.53464987538992
newsat-50,nancy,60493,2026-03-04T02:41:52.885910,2026-03-04T02:47:21.608501,2026-03-04T02:52:46.584966,30.381402950762475
newsat-50,nancy,60493,2026-03-04T04:15:50.379194,2026-03-04T04:20:22.909889,2026-03-04T04:24:55.440585,11.447543201695417
newsat-50,nancy,60493,2026-03-04T14:45:04.639864,2026-03-04T14:50:38.981645,2026-03-04T14:56:20.815679,64.89970959348334
newsat-50,nancy,60493,2026-03-05T02:17:11.125865,2026-03-05T02:22:01.450661,2026-03-05T02:26:49.902394,13.83745171945236
newsat-50,nancy,60493,2026-03-05T03:50:03.674814,2026-03-05T03:55:21.159026,2026-03-05T04:00:36.770176,24.289739036975465
newsat-50,nancy,60493,2026-03-05T14:19:56.409029,2026-03-05T14:25:27.004683,2026-03-05T14:31:05.092591,49.362796818253074
newsat-50,nancy,60493,2026-03-06T03:24:34.929805,2026-03-06T03:30:13.954244,2026-03-06T03:35:49.232557,56.62706811619237
newsat-50,nancy,60493,2026-03-06T13:55:11.681005,2026-03-06T14:00:19.799901,2026-03-06T14:05:32.601456,21.69025794955594
newsat-50,nancy,60493,2026-03-06T15:28:44.583448,2026-03-06T15:33:36.781307,2026-03-06T15:38:35.534888,15.382597405662333
newsat-50,nancy,60493,2026-03-07T02:59:19.971093,2026-03-07T03:04:59.932063,2026-03-07T03:10:36.146908,56.62466275499383
newsat-50,nancy,60493,2026-03-07T13:30:56.329775,2026-03-07T13:35:16.685559,2026-03-07T13:39:40.787470,10.080515241402848
newsat-50,nancy,60493,2026-03-07T15:02:49.601782,2026-03-07T15:08:14.578247,2026-03-07T15:13:47.046965,34.10797725436375
newsat-50,nancy,60493,2026-03-08T02:34:20.162157,2026-03-08T02:39:40.455964,2026-03-08T02:44:57.003645,23.795388254238492
newsat-50,nancy,60493,2026-03-08T04:07:57.823008,2026-03-08T04:12:47.211272,2026-03-08T04:17:35.663005,14.529854172824498
newsat-50,nancy,60493,2026-03-08T14:37:22.123846,2026-03-08T14:42:56.465627,2026-03-08T14:48:39.236193,86.28443359072155
newsat-50,nancy,60493,2026-03-09T02:09:42.313509,2026-03-09T02:14:14.844204,2026-03-09T02:18:45.501837,10.697682740343861
newsat-50,nancy,60493,2026-03-09T03:42:14.093492,2026-03-09T03:47:40.006489,2026-03-09T03:53:04.046422,30.892685969591692
newsat-50,nancy,60493,2026-03-09T14:12:17.212189,2026-03-09T14:17:43.125186,2026-03-09T14:23:15.593904,37.406675551400966
newsat-50,nancy,60493,2026-03-10T03:16:45.513753,2026-03-10T03:22:27.347786,2026-03-10T03:28:05.435694,76.09269280142021
newsat-50,nancy,60493,2026-03-10T13:47:37.931198,2026-03-10T13:52:33.875184,2026-03-10T13:57:34.501828,17.196419989280066
newsat-50,nancy,60493,2026-03-10T15:20:39.411629,2026-03-10T15:25:44.720931,2026-03-10T15:30:56.585954,19.62096430893233
newsat-50,nancy,60493,2026-03-11T02:51:31.656843,2026-03-11T02:57:07.871687,2026-03-11T03:02:40.340405,42.23518235997906
newsat-50,nancy,60493,2026-03-11T14:54:50.813527,2026-03-11T15:00:20.472650,2026-03-11T15:05:58.560558,45.1201764251056
newsat-50,nancy,60493,2026-03-12T02:26:34.822770,2026-03-12T02:31:42.941666,2026-03-12T02:36:49.187500,18.63831268250935
newsat-50,nancy,60493,2026-03-12T03:59:51.459863,2026-03-12T04:04:55.832633,2026-03-12T04:09:58.332340,18.391222312180407
newsat-50,nancy,60493,2026-03-12T14:29:26.909560,2026-03-12T14:35:00.314810,2026-03-12T14:40:42.148844,70.52544936033543
newsat-50,nancy,60493,2026-03-13T03:34:09.513890,2026-03-13T03:39:43.855671,2026-03-13T03:45:14.451326,40.32123293508763
newsat-50,nancy,60493,2026-03-13T14:04:26.508406,2026-03-13T14:09:44.929150,2026-03-13T14:15:09.905615,28.768045446856174
newsat-50,nancy,60493,2026-03-13T15:38:37.133792,2026-03-13T15:43:08.727955,2026-03-13T15:47:46.877841,11.343181583166132
newsat-50,nancy,60493,2026-03-14T03:08:42.972488,2026-03-14T03:14:25.743053,2026-03-14T03:20:03.830961,80.38260317477548
newsat-50,nancy,60493,2026-03-14T13:39:52.674450,2026-03-14T13:44:33.633930,2026-03-14T13:49:19.276069,13.497397082725948
newsat-50,nancy,60493,2026-03-14T15:12:22.732870,2026-03-14T15:17:38.344018,2026-03-14T15:23:01.447420,25.247080066051304
newsat-50,nancy,60493,2026-03-15T02:43:30.217381,2026-03-15T02:49:00.813035,2026-03-15T02:54:27.662563,31.930303019553975
newsat-50,nancy,60493,2026-03-15T04:17:31.029843,2026-03-15T04:22:00.750943,2026-03-15T04:26:30.472044,10.968557723478183
newsat-50,nancy,60493,2026-03-15T14:46:38.645270,2026-03-15T14:52:12.050520,2026-03-15T14:57:53.884554,61.55386208816391
newsat-50,nancy,60493,2026-03-16T02:18:37.039915,2026-03-16T02:23:31.110837,2026-03-16T02:28:22.372165,14.45644742242282
newsat-50,nancy,60493,2026-03-16T03:51:32.908043,2026-03-16T03:56:49.455723,2026-03-16T04:02:04.130341,23.432525968065132
newsat-50,nancy,60493,2026-03-16T14:21:19.251808,2026-03-16T14:26:49.847462,2026-03-16T14:32:28.871901,51.565818346621924
newsat-50,nancy,60493,2026-03-17T03:25:53.000404,2026-03-17T03:31:32.024843,2026-03-17T03:37:07.303156,54.36837032717726
newsat-50,nancy,60493,2026-03-17T13:56:23.361153,2026-03-17T14:01:32.416581,2026-03-17T14:06:47.091199,22.344098653523844
newsat-50,nancy,60493,2026-03-17T15:29:59.754931,2026-03-17T15:34:50.079727,2026-03-17T15:39:46.023712,14.885291416827132
newsat-50,nancy,60493,2026-03-18T03:00:27.560801,2026-03-18T03:06:08.458303,2026-03-18T03:11:44.673148,58.75122330642549
newsat-50,nancy,60493,2026-03-18T13:31:56.847293,2026-03-18T13:36:19.076140,2026-03-18T13:40:45.987646,10.36603988178505
newsat-50,nancy,60493,2026-03-18T15:03:53.610635,2026-03-18T15:09:17.650568,2026-03-18T15:14:49.182754,33.13802789300183
newsat-50,nancy,60493,2026-03-19T02:35:16.589235,2026-03-19T02:40:38.756105,2026-03-19T02:45:56.240318,24.417236825790805
newsat-50,nancy,60493,2026-03-19T04:08:55.696200,2026-03-19T04:13:44.147933,2026-03-19T04:18:31.663135,14.237380545158167
newsat-50,nancy,60493,2026-03-19T14:38:14.970068,2026-03-19T14:43:49.311849,2026-03-19T14:49:32.082415,84.40688413718897
newsat-50,nancy,60493,2026-03-20T02:10:28.514489,2026-03-20T02:15:02.918247,2026-03-20T02:19:35.448943,10.950755709864127
newsat-50,nancy,60493,2026-03-20T03:43:01.485795,2026-03-20T03:48:27.398792,2026-03-20T03:53:51.438725,30.362303721994277
newsat-50,nancy,60493,2026-03-20T14:12:59.150575,2026-03-20T14:18:25.063572,2026-03-20T14:23:58.468821,38.055175919897
newsat-50,nancy,60493,2026-03-21T03:17:22.679959,2026-03-21T03:23:04.513992,2026-03-21T03:28:42.601900,74.92037857055196
newsat-50,nancy,60493,2026-03-21T13:48:09.643484,2026-03-21T13:53:05.587470,2026-03-21T13:58:07.150645,17.37368493678143
newsat-50,nancy,60493,2026-03-21T15:21:12.060447,2026-03-21T15:26:16.433217,2026-03-21T15:31:28.298240,19.426369018943944
newsat-50,nancy,60493,2026-03-22T02:51:58.342156,2026-03-22T02:57:35.493532,2026-03-22T03:03:08.898781,42.66520903036175
newsat-50,nancy,60493,2026-03-22T14:55:12.299713,2026-03-22T15:00:41.958836,2026-03-22T15:06:20.046744,44.868795752165234
newsat-50,nancy,60493,2026-03-23T02:26:51.281984,2026-03-23T02:32:00.337412,2026-03-23T02:37:06.583246,18.712157326323826
newsat-50,nancy,60493,2026-03-23T04:00:08.173869,2026-03-23T04:05:12.546639,2026-03-23T04:10:15.046346,18.376359053732838
newsat-50,nancy,60493,2026-03-23T14:29:37.914856,2026-03-23T14:35:12.256637,2026-03-23T14:40:54.090671,70.52063207444434
newsat-50,nancy,60493,2026-03-24T03:34:16.001798,2026-03-24T03:39:50.343579,2026-03-24T03:45:20.939234,40.47673461519278
newsat-50,nancy,60493,2026-03-24T14:04:28.478926,2026-03-24T14:09:45.963138,2026-03-24T14:15:10.939603,28.62786742547188
newsat-50,nancy,60493,2026-03-24T15:38:37.231248,2026-03-24T15:43:09.761943,2026-03-24T15:47:47.911829,11.428960297206853
newsat-50,nancy,60493,2026-03-25T03:08:39.234297,2026-03-25T03:14:22.004862,2026-03-25T03:20:00.092770,79.62803851330162
newsat-50,nancy,60493,2026-03-25T13:39:44.164079,2026-03-25T13:44:25.123559,2026-03-25T13:49:10.765698,13.37534671525648
newsat-50,nancy,60493,2026-03-25T15:12:12.604227,2026-03-25T15:17:29.151907,2026-03-25T15:22:53.191840,25.557999121747557
newsat-50,nancy,60493,2026-03-26T02:43:16.934832,2026-03-26T02:48:47.530486,2026-03-26T02:54:13.443482,31.497669447466922
newsat-50,nancy,60493,2026-03-26T04:17:15.192491,2026-03-26T04:21:46.786654,2026-03-26T04:26:17.444287,11.137941508330039
newsat-50,nancy,60493,2026-03-26T14:46:19.227061,2026-03-26T14:51:52.632311,2026-03-26T14:57:34.466345,62.85059987633285
newsat-50,nancy,60493,2026-03-27T02:18:13.786058,2026-03-27T02:23:06.920448,2026-03-27T02:27:57.245244,14.19041570862815
newsat-50,nancy,60493,2026-03-27T03:51:07.781122,2026-03-27T03:56:25.265334,2026-03-27T04:01:39.939952,23.87302195404431
newsat-50,nancy,60493,2026-03-27T14:20:50.289240,2026-03-27T14:26:20.884894,2026-03-27T14:31:58.972802,50.28675859862603
newsat-50,nancy,60493,2026-03-28T03:25:17.647385,2026-03-28T03:30:57.608355,2026-03-28T03:36:32.886668,55.97944126348508
newsat-50,nancy,60493,2026-03-28T13:55:45.109018,2026-03-28T14:00:53.227914,2026-03-28T14:06:06.966001,21.813285722721982
newsat-50,nancy,60493,2026-03-28T15:29:17.329721,2026-03-28T15:34:09.527580,2026-03-28T15:39:08.281161,15.330048559767958
newsat-50,nancy,60493,2026-03-29T02:59:42.918215,2026-03-29T03:05:23.815717,2026-03-29T03:11:00.030562,56.6607835834666
newsat-50,nancy,60493,2026-03-29T13:31:09.987331,2026-03-29T13:35:30.343115,2026-03-29T13:39:54.445026,10.044542312868593
newsat-50,nancy,60493,2026-03-29T15:03:01.895859,2026-03-29T15:08:26.872324,2026-03-29T15:14:00.277573,34.37452129889388
newsat-50,nancy,60493,2026-03-30T02:34:23.593615,2026-03-30T02:39:43.887422,2026-03-30T02:45:00.435103,23.576544388381276
newsat-50,nancy,60493,2026-03-30T04:07:58.954454,2026-03-30T04:12:49.279250,2026-03-30T04:17:38.667515,14.723174762548176
newsat-50,nancy,60493,2026-03-30T14:37:13.710934,2026-03-30T14:42:48.989247,2026-03-30T14:48:31.759813,87.98301439872304
newsat-50,nancy,60493,2026-03-31T02:09:26.229304,2026-03-31T02:13:57.823467,2026-03-31T02:18:26.608037,10.462094947248133
newsat-50,nancy,60493,2026-03-31T03:41:54.517952,2026-03-31T03:47:22.304012,2026-03-31T03:52:47.280477,31.62692710157608
newsat-50,nancy,60493,2026-03-31T14:11:50.220145,2026-03-31T14:17:15.196610,2026-03-31T14:22:47.665328,36.36919845161799
newsat-50,nancy,60493,2026-04-01T03:16:07.359078,2026-04-01T03:21:49.193111,2026-04-01T03:27:27.281019,79.00921020057834
newsat-50,nancy,60493,2026-04-01T13:46:52.105227,2026-04-01T13:51:46.176149,2026-04-01T13:56:45.866261,16.640838012656832
newsat-50,nancy,60493,2026-04-01T15:19:47.794311,2026-04-01T15:24:54.976676,2026-04-01T15:30:09.651294,20.43097310197911
newsat-50,nancy,60493,2026-04-02T02:50:33.731709,2026-04-02T02:56:09.946553,2026-04-02T03:01:41.478739,40.224834823400734
newsat-50,nancy,60493,2026-04-02T14:53:39.680544,2026-04-02T14:59:10.276198,2026-04-02T15:04:50.237169,47.90307966262131
newsat-50,nancy,60493,2026-04-03T02:25:17.636760,2026-04-03T02:30:23.882593,2026-04-03T02:35:27.318831,17.67764979721275
newsat-50,nancy,60493,2026-04-03T03:58:29.591195,2026-04-03T04:03:36.773560,2026-04-03T04:08:42.082862,19.35553696803336
newsat-50,nancy,60493,2026-04-03T14:27:56.942649,2026-04-03T14:33:30.347899,2026-04-03T14:39:12.181933,65.63863687115777
newsat-50,nancy,60493,2026-04-04T03:32:29.066089,2026-04-04T03:38:04.344402,2026-04-04T03:43:35.876588,43.34710066494529
newsat-50,nancy,60493,2026-04-04T14:02:38.644100,2026-04-04T14:07:55.191780,2026-04-04T14:13:18.295182,26.9079517753032
newsat-50,nancy,60493,2026-04-04T15:36:38.113741,2026-04-04T15:41:16.263625,2026-04-04T15:46:00.032701,12.298684569362617
newsat-50,nancy,60493,2026-04-05T03:06:43.263811,2026-04-05T03:12:25.097844,2026-04-05T03:18:03.185752,73.55116734646958
newsat-50,nancy,60493,2026-04-05T13:37:48.531022,2026-04-05T13:42:24.807843,2026-04-05T13:47:05.767323,12.529238888001764
newsat-50,nancy,60493,2026-04-05T15:10:06.751956,2026-04-05T15:15:26.109231,2026-04-05T15:20:52.958759,27.518331770926153
newsat-50,nancy,60493,2026-04-06T02:41:12.611308,2026-04-06T02:46:40.397368,2026-04-06T02:52:03.500770,29.149130243355078
newsat-50,nancy,60493,2026-04-06T04:15:04.058455,2026-04-06T04:19:40.335276,2026-04-06T04:24:15.675567,11.964862251067723
newsat-50,nancy,60493,2026-04-06T14:44:05.703494,2026-04-06T14:49:40.045275,2026-04-06T14:55:22.815841,69.03362338890146
newsat-50,nancy,60493,2026-04-07T02:16:01.364292,2026-04-07T02:20:48.879493,2026-04-07T02:25:33.585100,13.059201697633116
newsat-50,nancy,60493,2026-04-07T03:48:48.294051,2026-04-07T03:54:08.587858,2026-04-07T03:59:26.072071,25.693223184257725
newsat-50,nancy,60493,2026-04-07T14:18:28.412633,2026-04-07T14:23:58.071756,2026-04-07T14:29:36.159664,45.80234536825435
newsat-50,nancy,60493,2026-04-08T03:22:50.062069,2026-04-08T03:28:30.023039,2026-04-08T03:34:06.237884,61.88022755159239
newsat-50,nancy,60493,2026-04-08T13:53:17.179389,2026-04-08T13:58:21.552159,2026-04-08T14:03:32.480650,20.16390395872205
newsat-50,nancy,60493,2026-04-08T15:26:37.307816,2026-04-08T15:31:35.124865,2026-04-08T15:36:39.497635,16.76732158377936
newsat-50,nancy,60493,2026-04-09T02:57:06.298123,2026-04-09T03:02:45.322562,2026-04-09T03:08:19.664343,50.79533179256757
newsat-50,nancy,60493,2026-04-09T15:00:15.139189,2026-04-09T15:05:42.925249,2026-04-09T15:11:19.140094,38.114851649881444
newsat-50,nancy,60493,2026-04-10T02:31:38.875278,2026-04-10T02:36:54.486426,2026-04-10T02:42:06.351449,21.415244702894164
newsat-50,nancy,60493,2026-04-10T04:05:05.979488,2026-04-10T04:10:01.923474,2026-04-10T04:14:55.994396,16.05355659019633
newsat-50,nancy,60493,2026-04-10T14:34:19.537759,2026-04-10T14:39:54.816072,2026-04-10T14:45:38.523170,82.72859548894647
newsat-50,nancy,60493,2026-04-11T03:38:54.126481,2026-04-11T03:44:24.722135,2026-04-11T03:49:50.635131,35.01177630235526
newsat-50,nancy,60493,2026-04-11T14:08:49.057413,2026-04-11T14:14:12.160814,2026-04-11T14:19:41.819937,32.70764921220616
newsat-50,nancy,60493,2026-04-12T03:12:57.932833,2026-04-12T03:18:40.703398,2026-04-12T03:24:17.854774,88.7496232742377
newsat-50,nancy,60493,2026-04-12T13:43:45.144264,2026-04-12T13:48:33.595997,2026-04-12T13:53:27.666919,15.074005076593851
newsat-50,nancy,60493,2026-04-12T15:16:27.122803,2026-04-12T15:21:38.987825,2026-04-12T15:26:59.281632,22.79862947138277
newsat-50,nancy,60493,2026-04-13T02:47:17.398545,2026-04-13T02:52:49.867263,2026-04-13T02:58:17.653323,35.47963907032863
newsat-50,nancy,60493,2026-04-13T14:50:12.019481,2026-04-13T14:55:45.424731,2026-04-13T15:01:27.258765,55.024012651760025
newsat-50,nancy,60493,2026-04-14T02:21:54.141888,2026-04-14T02:26:52.895468,2026-04-14T02:31:48.839453,15.690268341783742
newsat-50,nancy,60493,2026-04-14T03:54:55.966632,2026-04-14T04:00:07.831654,2026-04-14T04:05:17.823614,21.51202304595148
newsat-50,nancy,60493,2026-04-14T14:24:23.483357,2026-04-14T14:29:55.952075,2026-04-14T14:35:36.849577,56.861214476601084
newsat-50,nancy,60493,2026-04-15T03:28:47.343280,2026-04-15T03:34:24.494656,2026-04-15T03:39:56.963374,49.784522580232704
newsat-50,nancy,60493,2026-04-15T13:58:58.450042,2026-04-15T14:04:11.251596,2026-04-15T14:09:30.608872,23.910762131934987
newsat-50,nancy,60493,2026-04-15T15:32:41.399541,2026-04-15T15:37:28.914742,2026-04-15T15:42:22.049133,14.04594934014998
newsat-50,nancy,60493,2026-04-16T03:02:53.442757,2026-04-16T03:08:34.340259,2026-04-16T03:14:10.555104,62.95132723355349
newsat-50,nancy,60493,2026-04-16T13:34:03.475260,2026-04-16T13:38:31.323297,2026-04-16T13:43:02.917461,11.030511617850987
newsat-50,nancy,60493,2026-04-16T15:06:05.176052,2026-04-16T15:11:29.215985,2026-04-16T15:17:00.748171,31.561975730246633
newsat-50,nancy,60493,2026-04-17T02:37:15.883334,2026-04-17T02:42:38.050204,2026-04-17T02:47:56.470948,25.370902240846767
newsat-50,nancy,60493,2026-04-17T04:10:56.009466,2026-04-17T04:15:40.715072,2026-04-17T04:20:24.484148,13.563977080576343
newsat-50,nancy,60493,2026-04-17T14:39:58.329356,2026-04-17T14:45:33.607669,2026-04-17T14:51:17.314767,81.05993574813401
newsat-50,nancy,60493,2026-04-18T02:12:00.284199,2026-04-18T02:16:35.624489,2026-04-18T02:21:09.091716,11.208048970523617
newsat-50,nancy,60493,2026-04-18T03:44:33.083349,2026-04-18T03:49:58.059814,2026-04-18T03:55:19.290153,29.332594685404825
newsat-50,nancy,60493,2026-04-18T14:14:15.922006,2026-04-18T14:19:42.771534,2026-04-18T14:25:18.049847,39.15813204205624
newsat-50,nancy,60493,2026-04-19T03:18:27.689654,2026-04-19T03:24:08.587156,2026-04-19T03:29:44.802001,73.51337100520995
newsat-50,nancy,60493,2026-04-19T13:48:58.890525,2026-04-19T13:53:56.707574,2026-04-19T13:59:00.143812,17.62629347835167
newsat-50,nancy,60493,2026-04-19T15:22:00.880539,2026-04-19T15:27:06.189841,2026-04-19T15:32:18.991396,19.412690263197234
newsat-50,nancy,60493,2026-04-20T02:52:36.763997,2026-04-20T02:58:12.978841,2026-04-20T03:03:43.574496,42.50235492366416
newsat-50,nancy,60493,2026-04-20T14:55:33.850214,2026-04-20T15:01:04.445868,2026-04-20T15:06:44.406839,45.39159720619908
newsat-50,nancy,60493,2026-04-21T02:27:03.370760,2026-04-21T02:32:10.553125,2026-04-21T02:37:13.989363,18.308816036975696
newsat-50,nancy,60493,2026-04-21T04:00:17.280893,2026-04-21T04:05:20.717132,2026-04-21T04:10:22.280307,18.46563177085478
newsat-50,nancy,60493,2026-04-21T14:29:33.132292,2026-04-21T14:35:07.474073,2026-04-21T14:40:50.244639,68.86131922647292
newsat-50,nancy,60493,2026-04-22T03:33:58.520968,2026-04-22T03:39:31.926218,2026-04-22T03:45:01.585341,41.53299517002129
newsat-50,nancy,60493,2026-04-22T14:03:56.853714,2026-04-22T14:09:15.274458,2026-04-22T14:14:40.250923,27.796102539597317
newsat-50,nancy,60493,2026-04-22T15:37:59.132950,2026-04-22T15:42:36.346303,2026-04-22T15:47:19.178847,11.976303856592109
newsat-50,nancy,60493,2026-04-23T03:07:55.165609,2026-04-23T03:13:36.999642,2026-04-23T03:19:12.277955,75.70912756382913
newsat-50,nancy,60493,2026-04-23T13:38:49.697137,2026-04-23T13:43:27.847021,2026-04-23T13:48:10.679565,12.845215688604824
newsat-50,nancy,60493,2026-04-23T15:11:09.791134,2026-04-23T15:16:29.148409,2026-04-23T15:21:55.997937,27.021526231364856
newsat-50,nancy,60493,2026-04-24T02:42:07.724400,2026-04-24T02:47:34.573928,2026-04-24T02:52:56.740798,29.459874727412743
newsat-50,nancy,60493,2026-04-24T04:15:59.681129,2026-04-24T04:20:33.148356,2026-04-24T04:25:05.679052,11.659186443518086
newsat-50,nancy,60493,2026-04-24T14:44:50.762643,2026-04-24T14:50:26.040956,2026-04-24T14:56:09.748054,68.08462380499772
newsat-50,nancy,60493,2026-04-25T02:16:41.052159,2026-04-25T02:21:26.694296,2026-04-25T02:26:09.526840,13.032383751245549
newsat-50,nancy,60493,2026-04-25T03:49:26.618438,2026-04-25T03:54:45.039182,2026-04-25T04:00:00.650332,25.344267381543855
newsat-50,nancy,60493,2026-04-25T14:18:57.110026,2026-04-25T14:24:27.705680,2026-04-25T14:30:05.793588,46.047490258812765
newsat-50,nancy,60493,2026-04-26T03:23:11.088165,2026-04-26T03:28:50.112604,2026-04-26T03:34:24.454385,61.84755305528008
newsat-50,nancy,60493,2026-04-26T13:53:28.833282,2026-04-26T13:58:34.142584,2026-04-26T14:03:45.071075,20.10682465564751
newsat-50,nancy,60493,2026-04-26T15:26:47.598231,2026-04-26T15:31:46.351811,2026-04-26T15:36:51.661113,16.918278882538136
newsat-50,nancy,60493,2026-04-27T02:57:11.217253,2026-04-27T03:02:48.368629,2026-04-27T03:08:20.837347,49.944673544379334
newsat-50,nancy,60493,2026-04-27T15:00:09.067845,2026-04-27T15:05:37.790436,2026-04-27T15:11:14.005281,38.815644042102214
newsat-50,nancy,60493,2026-04-28T02:31:27.687441,2026-04-28T02:36:40.488995,2026-04-28T02:41:49.544423,20.841274576278558
newsat-50,nancy,60493,2026-04-28T04:04:51.300317,2026-04-28T04:09:47.244303,2026-04-28T04:14:41.315225,16.21032321912327
newsat-50,nancy,60493,2026-04-28T14:33:57.104658,2026-04-28T14:39:33.319502,2026-04-28T14:45:17.026600,80.59086759682435
newsat-50,nancy,60493,2026-04-29T03:38:23.340343,2026-04-29T03:43:52.999466,2026-04-29T03:49:18.912462,35.88385428473706
newsat-50,nancy,60493,2026-04-29T14:08:11.453877,2026-04-29T14:13:33.620747,2026-04-29T14:19:02.343339,31.670503335014264
newsat-50,nancy,60493,2026-04-29T15:42:29.826307,2026-04-29T15:46:56.737812,2026-04-29T15:51:28.331976,10.38764986671707
newsat-50,nancy,60493,2026-04-30T03:12:11.039731,2026-04-30T03:17:51.937233,2026-04-30T03:23:27.215546,87.46841689486205
newsat-50,nancy,60493,2026-04-30T13:42:52.115504,2026-04-30T13:47:38.694173,2026-04-30T13:52:29.955501,14.510887502111654
newsat-50,nancy,60493,2026-04-30T15:15:27.366164,2026-04-30T15:20:42.040781,2026-04-30T15:26:04.207651,23.794926907813917
newsat-50,nancy,60493,2026-05-01T02:46:14.398479,2026-05-01T02:51:44.057602,2026-05-01T02:57:09.970598,33.52688864288096
newsat-50,nancy,60493,2026-05-01T04:20:16.057953,2026-05-01T04:24:39.223331,2026-05-01T04:29:02.388711,10.204223472174752
newsat-50,nancy,60493,2026-05-01T14:48:57.774149,2026-05-01T14:54:32.115930,2026-05-01T15:00:13.949964,58.559071340459305
newsat-50,nancy,60493,2026-05-02T02:20:36.653127,2026-05-02T02:25:30.724049,2026-05-02T02:30:21.048845,14.699871408730733
newsat-50,nancy,60493,2026-05-02T03:53:31.922150,2026-05-02T03:58:45.660235,2026-05-02T04:03:55.652195,22.500529847232816
newsat-50,nancy,60493,2026-05-02T14:22:53.812798,2026-05-02T14:28:26.281516,2026-05-02T14:34:06.242487,52.96216938861055
newsat-50,nancy,60493,2026-05-03T03:27:08.383153,2026-05-03T03:32:44.597997,2026-05-03T03:38:17.066715,53.55204353047637
newsat-50,nancy,60493,2026-05-03T13:57:15.227319,2026-05-03T14:02:25.219278,2026-05-03T14:07:40.830428,22.409251162985115
newsat-50,nancy,60493,2026-05-03T15:30:47.957605,2026-05-03T15:35:40.155464,2026-05-03T15:40:37.972513,15.064247558171308
newsat-50,nancy,60493,2026-05-04T03:00:59.312197,2026-05-04T03:06:37.400104,2026-05-04T03:12:10.805353,57.32184883490923
newsat-50,nancy,60493,2026-05-04T13:32:07.636908,2026-05-04T13:36:28.929223,2026-05-04T13:40:54.904197,10.16966909753598
newsat-50,nancy,60493,2026-05-04T15:03:58.181955,2026-05-04T15:09:24.094952,2026-05-04T15:14:57.500201,34.28325909602317
newsat-50,nancy,60493,2026-05-05T02:35:06.582339,2026-05-05T02:40:24.066551,2026-05-05T02:45:36.868106,23.189538362172417
newsat-50,nancy,60493,2026-05-05T04:08:38.961426,2026-05-05T04:13:27.413159,2026-05-05T04:18:13.991829,14.546363392505507
newsat-50,nancy,60493,2026-05-05T14:37:35.910035,2026-05-05T14:43:12.124879,2026-05-05T14:48:55.831977,88.8390679236814
newsat-50,nancy,60493,2026-05-06T02:09:37.940626,2026-05-06T02:14:03.915600,2026-05-06T02:18:28.017511,10.003049384821962
newsat-50,nancy,60493,2026-05-06T03:42:01.119668,2026-05-06T03:47:27.032665,2026-05-06T03:52:49.199535,31.997421666371867
newsat-50,nancy,60493,2026-05-06T14:11:39.695729,2026-05-06T14:17:05.608726,2026-05-06T14:22:37.140912,35.315653904311404
newsat-50,nancy,60493,2026-05-07T03:15:40.555540,2026-05-07T03:21:20.516510,2026-05-07T03:26:54.858291,82.5878044585821
newsat-50,nancy,60493,2026-05-07T13:46:10.985150,2026-05-07T13:51:03.183009,2026-05-07T13:56:00.063526,15.95804257476597
newsat-50,nancy,60493,2026-05-07T15:18:58.582878,2026-05-07T15:24:08.574837,2026-05-07T15:29:26.059050,21.48712084454032
newsat-50,nancy,60493,2026-05-08T02:49:34.969030,2026-05-08T02:55:06.501216,2026-05-08T03:00:34.287276,37.34104274564243
newsat-50,nancy,60493,2026-05-08T14:52:18.682126,2026-05-08T14:57:51.150844,2026-05-08T15:03:32.048346,51.90512116834753
newsat-50,nancy,60493,2026-05-09T02:23:48.278422,2026-05-09T02:28:47.032002,2026-05-09T02:33:42.039456,16.14987098362444
newsat-50,nancy,60493,2026-05-09T03:56:51.122333,2026-05-09T04:01:59.241229,2026-05-09T04:07:04.550531,20.486539607343556
newsat-50,nancy,60493,2026-05-09T14:26:05.093780,2026-05-09T14:31:38.499030,2026-05-09T14:37:19.396532,59.34067147741603
newsat-50,nancy,60493,2026-05-10T03:30:17.446761,2026-05-10T03:35:52.725074,2026-05-10T03:41:23.320729,47.89016346072341
newsat-50,nancy,60493,2026-05-10T14:00:16.199569,2026-05-10T14:05:29.937654,2026-05-10T14:10:49.294930,24.4084669612275
newsat-50,nancy,60493,2026-05-10T15:34:00.595183,2026-05-10T15:38:46.237320,2026-05-10T15:43:37.498648,13.701774161975832
newsat-50,nancy,60493,2026-05-11T03:04:00.367081,2026-05-11T03:09:39.391520,2026-05-11T03:15:12.796769,63.97965882118222
newsat-50,nancy,60493,2026-05-11T13:34:58.045633,2026-05-11T13:39:26.830201,2026-05-11T13:43:58.424365,11.114763753390084
newsat-50,nancy,60493,2026-05-11T15:07:00.256009,2026-05-11T15:12:23.359410,2026-05-11T15:17:53.955065,31.171832083151003
newsat-50,nancy,60493,2026-05-12T02:37:58.946764,2026-05-12T02:43:19.240571,2026-05-12T02:48:35.788252,25.227696590496578
newsat-50,nancy,60493,2026-05-12T04:11:38.645948,2026-05-12T04:16:20.541959,2026-05-12T04:21:01.501439,13.352826254622887
newsat-50,nancy,60493,2026-05-12T14:40:28.357094,2026-05-12T14:46:04.571938,2026-05-12T14:51:47.342504,81.2402810871272
newsat-50,nancy,60493,2026-05-13T02:12:21.105005,2026-05-13T02:16:53.635700,2026-05-13T02:21:23.356801,10.94679019831954
newsat-50,nancy,60493,2026-05-13T03:44:51.858935,2026-05-13T03:50:14.025805,2026-05-13T03:55:34.319612,29.368680042224003
newsat-50,nancy,60493,2026-05-13T14:14:23.707117,2026-05-13T14:19:50.556645,2026-05-13T14:25:23.025363,38.46453779616843
newsat-50,nancy,60493,2026-05-14T03:18:22.349551,2026-05-14T03:24:01.373990,2026-05-14T03:29:35.715771,75.32531817319054
newsat-50,nancy,60493,2026-05-14T13:48:44.687803,2026-05-14T13:53:40.631789,2026-05-14T13:58:41.258433,17.115872005926995
newsat-50,nancy,60493,2026-05-14T15:21:41.823004,2026-05-14T15:26:48.068837,2026-05-14T15:32:00.870392,19.868870000509627
newsat-50,nancy,60493,2026-05-15T02:52:08.499528,2026-05-15T02:57:41.904778,2026-05-15T03:03:10.627370,40.614241605252154
newsat-50,nancy,60493,2026-05-15T14:54:51.613519,2026-05-15T15:00:23.145705,2026-05-15T15:06:02.170144,47.450346464528316
newsat-50,nancy,60493,2026-05-16T02:26:13.118458,2026-05-16T02:31:15.618165,2026-05-16T02:36:15.308277,17.31645079521255
newsat-50,nancy,60493,2026-05-16T03:59:21.409402,2026-05-16T04:04:25.782172,2026-05-16T04:09:28.281879,19.11692909009035
newsat-50,nancy,60493,2026-05-16T14:28:29.589503,2026-05-16T14:34:02.994753,2026-05-16T14:39:43.892255,64.5704676394649
newsat-50,nancy,60493,2026-05-17T03:32:40.661640,2026-05-17T03:38:13.130358,2026-05-17T03:43:41.852950,44.200611823935795
newsat-50,nancy,60493,2026-05-17T14:02:32.686569,2026-05-17T14:07:48.297717,2026-05-17T14:13:08.591524,25.974025598056873
newsat-50,nancy,60493,2026-05-17T15:36:25.256175,2026-05-17T15:41:05.279123,2026-05-17T15:45:50.921262,12.743898283011086
newsat-50,nancy,60493,2026-05-18T03:06:14.636704,2026-05-18T03:11:53.661143,2026-05-18T03:17:28.002924,69.26533587631336
newsat-50,nancy,60493,2026-05-18T13:37:05.160428,2026-05-18T13:41:37.691123,2026-05-18T13:46:13.031414,11.806676539321915
newsat-50,nancy,60493,2026-05-18T15:09:14.608264,2026-05-18T15:14:34.902071,2026-05-18T15:20:02.688131,29.1136952591406
newsat-50,nancy,60493,2026-05-19T02:40:05.889401,2026-05-19T02:45:28.056271,2026-05-19T02:50:46.477015,26.82402050060138
newsat-50,nancy,60493,2026-05-19T04:13:49.162555,2026-05-19T04:18:27.312439,2026-05-19T04:23:04.525793,12.555738125030812
newsat-50,nancy,60493,2026-05-19T14:42:34.018885,2026-05-19T14:48:09.297198,2026-05-19T14:53:51.131232,75.74837150229287
newsat-50,nancy,60493,2026-05-20T02:14:18.420646,2026-05-20T02:18:55.633999,2026-05-20T02:23:30.037758,11.647036619213285
newsat-50,nancy,60493,2026-05-20T03:46:54.366817,2026-05-20T03:52:14.660624,2026-05-20T03:57:32.144837,27.700701767837668
newsat-50,nancy,60493,2026-05-20T14:16:20.678444,2026-05-20T14:21:48.464504,2026-05-20T14:27:21.869753,40.842061221184885
newsat-50,nancy,60493,2026-05-21T03:20:17.103504,2026-05-21T03:25:55.191411,2026-05-21T03:31:29.533192,70.5654906975408
newsat-50,nancy,60493,2026-05-21T13:50:33.905203,2026-05-21T13:55:31.722252,2026-05-21T14:00:35.158490,17.92230162184835
newsat-50,nancy,60493,2026-05-21T15:23:36.404800,2026-05-21T15:28:39.841039,2026-05-21T15:33:48.896467,18.809071273663218
newsat-50,nancy,60493,2026-05-22T02:53:55.244757,2026-05-22T02:59:29.586538,2026-05-22T03:04:59.245661,43.0427035755969
newsat-50,nancy,60493,2026-05-22T14:56:38.441383,2026-05-22T15:02:08.100506,2026-05-22T15:07:45.251882,44.70321014491055
newsat-50,nancy,60493,2026-05-23T02:27:52.791496,2026-05-23T02:32:57.164266,2026-05-23T02:37:58.727441,18.135883798565107
newsat-50,nancy,60493,2026-05-23T04:01:04.401618,2026-05-23T04:06:05.964793,2026-05-23T04:11:05.654905,18.281610216348046
newsat-50,nancy,60493,2026-05-23T14:30:07.726904,2026-05-23T14:35:41.132154,2026-05-23T14:41:22.029656,68.19288796547636
newsat-50,nancy,60493,2026-05-24T03:34:14.963394,2026-05-24T03:39:46.495580,2026-05-24T03:45:15.218172,42.053136965694584
newsat-50,nancy,60493,2026-05-24T14:04:02.388300,2026-05-24T14:09:18.935980,2026-05-24T14:14:41.102850,26.987449862725583
newsat-50,nancy,60493,2026-05-24T15:38:00.322305,2026-05-24T15:42:36.599126,2026-05-24T15:47:19.431670,12.140931618065478
newsat-50,nancy,60493,2026-05-25T03:07:41.866268,2026-05-25T03:13:20.890707,2026-05-25T03:18:56.169020,72.71675560130154
newsat-50,nancy,60493,2026-05-25T13:38:27.108229,2026-05-25T13:43:01.511987,2026-05-25T13:47:39.661873,12.217056916830067
newsat-50,nancy,60493,2026-05-25T15:10:40.983931,2026-05-25T15:15:59.404675,2026-05-25T15:21:25.317671,27.904990442023365
newsat-50,nancy,60493,2026-05-26T02:41:25.110242,2026-05-26T02:46:49.150175,2026-05-26T02:52:08.507451,27.850306601128647
newsat-50,nancy,60493,2026-05-26T04:15:11.702573,2026-05-26T04:19:47.042863,2026-05-26T04:24:21.446622,12.108831152198883
newsat-50,nancy,60493,2026-05-26T14:43:52.640622,2026-05-26T14:49:26.982403,2026-05-26T14:55:07.879905,72.60987816486335
newsat-50,nancy,60493,2026-05-27T02:15:30.824088,2026-05-27T02:20:09.910504,2026-05-27T02:24:47.123858,12.071766155101352
newsat-50,nancy,60493,2026-05-27T03:48:08.898115,2026-05-27T03:53:28.255390,2026-05-27T03:58:44.803071,26.819498137298496
newsat-50,nancy,60493,2026-05-27T14:17:30.864510,2026-05-27T14:22:58.650570,2026-05-27T14:28:32.992351,42.210879935496685
newsat-50,nancy,60493,2026-05-28T03:21:24.562610,2026-05-28T03:27:02.650517,2026-05-28T03:32:36.992298,68.11595154394523
newsat-50,nancy,60493,2026-05-28T13:51:37.019078,2026-05-28T13:56:35.772658,2026-05-28T14:01:39.208896,18.33105364641723
newsat-50,nancy,60493,2026-05-28T15:24:42.328270,2026-05-28T15:29:43.891445,2026-05-28T15:34:51.073810,18.237895460739367
newsat-50,nancy,60493,2026-05-29T02:54:55.886465,2026-05-29T03:00:30.228246,2026-05-29T03:06:00.823901,44.377882059900315
newsat-50,nancy,60493,2026-05-29T14:57:36.610923,2026-05-29T15:03:05.333514,2026-05-29T15:08:41.548359,43.368752988862816
newsat-50,nancy,60493,2026-05-30T02:28:45.424482,2026-05-30T02:33:51.670315,2026-05-30T02:38:54.170022,18.55458040057956
newsat-50,nancy,60493,2026-05-30T04:01:58.480720,2026-05-30T04:06:59.107363,2026-05-30T04:11:57.860944,17.91611416410031
newsat-50,nancy,60493,2026-05-30T14:30:58.142514,2026-05-30T14:36:31.547764,2026-05-30T14:42:11.508735,69.86242898525019
newsat-50,nancy,60493,2026-05-31T03:35:01.970305,2026-05-31T03:40:33.502491,2026-05-31T03:46:01.288551,41.20175924656959
newsat-50,nancy,60493,2026-05-31T14:04:45.986511,2026-05-31T14:10:02.534191,2026-05-31T14:15:24.701061,27.368931928476012
newsat-50,nancy,60493,2026-05-31T15:38:45.538787,2026-05-31T15:43:20.879077,2026-05-31T15:48:00.902026,11.869584414064269
newsat-50,nancy,60493,2026-06-01T03:08:22.055780,2026-06-01T03:14:01.080219,2026-06-01T03:19:36.358532,74.07792675619112
newsat-50,nancy,60493,2026-06-01T13:39:03.889041,2026-06-01T13:43:38.292799,2026-06-01T13:48:16.442685,12.33081555378358
newsat-50,nancy,60493,2026-06-01T15:11:18.446483,2026-06-01T15:16:36.867227,2026-06-01T15:22:00.907160,27.444396896526197
newsat-50,nancy,60493,2026-06-02T02:41:58.482355,2026-06-02T02:47:22.522288,2026-06-02T02:52:42.816095,28.213122133760184
newsat-50,nancy,60493,2026-06-02T04:15:45.329478,2026-06-02T04:20:19.733236,2026-06-02T04:24:53.200463,11.985672662114874
newsat-50,nancy,60493,2026-06-02T14:44:23.540567,2026-06-02T14:49:56.945817,2026-06-02T14:55:37.843319,71.68631507300482
newsat-50,nancy,60493,2026-06-03T02:15:57.124010,2026-06-03T02:20:37.146958,2026-06-03T02:25:15.296844,12.197153591938667
newsat-50,nancy,60493,2026-06-03T03:48:34.771089,2026-06-03T03:53:54.128364,2026-06-03T03:59:10.676045,26.63593656091446
newsat-50,nancy,60493,2026-06-03T14:17:55.628796,2026-06-03T14:23:22.478324,2026-06-03T14:28:55.883573,42.43533577050923
newsat-50,nancy,60493,2026-06-04T03:21:43.618184,2026-06-04T03:27:21.706091,2026-06-04T03:32:56.047872,67.75565436036536
newsat-50,nancy,60493,2026-06-04T13:51:54.029432,2026-06-04T13:56:52.783012,2026-06-04T14:01:55.282719,18.320692559222692
newsat-50,nancy,60493,2026-06-04T15:24:59.593417,2026-06-04T15:30:00.220060,2026-06-04T15:35:06.465894,18.12710751737048
newsat-50,nancy,60493,2026-06-05T02:55:08.806380,2026-06-05T03:00:43.148161,2026-06-05T03:06:13.743816,44.46491493650959
newsat-50,nancy,60493,2026-06-05T14:57:47.058669,2026-06-05T15:03:14.844729,2026-06-05T15:08:51.059574,43.32459928946967
newsat-50,nancy,60493,2026-06-06T02:28:51.526997,2026-06-06T02:33:57.772830,2026-06-06T02:39:01.209068,18.537663169453527
newsat-50,nancy,60493,2026-06-06T04:02:03.901495,2026-06-06T04:07:04.528138,2026-06-06T04:12:04.218250,17.9893969058807
newsat-50,nancy,60493,2026-06-06T14:31:02.454601,2026-06-06T14:36:34.923319,2026-06-06T14:42:13.947758,69.45669521493794
newsat-50,nancy,60493,2026-06-07T03:35:01.255420,2026-06-07T03:40:32.787606,2026-06-07T03:46:01.510198,41.53413593543584
newsat-50,nancy,60493,2026-06-07T14:04:43.481198,2026-06-07T14:09:59.092346,2026-06-07T14:15:20.322685,27.089886859999226
newsat-50,nancy,60493,2026-06-07T15:38:41.669994,2026-06-07T15:43:16.073752,2026-06-07T15:47:56.096701,11.924362294991322
newsat-50,nancy,60493,2026-06-08T03:08:14.523494,2026-06-08T03:13:53.547933,2026-06-08T03:19:28.826246,73.23159265766479
newsat-50,nancy,60493,2026-06-08T13:38:55.502859,2026-06-08T13:43:28.033554,2026-06-08T13:48:05.246908,12.147806804926255
newsat-50,nancy,60493,2026-06-08T15:11:07.505498,2026-06-08T15:16:25.926242,2026-06-08T15:21:49.966175,27.703961417889918
newsat-50,nancy,60493,2026-06-09T02:41:44.132669,2026-06-09T02:47:08.172602,2026-06-09T02:52:28.466409,27.871229306441
newsat-50,nancy,60493,2026-06-09T04:15:30.043260,2026-06-09T04:20:05.383550,2026-06-09T04:24:40.723841,12.17508165194701
newsat-50,nancy,60493,2026-06-09T14:44:06.718713,2026-06-09T14:49:39.187431,2026-06-09T14:55:20.084933,72.9599964694719
newsat-50,nancy,60493,2026-06-10T02:15:36.893457,2026-06-10T02:20:15.979873,2026-06-10T02:24:53.193227,12.009861862155839
newsat-50,nancy,60493,2026-06-10T03:48:13.604004,2026-06-10T03:53:32.961279,2026-06-10T03:58:51.382023,27.126082910570794
newsat-50,nancy,60493,2026-06-10T14:17:31.989542,2026-06-10T14:22:57.902539,2026-06-10T14:28:31.307788,41.47966080026292
newsat-50,nancy,60493,2026-06-11T03:21:15.378907,2026-06-11T03:26:54.403346,2026-06-11T03:32:29.681659,69.50970162660307
newsat-50,nancy,60493,2026-06-11T13:51:25.191050,2026-06-11T13:56:22.071567,2026-06-11T14:01:23.634742,17.89695920249317
newsat-50,nancy,60493,2026-06-11T15:24:28.200232,2026-06-11T15:29:28.826875,2026-06-11T15:34:36.009240,18.481499484466568
newsat-50,nancy,60493,2026-06-12T02:54:34.004496,2026-06-12T03:00:08.346277,2026-06-12T03:05:38.941932,43.28495201655437
newsat-50,nancy,60493,2026-06-12T14:57:08.848087,2026-06-12T15:02:36.634147,2026-06-12T15:08:12.848992,44.59279972571963
newsat-50,nancy,60493,2026-06-13T02:28:10.844246,2026-06-13T02:33:16.153548,2026-06-13T02:38:18.653255,18.078489633127692
newsat-50,nancy,60493,2026-06-13T04:01:21.090889,2026-06-13T04:06:23.590596,2026-06-13T04:11:25.153771,18.500584448247295
newsat-50,nancy,60493,2026-06-13T14:30:18.363151,2026-06-13T14:35:49.895337,2026-06-13T14:41:28.919776,66.96126810397077
newsat-50,nancy,60493,2026-06-14T03:34:11.882207,2026-06-14T03:39:44.350925,2026-06-14T03:45:14.010048,43.07639596544206
newsat-50,nancy,60493,2026-06-14T14:03:54.190620,2026-06-14T14:09:07.928705,2026-06-14T14:14:27.285981,26.178136329948213
newsat-50,nancy,60493,2026-06-14T15:37:47.015018,2026-06-14T15:42:24.228371,2026-06-14T15:47:06.124383,12.318120260192105
newsat-50,nancy,60493,2026-06-15T03:07:19.014622,2026-06-15T03:12:58.975592,2026-06-15T03:18:34.253905,70.25713131930166
newsat-50,nancy,60493,2026-06-15T13:38:01.013153,2026-06-15T13:42:30.734253,2026-06-15T13:47:05.138012,11.681889938257283
newsat-50,nancy,60493,2026-06-15T15:10:08.160978,2026-06-15T15:15:26.581722,2026-06-15T15:20:52.494718,28.72538642712894
newsat-50,nancy,60493,2026-06-16T02:40:42.997723,2026-06-16T02:46:06.101124,2026-06-16T02:51:25.458400,26.845500838162764
newsat-50,nancy,60493,2026-06-16T04:14:24.907396,2026-06-16T04:19:03.993812,2026-06-16T04:23:42.143698,12.680530843317548
newsat-50,nancy,60493,2026-06-16T14:43:01.920274,2026-06-16T14:48:34.388992,2026-06-16T14:54:14.349963,76.56870558201747
newsat-50,nancy,60493,2026-06-17T02:14:30.814175,2026-06-17T02:19:07.090996,2026-06-17T02:23:41.494755,11.512001992850736
newsat-50,nancy,60493,2026-06-17T03:47:02.587272,2026-06-17T03:52:24.754142,2026-06-17T03:57:44.111418,28.325536620259076
newsat-50,nancy,60493,2026-06-17T14:16:21.310238,2026-06-17T14:21:46.286703,2026-06-17T14:27:17.818889,39.456681689282945
newsat-50,nancy,60493,2026-06-18T03:19:59.672631,2026-06-18T03:25:38.697070,2026-06-18T03:31:14.911915,73.43874164725779
newsat-50,nancy,60493,2026-06-18T13:50:09.567410,2026-06-18T13:55:03.638332,2026-06-18T14:00:02.391913,17.09177631477473
newsat-50,nancy,60493,2026-06-18T15:23:06.530453,2026-06-18T15:28:09.030160,2026-06-18T15:33:18.085588,19.33716087611758
newsat-50,nancy,60493,2026-06-19T02:53:12.162562,2026-06-19T02:58:46.504343,2026-06-19T03:04:16.163466,40.95873600179232
newsat-50,nancy,60493,2026-06-19T14:55:41.979184,2026-06-19T15:01:10.701775,2026-06-19T15:06:46.916620,47.342432566970935
newsat-50,nancy,60493,2026-06-20T02:26:44.312769,2026-06-20T02:31:46.812476,2026-06-20T02:36:46.502588,17.198777913871794
newsat-50,nancy,60493,2026-06-20T03:59:49.621961,2026-06-20T04:04:54.931263,2026-06-20T04:09:59.304033,19.476154969332825
newsat-50,nancy,60493,2026-06-20T14:28:46.549913,2026-06-20T14:34:17.145567,2026-06-20T14:39:56.170006,62.592491682686386
newsat-50,nancy,60493,2026-06-21T03:32:34.532413,2026-06-21T03:38:08.874194,2026-06-21T03:43:40.406380,45.998133066979506
newsat-50,nancy,60493,2026-06-21T14:02:18.114785,2026-06-21T14:07:29.043276,2026-06-21T14:12:46.527489,24.714428138202223
newsat-50,nancy,60493,2026-06-21T15:36:03.274774,2026-06-21T15:40:43.297722,2026-06-21T15:45:29.876392,13.07866371438082
newsat-50,nancy,60493,2026-06-22T03:05:36.038754,2026-06-22T03:11:15.999724,2026-06-22T03:16:51.278037,65.32086168107223
newsat-50,nancy,60493,2026-06-22T13:36:20.674724,2026-06-22T13:40:45.713166,2026-06-22T13:45:15.434267,10.957592877697671
newsat-50,nancy,60493,2026-06-22T15:08:20.158140,2026-06-22T15:13:39.515415,2026-06-22T15:19:07.301475,30.62624700426397
newsat-50,nancy,60493,2026-06-23T02:38:55.077520,2026-06-23T02:44:16.307858,2026-06-23T02:49:33.792071,25.214896198053747
newsat-50,nancy,60493,2026-06-23T04:12:31.113212,2026-06-23T04:17:14.882286,2026-06-23T04:21:57.714830,13.522158730840559
newsat-50,nancy,60493,2026-06-23T14:41:08.036570,2026-06-23T14:46:40.505288,2026-06-23T14:52:21.402790,82.58011786650388
newsat-50,nancy,60493,2026-06-24T02:12:38.886168,2026-06-24T02:17:10.480331,2026-06-24T02:21:40.201432,10.720165579727434
newsat-50,nancy,60493,2026-06-24T03:45:04.785284,2026-06-24T03:50:28.825217,2026-06-24T03:55:50.992087,30.340229926690164
newsat-50,nancy,60493,2026-06-24T14:14:23.845679,2026-06-24T14:19:46.949080,2026-06-24T14:25:16.608203,36.57220161523275
newsat-50,nancy,60493,2026-06-25T03:17:55.989778,2026-06-25T03:23:35.950748,2026-06-25T03:29:12.165593,79.8154318920373
newsat-50,nancy,60493,2026-06-25T13:48:07.840254,2026-06-25T13:52:58.165050,2026-06-25T13:57:53.172504,15.956785744159532
newsat-50,nancy,60493,2026-06-25T15:20:55.520616,2026-06-25T15:26:00.829918,2026-06-25T15:31:13.631473,20.768682312282767
newsat-50,nancy,60493,2026-06-26T02:51:03.108423,2026-06-26T02:56:35.577141,2026-06-26T03:02:04.299733,37.70505941525861
newsat-50,nancy,60493,2026-06-26T14:53:26.706748,2026-06-26T14:58:56.365871,2026-06-26T15:04:34.453779,51.910139266965956
newsat-50,nancy,60493,2026-06-27T02:24:30.314293,2026-06-27T02:29:29.067873,2026-06-27T02:34:25.011858,15.94518320670705
newsat-50,nancy,60493,2026-06-27T03:57:29.494712,2026-06-27T04:02:38.550140,2026-06-27T04:07:46.669037,20.98251830813112
newsat-50,nancy,60493,2026-06-27T14:26:27.014880,2026-06-27T14:31:56.674003,2026-06-27T14:37:34.761911,56.75340375722513
newsat-50,nancy,60493,2026-06-28T03:30:09.460825,2026-06-28T03:35:45.675669,2026-06-28T03:41:18.144387,50.636970462674675
newsat-50,nancy,60493,2026-06-28T13:59:54.317156,2026-06-28T14:05:02.436052,2026-06-28T14:10:16.174139,22.813299875199007
newsat-50,nancy,60493,2026-06-28T15:33:29.003142,2026-06-28T15:38:14.645279,2026-06-28T15:43:06.843138,14.256629442297264
newsat-50,nancy,60493,2026-06-29T03:03:06.277623,2026-06-29T03:08:45.302062,2026-06-29T03:14:19.643843,58.85071708761329
newsat-50,nancy,60493,2026-06-29T13:33:54.487562,2026-06-29T13:38:12.970283,2026-06-29T13:42:36.135663,10.00680257727763
newsat-50,nancy,60493,2026-06-29T15:05:42.560442,2026-06-29T15:11:04.727312,2026-06-29T15:16:35.322967,33.62624900055313
newsat-50,nancy,60493,2026-06-30T02:36:20.626842,2026-06-30T02:41:38.111054,2026-06-30T02:46:51.849141,23.09910497056581
newsat-50,nancy,60493,2026-06-30T04:09:49.342438,2026-06-30T04:14:38.730702,2026-06-30T04:19:27.182435,14.74389231548265
newsat-50,nancy,60493,2026-06-30T14:38:27.112806,2026-06-30T14:43:59.581524,2026-06-30T14:49:40.479026,88.54515025722712
newsat-50,nancy,60493,2026-07-01T03:42:17.388432,2026-07-01T03:47:45.174492,2026-07-01T03:53:09.214425,33.38124777987189
newsat-50,nancy,60493,2026-07-01T14:11:38.914110,2026-07-01T14:16:59.207917,2026-07-01T14:22:26.993977,33.09526057365545
newsat-50,nancy,60493,2026-07-02T03:15:03.903384,2026-07-02T03:20:44.800886,2026-07-02T03:26:21.015731,88.65564517129096
newsat-50,nancy,60493,2026-07-02T13:45:20.264362,2026-07-02T13:50:04.969968,2026-07-02T13:54:54.358233,14.552684882153047
newsat-50,nancy,60493,2026-07-02T15:17:54.915917,2026-07-02T15:23:04.907876,2026-07-02T15:28:22.392089,22.906315872048694
newsat-50,nancy,60493,2026-07-03T02:48:07.014225,2026-07-03T02:53:37.609879,2026-07-03T02:59:03.522875,33.82890674799537
newsat-50,nancy,60493,2026-07-03T04:22:05.519791,2026-07-03T04:26:28.685169,2026-07-03T04:30:50.914017,10.185797210449255
newsat-50,nancy,60493,2026-07-03T14:50:23.712517,2026-07-03T14:55:54.308171,2026-07-03T15:01:33.332610,58.85662737041171
newsat-50,nancy,60493,2026-07-04T02:21:30.721875,2026-07-04T02:26:22.919734,2026-07-04T02:31:12.307999,14.383106452405336
newsat-50,nancy,60493,2026-07-04T03:54:20.709136,2026-07-04T03:59:34.447221,2026-07-04T04:04:47.248776,23.143403459269322
newsat-50,nancy,60493,2026-07-04T14:23:20.694584,2026-07-04T14:28:48.480644,2026-07-04T14:34:24.695489,50.01712941940036
newsat-50,nancy,60493,2026-07-05T03:26:55.985703,2026-07-05T03:32:34.073610,2026-07-05T03:38:07.478859,57.5606424090103
newsat-50,nancy,60493,2026-07-05T13:56:44.670796,2026-07-05T14:01:48.107035,2026-07-05T14:06:58.098995,20.600884728751492
newsat-50,nancy,60493,2026-07-05T15:30:04.454912,2026-07-05T15:34:57.589302,2026-07-05T15:39:56.342883,15.932522720499012
newsat-50,nancy,60493,2026-07-06T02:59:48.112959,2026-07-06T03:05:26.200866,2026-07-06T03:10:59.606115,51.43385696986552
newsat-50,nancy,60493,2026-07-06T15:02:16.559213,2026-07-06T15:07:41.535678,2026-07-06T15:13:14.940927,38.1030653944366
newsat-50,nancy,60493,2026-07-07T02:32:58.709168,2026-07-07T02:38:11.510722,2026-07-07T02:43:20.566150,20.638916508243597
newsat-50,nancy,60493,2026-07-07T04:06:18.231604,2026-07-07T04:11:14.175590,2026-07-07T04:16:09.183044,16.422688400424896
newsat-50,nancy,60493,2026-07-07T14:34:57.785515,2026-07-07T14:40:30.254233,2026-07-07T14:46:11.151735,77.80754274917146
newsat-50,nancy,60493,2026-07-08T03:38:42.524587,2026-07-08T03:44:13.120241,2026-07-08T03:49:40.906301,37.823667803515114
newsat-50,nancy,60493,2026-07-08T14:08:06.942492,2026-07-08T14:13:24.426704,2026-07-08T14:18:48.466637,29.30616704135747
newsat-50,nancy,60493,2026-07-08T15:42:13.560073,2026-07-08T15:46:41.408110,2026-07-08T15:51:15.811869,10.927961593155958
newsat-50,nancy,60493,2026-07-09T03:11:24.349992,2026-07-09T03:17:05.247494,2026-07-09T03:22:41.462339,79.7726369340378
newsat-50,nancy,60493,2026-07-09T13:41:47.094537,2026-07-09T13:46:23.371358,2026-07-09T13:51:05.267370,12.941625600593385
newsat-50,nancy,60493,2026-07-09T15:14:05.907689,2026-07-09T15:19:20.582306,2026-07-09T15:24:43.685708,25.967264576595262
newsat-50,nancy,60493,2026-07-10T02:44:23.026082,2026-07-10T02:49:49.875610,2026-07-10T02:55:12.979012,29.625965419754966
newsat-50,nancy,60493,2026-07-10T04:18:11.147164,2026-07-10T04:22:43.677859,2026-07-10T04:27:16.208555,11.583454334868517
newsat-50,nancy,60493,2026-07-10T14:46:31.378223,2026-07-10T14:52:03.846941,2026-07-10T14:57:44.744443,68.90467769921504
newsat-50,nancy,60493,2026-07-11T02:17:44.598990,2026-07-11T02:22:28.368064,2026-07-11T02:27:09.327544,12.586339155054448
newsat-50,nancy,60493,2026-07-11T03:50:23.265235,2026-07-11T03:55:42.622510,2026-07-11T04:00:59.170191,26.176397686704195
newsat-50,nancy,60493,2026-07-11T14:19:25.715966,2026-07-11T14:24:52.565494,2026-07-11T14:30:26.907275,43.007374264020406
newsat-50,nancy,60493,2026-07-12T03:22:55.043585,2026-07-12T03:28:34.068024,2026-07-12T03:34:09.346337,67.57526734195315
newsat-50,nancy,60493,2026-07-12T13:52:49.175712,2026-07-12T13:57:46.056229,2026-07-12T14:02:49.492467,18.195012765715415
newsat-50,nancy,60493,2026-07-12T15:25:51.757945,2026-07-12T15:30:51.448057,2026-07-12T15:35:58.630422,18.23692993993009
newsat-50,nancy,60493,2026-07-13T02:55:43.417827,2026-07-13T03:01:18.696140,2026-07-13T03:06:49.291795,43.75260303182585
newsat-50,nancy,60493,2026-07-13T14:58:01.217922,2026-07-13T15:03:29.940513,2026-07-13T15:09:06.155358,44.699037353779346
newsat-50,nancy,60493,2026-07-14T02:28:51.197553,2026-07-14T02:33:56.506855,2026-07-14T02:38:58.070030,17.972148046461147
newsat-50,nancy,60493,2026-07-14T04:01:58.462444,2026-07-14T04:07:01.898683,2026-07-14T04:12:03.461858,18.691906662932215
newsat-50,nancy,60493,2026-07-14T14:30:40.991222,2026-07-14T14:36:12.523408,2026-07-14T14:41:52.484379,65.6402178586141
newsat-50,nancy,60493,2026-07-15T03:34:19.002416,2026-07-15T03:39:53.344197,2026-07-15T03:45:23.003320,44.32709249546368
newsat-50,nancy,60493,2026-07-15T14:03:48.440407,2026-07-15T14:09:01.241961,2026-07-15T14:14:20.599237,25.431800162686812
newsat-50,nancy,60493,2026-07-15T15:37:35.728251,2026-07-15T15:42:14.814667,2026-07-15T15:47:00.456806,12.805812982043586
newsat-50,nancy,60493,2026-07-16T03:06:57.329601,2026-07-16T03:12:37.290571,2026-07-16T03:18:11.632352,66.90364624408342
newsat-50,nancy,60493,2026-07-16T13:37:27.821188,2026-07-16T13:41:54.732693,2026-07-16T13:46:26.326857,11.181564613938868
newsat-50,nancy,60493,2026-07-16T15:09:27.814187,2026-07-16T15:14:47.171462,2026-07-16T15:20:15.894054,30.32349604182769
newsat-50,nancy,60493,2026-07-17T02:39:53.189209,2026-07-17T02:45:14.419547,2026-07-17T02:50:30.967228,25.365180313099494
newsat-50,nancy,60493,2026-07-17T04:13:28.116213,2026-07-17T04:18:10.948756,2026-07-17T04:22:52.844768,13.414369016748793
newsat-50,nancy,60493,2026-07-17T14:41:52.513461,2026-07-17T14:47:24.982179,2026-07-17T14:53:06.816213,82.57607327594874
newsat-50,nancy,60493,2026-07-18T02:13:13.136960,2026-07-18T02:17:44.731123,2026-07-18T02:22:12.579161,10.627190329326531
newsat-50,nancy,60493,2026-07-18T03:45:37.672596,2026-07-18T03:51:01.712529,2026-07-18T03:56:22.942868,30.46049652161513
newsat-50,nancy,60493,2026-07-18T14:14:45.143411,2026-07-18T14:20:08.246812,2026-07-18T14:25:38.842467,36.239296395323215
newsat-50,nancy,60493,2026-07-19T03:18:05.697932,2026-07-19T03:23:45.658902,2026-07-19T03:29:20.937215,81.41544622126725
newsat-50,nancy,60493,2026-07-19T13:48:06.895363,2026-07-19T13:52:56.283627,2026-07-19T13:57:51.291081,15.692584345097059
newsat-50,nancy,60493,2026-07-19T15:20:49.466119,2026-07-19T15:25:57.585015,2026-07-19T15:31:12.259633,21.389512232654273
newsat-50,nancy,60493,2026-07-20T02:50:50.573953,2026-07-20T02:56:22.106139,2026-07-20T03:01:48.955667,36.38697216589342
newsat-50,nancy,60493,2026-07-20T14:52:58.409626,2026-07-20T14:58:29.941812,2026-07-20T15:04:08.966251,54.45410594851878
newsat-50,nancy,60493,2026-07-21T02:23:55.791989,2026-07-21T02:28:51.735975,2026-07-21T02:33:43.933834,15.21601813651598
newsat-50,nancy,60493,2026-07-21T03:56:49.608011,2026-07-21T04:02:00.536502,2026-07-21T04:07:09.591930,21.77758043309279
newsat-50,nancy,60493,2026-07-21T14:25:37.411663,2026-07-21T14:31:07.070786,2026-07-21T14:36:45.158694,53.60120082798214
newsat-50,nancy,60493,2026-07-22T03:29:07.586290,2026-07-22T03:34:43.801134,2026-07-22T03:40:16.269852,53.9772337545236
newsat-50,nancy,60493,2026-07-22T13:58:44.089585,2026-07-22T14:03:50.335418,2026-07-22T14:09:02.200441,21.637907187684124
newsat-50,nancy,60493,2026-07-22T15:32:08.811149,2026-07-22T15:36:59.135945,2026-07-22T15:41:56.016462,15.283810676647553
newsat-50,nancy,60493,2026-07-23T03:01:42.160462,2026-07-23T03:07:20.248369,2026-07-23T03:12:52.717087,54.055430791579475
newsat-50,nancy,60493,2026-07-23T15:04:01.062357,2026-07-23T15:09:26.038822,2026-07-23T15:14:59.444071,36.63749169929724
newsat-50,nancy,60493,2026-07-24T02:34:35.458381,2026-07-24T02:39:49.196466,2026-07-24T02:44:58.251894,21.23220665977408
newsat-50,nancy,60493,2026-07-24T04:07:55.745192,2026-07-24T04:12:49.816114,2026-07-24T04:17:42.013973,15.824628138954248
newsat-50,nancy,60493,2026-07-24T14:36:24.990369,2026-07-24T14:41:58.395619,2026-07-24T14:47:40.229653,80.54529623867394
newsat-50,nancy,60493,2026-07-25T03:40:02.739886,2026-07-25T03:45:32.399009,2026-07-25T03:50:58.312005,36.68214983654397
newsat-50,nancy,60493,2026-07-25T14:09:17.103848,2026-07-25T14:14:35.524592,2026-07-25T14:20:01.437588,30.03125236445098
newsat-50,nancy,60493,2026-07-25T15:43:24.657961,2026-07-25T15:47:52.505998,2026-07-25T15:52:25.973225,10.755647481726948
newsat-50,nancy,60493,2026-07-26T03:12:28.203532,2026-07-26T03:18:08.164502,2026-07-26T03:23:42.506283,81.20750751314343
newsat-50,nancy,60493,2026-07-26T13:42:39.702811,2026-07-26T13:47:18.789227,2026-07-26T13:52:01.621771,13.165200169201125
newsat-50,nancy,60493,2026-07-26T15:14:59.025548,2026-07-26T15:20:14.636696,2026-07-26T15:25:37.740098,25.770599256517837
newsat-50,nancy,60493,2026-07-27T02:45:10.517864,2026-07-27T02:50:36.430861,2026-07-27T02:55:57.661200,29.700753108093643
newsat-50,nancy,60493,2026-07-27T04:18:57.275467,2026-07-27T04:23:28.869630,2026-07-27T04:27:58.590731,11.41339556151038
newsat-50,nancy,60493,2026-07-27T14:47:08.134324,2026-07-27T14:52:41.539574,2026-07-27T14:58:22.437076,68.7605628628515
newsat-50,nancy,60493,2026-07-28T02:18:15.983807,2026-07-28T02:22:57.879818,2026-07-28T02:27:36.966235,12.460771077702056
newsat-50,nancy,60493,2026-07-28T03:50:52.350041,2026-07-28T03:56:10.770785,2026-07-28T04:01:26.381935,26.081257328764433
newsat-50,nancy,60493,2026-07-28T14:19:46.365102,2026-07-28T14:25:13.214630,2026-07-28T14:30:48.492943,42.82123973758565
newsat-50,nancy,60493,2026-07-29T03:23:07.766632,2026-07-29T03:28:45.854539,2026-07-29T03:34:19.259788,68.33541056148356
newsat-50,nancy,60493,2026-07-29T13:52:53.208295,2026-07-29T13:57:51.025344,2026-07-29T14:02:54.461582,18.020143756920543
newsat-50,nancy,60493,2026-07-29T15:25:52.808777,2026-07-29T15:30:54.371952,2026-07-29T15:36:03.427380,18.59400418157913
newsat-50,nancy,60493,2026-07-30T02:55:39.779117,2026-07-30T03:01:14.120898,2026-07-30T03:06:42.843490,42.58805296941635
newsat-50,nancy,60493,2026-07-30T14:57:46.843530,2026-07-30T15:03:16.502653,2026-07-30T15:08:53.654029,46.08824147965106
newsat-50,nancy,60493,2026-07-31T02:28:31.706669,2026-07-31T02:33:34.206376,2026-07-31T02:38:32.959957,17.34013410547739
newsat-50,nancy,60493,2026-07-31T04:01:36.161965,2026-07-31T04:06:39.598204,2026-07-31T04:11:41.161379,19.06319577844418
newsat-50,nancy,60493,2026-07-31T14:30:11.191603,2026-07-31T14:35:42.723789,2026-07-31T14:41:22.684760,63.13656199585277
newsat-50,nancy,60493,2026-08-01T03:33:40.594968,2026-08-01T03:39:14.000218,2026-08-01T03:44:42.722810,46.08798692847254
newsat-50,nancy,60493,2026-08-01T14:03:03.215561,2026-08-01T14:08:15.080583,2026-08-01T14:13:33.501327,24.504792169878503
newsat-50,nancy,60493,2026-08-01T15:36:43.775527,2026-08-01T15:41:26.608070,2026-08-01T15:46:15.996335,13.4377339088403
newsat-50,nancy,60493,2026-08-02T03:06:02.560395,2026-08-02T03:11:41.584834,2026-08-02T03:17:14.053552,63.03601518954445
newsat-50,nancy,60493,2026-08-02T13:36:28.789386,2026-08-02T13:40:52.891296,2026-08-02T13:45:20.739334,10.660875923077006
newsat-50,nancy,60493,2026-08-02T15:08:20.436236,2026-08-02T15:13:42.603106,2026-08-02T15:19:13.198761,32.079349259608044
newsat-50,nancy,60493,2026-08-03T02:38:43.504358,2026-08-03T02:44:00.988570,2026-08-03T02:49:14.726657,23.826242491470524
newsat-50,nancy,60493,2026-08-03T04:12:13.493912,2026-08-03T04:16:58.199518,2026-08-03T04:21:41.968594,14.024258648416684
newsat-50,nancy,60493,2026-08-03T14:40:30.392021,2026-08-03T14:46:04.733802,2026-08-03T14:51:46.567836,88.21144127182534
newsat-50,nancy,60493,2026-08-04T03:44:06.943328,2026-08-04T03:49:31.919793,2026-08-04T03:54:53.150132,32.34290969666915
newsat-50,nancy,60493,2026-08-04T14:13:08.788068,2026-08-04T14:18:30.954938,2026-08-04T14:24:00.614061,33.76957517961069
newsat-50,nancy,60493,2026-08-05T03:16:19.798231,2026-08-05T03:21:58.822670,2026-08-05T03:27:32.227919,88.18497903623738
newsat-50,nancy,60493,2026-08-05T13:46:17.669598,2026-08-05T13:51:03.311735,2026-08-05T13:55:53.636531,14.622253691489037
newsat-50,nancy,60493,2026-08-05T15:18:49.339401,2026-08-05T15:24:01.204423,2026-08-05T15:29:20.561699,23.153331059291432
newsat-50,nancy,60493,2026-08-06T02:48:49.503817,2026-08-06T02:54:18.226408,2026-08-06T02:59:41.329810,33.06749134162749
newsat-50,nancy,60493,2026-08-06T04:22:45.027631,2026-08-06T04:27:07.256478,2026-08-06T04:31:28.548795,10.163658557007349
newsat-50,nancy,60493,2026-08-06T14:50:45.412483,2026-08-06T14:56:17.881201,2026-08-06T15:01:57.842172,60.61463927463664
newsat-50,nancy,60493,2026-08-07T02:21:42.615804,2026-08-07T02:26:30.131005,2026-08-07T02:31:14.836612,13.736536425859173
newsat-50,nancy,60493,2026-08-07T03:54:26.556927,2026-08-07T03:59:40.295012,2026-08-07T04:04:51.223503,23.576362704002694
newsat-50,nancy,60493,2026-08-07T14:23:09.671034,2026-08-07T14:28:39.330157,2026-08-07T14:34:15.545002,47.91888551445377
newsat-50,nancy,60493,2026-08-08T03:26:29.364772,2026-08-08T03:32:06.516148,2026-08-08T03:37:38.048334,60.79035772741728
newsat-50,nancy,60493,2026-08-08T13:56:03.733328,2026-08-08T14:01:06.233035,2026-08-08T14:06:13.415400,19.646165065756154
newsat-50,nancy,60493,2026-08-08T15:29:14.744346,2026-08-08T15:34:11.624863,2026-08-08T15:39:15.061101,16.988873172884034
newsat-50,nancy,60493,2026-08-09T02:58:50.214627,2026-08-09T03:04:24.556408,2026-08-09T03:09:54.215531,47.15796572386933
newsat-50,nancy,60493,2026-08-09T15:00:55.061663,2026-08-09T15:06:22.847723,2026-08-09T15:11:58.126036,41.65942212549229
newsat-50,nancy,60493,2026-08-10T02:31:30.469968,2026-08-10T02:36:35.779270,2026-08-10T02:41:38.278977,18.739589851364567
newsat-50,nancy,60493,2026-08-10T04:04:39.690558,2026-08-10T04:09:38.444138,2026-08-10T04:14:35.324655,17.529831974557226
newsat-50,nancy,60493,2026-08-10T14:33:06.374045,2026-08-10T14:38:38.842763,2026-08-10T14:44:19.740265,69.71988138523757
newsat-50,nancy,60493,2026-08-11T03:36:32.451346,2026-08-11T03:42:03.983532,2026-08-11T03:47:30.833060,41.993901014721885
newsat-50,nancy,60493,2026-08-11T14:05:45.362309,2026-08-11T14:11:00.973457,2026-08-11T14:16:21.267264,26.37391356776115
newsat-50,nancy,60493,2026-08-11T15:39:35.032800,2026-08-11T15:44:13.182684,2026-08-11T15:48:56.951760,12.406707574362043
newsat-50,nancy,60493,2026-08-12T03:08:44.190672,2026-08-12T03:14:21.342048,2026-08-12T03:19:53.810766,68.89896948797875
newsat-50,nancy,60493,2026-08-12T13:38:58.155232,2026-08-12T13:43:27.876332,2026-08-12T13:48:00.407028,11.453363085342675
newsat-50,nancy,60493,2026-08-12T15:10:58.657815,2026-08-12T15:16:18.951622,2026-08-12T15:21:46.737682,29.756767494450497
newsat-50,nancy,60493,2026-08-13T02:41:12.525892,2026-08-13T02:46:31.883167,2026-08-13T02:51:46.557785,25.405307434992334
newsat-50,nancy,60493,2026-08-13T04:14:47.025948,2026-08-13T04:19:27.048896,2026-08-13T04:24:05.198782,13.053351225373502
newsat-50,nancy,60493,2026-08-13T14:42:56.769231,2026-08-13T14:48:30.174481,2026-08-13T14:54:12.008515,82.0220351570977
newsat-50,nancy,60493,2026-08-14T02:14:07.758850,2026-08-14T02:18:35.606887,2026-08-14T02:23:01.581861,10.421097174757548
newsat-50,nancy,60493,2026-08-14T03:46:29.057943,2026-08-14T03:51:51.224813,2026-08-14T03:57:10.582089,30.215547409110318
newsat-50,nancy,60493,2026-08-14T14:15:22.811325,2026-08-14T14:20:46.851258,2026-08-14T14:26:17.446913,35.96764452289288
newsat-50,nancy,60493,2026-08-15T03:18:30.495422,2026-08-15T03:24:08.583329,2026-08-15T03:29:41.052047,82.82835505806219
newsat-50,nancy,60493,2026-08-15T13:48:19.593691,2026-08-15T13:53:08.981955,2026-08-15T13:58:02.116346,15.380113063070363
newsat-50,nancy,60493,2026-08-15T15:20:57.564424,2026-08-15T15:26:07.556383,2026-08-15T15:31:23.167533,21.896991113317668
newsat-50,nancy,60493,2026-08-16T02:50:49.720118,2026-08-16T02:56:18.442709,2026-08-16T03:01:42.482642,34.87772678039104
newsat-50,nancy,60493,2026-08-16T14:52:41.793137,2026-08-16T14:58:13.325323,2026-08-16T15:03:53.286294,56.96618159397051
newsat-50,nancy,60493,2026-08-17T02:23:30.478151,2026-08-17T02:28:20.802947,2026-08-17T02:33:07.381617,14.337290819381737
newsat-50,nancy,60493,2026-08-17T03:56:18.674983,2026-08-17T04:01:29.603474,2026-08-17T04:06:37.722371,22.458253692148393
newsat-50,nancy,60493,2026-08-17T14:24:54.889056,2026-08-17T14:30:24.548179,2026-08-17T14:36:01.699555,50.442855483045484
newsat-50,nancy,60493,2026-08-18T03:28:10.320197,2026-08-18T03:33:45.598510,2026-08-18T03:39:16.194165,57.68962252648492
newsat-50,nancy,60493,2026-08-18T13:57:37.788717,2026-08-18T14:02:41.224956,2026-08-18T14:07:50.280384,20.334764216714547
newsat-50,nancy,60493,2026-08-18T15:30:52.291070,2026-08-18T15:35:47.298524,2026-08-18T15:40:47.925168,16.305832668234302
newsat-50,nancy,60493,2026-08-19T03:00:20.434369,2026-08-19T03:05:54.776150,2026-08-19T03:11:23.498742,49.14752621645589
newsat-50,nancy,60493,2026-08-19T15:02:21.445757,2026-08-19T15:07:48.295285,2026-08-19T15:13:22.637066,40.01913214167817
newsat-50,nancy,60493,2026-08-20T02:32:49.272285,2026-08-20T02:37:56.454650,2026-08-20T02:42:58.954357,19.245722368708964
newsat-50,nancy,60493,2026-08-20T04:06:01.130312,2026-08-20T04:10:57.074298,2026-08-20T04:15:51.145220,16.961853500331465
newsat-50,nancy,60493,2026-08-20T14:34:21.595506,2026-08-20T14:39:54.064224,2026-08-20T14:45:34.025195,72.1107908047638
newsat-50,nancy,60493,2026-08-21T03:37:43.410211,2026-08-21T03:43:13.069334,2026-08-21T03:48:38.045799,40.718499596590355
newsat-50,nancy,60493,2026-08-21T14:06:50.357672,2026-08-21T14:12:05.968820,2026-08-21T14:17:27.199159,26.9120622961174
newsat-50,nancy,60493,2026-08-21T15:40:42.837757,2026-08-21T15:45:18.178047,2026-08-21T15:49:59.137527,12.062518213822479
newsat-50,nancy,60493,2026-08-22T03:09:43.732115,2026-08-22T03:15:20.883491,2026-08-22T03:20:53.352209,70.5713371998955
newsat-50,nancy,60493,2026-08-22T13:39:52.924495,2026-08-22T13:44:22.645595,2026-08-22T13:48:56.112822,11.611574404039992
newsat-50,nancy,60493,2026-08-22T15:11:55.045349,2026-08-22T15:17:14.402624,2026-08-22T15:22:40.315620,29.13765809776781
newsat-50,nancy,60493,2026-08-23T02:42:02.522975,2026-08-23T02:47:21.880250,2026-08-23T02:52:36.554868,25.71994644113749
newsat-50,nancy,60493,2026-08-23T04:15:37.532615,2026-08-23T04:20:15.682499,2026-08-23T04:24:52.895853,12.81495866955767
newsat-50,nancy,60493,2026-08-23T14:43:41.994134,2026-08-23T14:49:15.399384,2026-08-23T14:54:56.296886,80.85267637165936
newsat-50,nancy,60493,2026-08-24T02:14:47.529835,2026-08-24T02:19:15.377872,2026-08-24T02:23:41.352846,10.491077795199386
newsat-50,nancy,60493,2026-08-24T03:47:09.083720,2026-08-24T03:52:30.314058,2026-08-24T03:57:47.798271,29.860879460459362
newsat-50,nancy,60493,2026-08-24T14:15:58.746663,2026-08-24T14:21:21.850064,2026-08-24T14:26:51.509187,36.154737365456526
newsat-50,nancy,60493,2026-08-25T03:19:00.295099,2026-08-25T03:24:37.446475,2026-08-25T03:30:09.915193,82.45077364286468
newsat-50,nancy,60493,2026-08-25T13:48:45.302928,2026-08-25T13:53:33.754661,2026-08-25T13:58:25.952520,15.340062215373191
newsat-50,nancy,60493,2026-08-25T15:21:23.528453,2026-08-25T15:26:31.647349,2026-08-25T15:31:47.258499,21.780699626078412
newsat-50,nancy,60493,2026-08-26T02:51:09.293696,2026-08-26T02:56:37.079756,2026-08-26T03:02:00.183158,34.76659964590915
newsat-50,nancy,60493,2026-08-26T14:52:56.339744,2026-08-26T14:58:27.871930,2026-08-26T15:04:06.896369,57.12028406661162
newsat-50,nancy,60493,2026-08-27T02:23:40.507370,2026-08-27T02:28:29.895634,2026-08-27T02:33:15.537773,14.20612654018818
newsat-50,nancy,60493,2026-08-27T03:56:27.340723,2026-08-27T04:01:37.332682,2026-08-27T04:06:45.451579,22.55420213747509
newsat-50,nancy,60493,2026-08-27T14:24:59.891304,2026-08-27T14:30:29.550427,2026-08-27T14:36:04.828740,49.81671539149111
newsat-50,nancy,60493,2026-08-28T03:28:09.441578,2026-08-28T03:33:43.783359,2026-08-28T03:39:14.379014,58.504354617664156
newsat-50,nancy,60493,2026-08-28T13:57:33.501399,2026-08-28T14:02:36.001106,2026-08-28T14:07:43.183471,19.979756413969564
newsat-50,nancy,60493,2026-08-28T15:30:45.703740,2026-08-28T15:35:40.711194,2026-08-28T15:40:41.337838,16.461396422754326
newsat-50,nancy,60493,2026-08-29T03:00:09.329650,2026-08-29T03:05:42.734900,2026-08-29T03:11:11.457492,48.082237336630655
newsat-50,nancy,60493,2026-08-29T15:02:05.314068,2026-08-29T15:07:32.163596,2026-08-29T15:13:05.568845,40.805492408373325
newsat-50,nancy,60493,2026-08-30T02:32:28.878001,2026-08-30T02:37:34.187303,2026-08-30T02:42:35.750478,18.79317041614243
newsat-50,nancy,60493,2026-08-30T04:05:38.608174,2026-08-30T04:10:35.488691,2026-08-30T04:15:30.496145,17.30146080793455
newsat-50,nancy,60493,2026-08-30T14:33:55.919460,2026-08-30T14:39:28.388178,2026-08-30T14:45:07.412617,69.91445129126463
newsat-50,nancy,60493,2026-08-31T03:37:10.916765,2026-08-31T03:42:40.575888,2026-08-31T03:48:06.488884,42.00060415384969
newsat-50,nancy,60493,2026-08-31T14:06:16.328589,2026-08-31T14:11:30.066674,2026-08-31T14:16:48.487418,26.018396329173754
newsat-50,nancy,60493,2026-08-31T15:40:03.699068,2026-08-31T15:44:40.912421,2026-08-31T15:49:22.808433,12.382426619815245
newsat-50,nancy,60493,2026-09-01T03:09:01.694311,2026-09-01T03:14:38.845687,2026-09-01T03:20:10.377873,67.707843300371
newsat-50,nancy,60493,2026-09-01T13:39:11.224117,2026-09-01T13:43:37.199091,2026-09-01T13:48:06.920192,11.124665699682385
newsat-50,nancy,60493,2026-09-01T15:11:07.298834,2026-09-01T15:16:27.592641,2026-09-01T15:21:53.505637,30.126690051736944
newsat-50,nancy,60493,2026-09-02T02:41:11.450394,2026-09-02T02:46:28.934606,2026-09-02T02:51:42.672693,24.715447935458066
newsat-50,nancy,60493,2026-09-02T04:14:43.395647,2026-09-02T04:19:23.418595,2026-09-02T04:24:02.505012,13.299109333873297
newsat-50,nancy,60493,2026-09-02T14:42:45.894583,2026-09-02T14:48:18.363301,2026-09-02T14:53:58.324272,84.60534550626679
newsat-50,nancy,60493,2026-09-03T03:46:05.657183,2026-09-03T03:51:27.824053,2026-09-03T03:56:47.181329,31.233657503514998
newsat-50,nancy,60493,2026-09-03T14:14:54.039280,2026-09-03T14:20:15.269618,2026-09-03T14:25:43.055678,34.284055833442174
newsat-50,nancy,60493,2026-09-04T03:17:47.578995,2026-09-04T03:23:24.730371,2026-09-04T03:28:57.199089,87.13409853882963
newsat-50,nancy,60493,2026-09-04T13:47:33.860782,2026-09-04T13:52:17.629856,2026-09-04T13:57:06.081589,14.51611040664471
newsat-50,nancy,60493,2026-09-04T15:20:04.167106,2026-09-04T15:25:14.159065,2026-09-04T15:30:30.706746,22.821641678394986
newsat-50,nancy,60493,2026-09-05T02:49:48.224555,2026-09-05T02:55:14.137552,2026-09-05T03:00:36.304422,32.7554421080914
newsat-50,nancy,60493,2026-09-05T04:23:41.448358,2026-09-05T04:28:01.804142,2026-09-05T04:32:22.159927,10.10574791812199
newsat-50,nancy,60493,2026-09-05T14:51:29.561893,2026-09-05T14:57:00.157547,2026-09-05T15:02:38.245455,61.18902938991168
newsat-50,nancy,60493,2026-09-06T02:22:11.339989,2026-09-06T02:26:56.045595,2026-09-06T02:31:38.878139,13.360509542934386
newsat-50,nancy,60493,2026-09-06T03:54:52.044568,2026-09-06T04:00:04.846122,2026-09-06T04:05:15.774613,23.905839011225297
newsat-50,nancy,60493,2026-09-06T14:23:25.442161,2026-09-06T14:28:52.291689,2026-09-06T14:34:25.696938,46.15006008670714
newsat-50,nancy,60493,2026-09-07T03:26:25.110650,2026-09-07T03:32:00.388963,2026-09-07T03:37:31.921149,63.44702792502346
newsat-50,nancy,60493,2026-09-07T13:55:51.126170,2026-09-07T14:00:49.879750,2026-09-07T14:05:52.379457,18.646356247527248
newsat-50,nancy,60493,2026-09-07T15:28:54.982361,2026-09-07T15:33:51.862878,2026-09-07T15:38:55.299116,17.51096474758816
newsat-50,nancy,60493,2026-09-08T02:58:16.645688,2026-09-08T03:03:49.114406,2026-09-08T03:09:16.900466,44.2007602538569
newsat-50,nancy,60493,2026-09-08T15:00:05.984863,2026-09-08T15:05:33.770923,2026-09-08T15:11:08.112704,44.29230054410124
newsat-50,nancy,60493,2026-09-09T02:30:28.777536,2026-09-09T02:35:30.340711,2026-09-09T02:40:28.157760,17.446959274182966
newsat-50,nancy,60493,2026-09-09T04:03:31.697196,2026-09-09T04:08:32.323839,2026-09-09T04:13:32.013951,18.610965402216465
newsat-50,nancy,60493,2026-09-09T14:31:49.855492,2026-09-09T14:37:20.451146,2026-09-09T14:42:57.602522,63.39348923509677
newsat-50,nancy,60493,2026-09-10T03:34:55.652754,2026-09-10T03:40:27.184940,2026-09-10T03:45:54.971000,46.193193163047376
newsat-50,nancy,60493,2026-09-10T14:04:03.529859,2026-09-10T14:09:12.585287,2026-09-10T14:14:27.259905,23.868062203937328
newsat-50,nancy,60493,2026-09-10T15:37:39.744594,2026-09-10T15:42:20.704074,2026-09-10T15:47:08.219276,13.43377302092664
newsat-50,nancy,60493,2026-09-11T03:06:38.332058,2026-09-11T03:12:14.546902,2026-09-11T03:17:46.079088,60.77394296168956
newsat-50,nancy,60493,2026-09-11T13:36:52.372367,2026-09-11T13:41:10.855088,2026-09-11T13:45:32.147405,10.058435269947006
newsat-50,nancy,60493,2026-09-11T15:08:36.609600,2026-09-11T15:13:57.839938,2026-09-11T15:19:25.625998,33.00831319320877
newsat-50,nancy,60493,2026-09-12T02:38:40.671641,2026-09-12T02:43:54.409726,2026-09-12T02:49:04.401686,22.562585652790215
newsat-50,nancy,60493,2026-09-12T04:12:03.678526,2026-09-12T04:16:50.257195,2026-09-12T04:21:35.899334,14.572123429849345
newsat-50,nancy,60493,2026-09-12T14:40:08.215796,2026-09-12T14:45:39.747982,2026-09-12T14:51:18.772421,86.14399468525609
newsat-50,nancy,60493,2026-09-13T03:43:18.778350,2026-09-13T03:48:43.754815,2026-09-13T03:54:05.921685,34.659536367593155
newsat-50,nancy,60493,2026-09-13T14:12:09.625729,2026-09-13T14:17:27.109941,2026-09-13T14:22:51.149874,30.76113588177658
newsat-50,nancy,60493,2026-09-13T15:46:19.135540,2026-09-13T15:50:41.364387,2026-09-13T15:55:08.275893,10.161693431034585
newsat-50,nancy,60493,2026-09-14T03:14:52.601919,2026-09-14T03:20:29.753295,2026-09-14T03:26:03.158544,82.88971585696402
newsat-50,nancy,60493,2026-09-14T13:44:44.330741,2026-09-14T13:49:20.607562,2026-09-14T13:54:00.630511,13.02672379403795
newsat-50,nancy,60493,2026-09-14T15:17:00.244777,2026-09-14T15:22:13.046331,2026-09-14T15:27:33.340138,25.266352216668796
newsat-50,nancy,60493,2026-09-15T02:46:45.149237,2026-09-15T02:52:08.252638,2026-09-15T02:57:28.546445,29.239345892607837
newsat-50,nancy,60493,2026-09-15T04:20:29.179880,2026-09-15T04:24:57.964448,2026-09-15T04:29:26.749018,11.351988128457274
newsat-50,nancy,60493,2026-09-15T14:48:19.586539,2026-09-15T14:53:50.182193,2026-09-15T14:59:28.270101,70.13729401428184
newsat-50,nancy,60493,2026-09-16T02:19:02.721225,2026-09-16T02:23:39.934578,2026-09-16T02:28:15.274869,11.88617047989668
newsat-50,nancy,60493,2026-09-16T03:51:33.296113,2026-09-16T03:56:50.780325,2026-09-16T04:02:05.454943,26.77718599471448
newsat-50,nancy,60493,2026-09-16T14:20:09.668570,2026-09-16T14:25:32.771971,2026-09-16T14:31:03.367626,40.26572725516597
newsat-50,nancy,60493,2026-09-17T03:22:59.200478,2026-09-17T03:28:35.415322,2026-09-17T03:34:08.820571,73.48215114390355
newsat-50,nancy,60493,2026-09-17T13:52:30.236084,2026-09-17T13:57:21.497411,2026-09-17T14:02:16.504865,16.543290237467502
newsat-50,nancy,60493,2026-09-17T15:25:17.572132,2026-09-17T15:30:20.071839,2026-09-17T15:35:29.127267,19.66345518239391
newsat-50,nancy,60493,2026-09-18T02:54:42.637272,2026-09-18T03:00:13.232926,2026-09-18T03:05:39.145922,38.339396294110394
newsat-50,nancy,60493,2026-09-18T14:56:23.712931,2026-09-18T15:01:52.435522,2026-09-18T15:07:27.713835,51.50308088373506
newsat-50,nancy,60493,2026-09-19T02:26:48.798727,2026-09-19T02:31:42.869649,2026-09-19T02:36:35.067508,15.370650728928846
newsat-50,nancy,60493,2026-09-19T03:59:40.397372,2026-09-19T04:04:47.579737,2026-09-19T04:09:53.825571,21.10206976890803
newsat-50,nancy,60493,2026-09-19T14:28:02.467064,2026-09-19T14:33:30.253124,2026-09-19T14:39:04.594905,53.759990070519414
newsat-50,nancy,60493,2026-09-20T03:30:57.191217,2026-09-20T03:36:31.532998,2026-09-20T03:42:02.128653,54.39261723564282
newsat-50,nancy,60493,2026-09-20T14:00:11.024939,2026-09-20T14:05:13.524646,2026-09-20T14:10:21.643543,20.835673572527604
newsat-50,nancy,60493,2026-09-20T15:33:28.164730,2026-09-20T15:38:17.552994,2026-09-20T15:43:12.560448,15.392471461288357
newsat-50,nancy,60493,2026-09-21T03:02:32.708808,2026-09-21T03:08:07.987121,2026-09-21T03:13:38.582776,51.121207253167675
newsat-50,nancy,60493,2026-09-21T15:04:22.041097,2026-09-21T15:09:45.144498,2026-09-21T15:15:16.676684,38.591832623987266
newsat-50,nancy,60493,2026-09-22T02:34:29.078000,2026-09-22T02:39:36.260365,2026-09-22T02:44:41.569667,19.574688435553345
newsat-50,nancy,60493,2026-09-22T04:07:39.827339,2026-09-22T04:12:34.834793,2026-09-22T04:17:29.842247,16.802607228304705
newsat-50,nancy,60493,2026-09-22T14:35:48.530799,2026-09-22T14:41:18.189922,2026-09-22T14:46:55.341298,72.37720913028868
newsat-50,nancy,60493,2026-09-23T03:38:47.765450,2026-09-23T03:44:17.424573,2026-09-23T03:49:44.274101,41.012801258849294
newsat-50,nancy,60493,2026-09-23T14:07:44.824238,2026-09-23T14:12:56.689260,2026-09-23T14:18:14.173473,26.25734642405749
newsat-50,nancy,60493,2026-09-23T15:41:33.386040,2026-09-23T15:46:06.853267,2026-09-23T15:50:45.939684,11.993415605758583
newsat-50,nancy,60493,2026-09-24T03:10:15.363838,2026-09-24T03:15:52.515214,2026-09-24T03:21:25.920463,68.75454499889364
newsat-50,nancy,60493,2026-09-24T13:40:16.285816,2026-09-24T13:44:41.324258,2026-09-24T13:49:09.172296,11.047662914381885
newsat-50,nancy,60493,2026-09-24T15:12:12.188376,2026-09-24T15:17:29.672588,2026-09-24T15:22:53.712521,29.721856481350287
newsat-50,nancy,60493,2026-09-25T02:42:01.685973,2026-09-25T02:47:20.106717,2026-09-25T02:52:34.781335,24.816898029294293
newsat-50,nancy,60493,2026-09-25T04:15:31.586006,2026-09-25T04:20:12.545486,2026-09-25T04:24:53.504966,13.401303101643807
newsat-50,nancy,60493,2026-09-25T14:43:26.668439,2026-09-25T14:48:57.264093,2026-09-25T14:54:36.288532,85.2200203962419
newsat-50,nancy,60493,2026-09-26T03:46:30.668385,2026-09-26T03:51:53.771786,2026-09-26T03:57:15.002125,31.810626674303094
newsat-50,nancy,60493,2026-09-26T14:15:12.315717,2026-09-26T14:20:31.672992,2026-09-26T14:25:56.649457,33.36608854400452
newsat-50,nancy,60493,2026-09-27T03:17:49.411039,2026-09-27T03:23:27.498946,2026-09-27T03:29:01.840727,88.9453787193576
newsat-50,nancy,60493,2026-09-27T13:47:30.831126,2026-09-27T13:52:10.854074,2026-09-27T13:56:55.559681,13.940390159258941
newsat-50,nancy,60493,2026-09-27T15:19:55.600895,2026-09-27T15:25:04.656323,2026-09-27T15:30:21.204004,23.374885615334314
newsat-50,nancy,60493,2026-09-28T02:49:27.813975,2026-09-28T02:54:53.726972,2026-09-28T03:00:15.893842,31.59016926440231
newsat-50,nancy,60493,2026-09-28T04:23:16.609912,2026-09-28T04:27:40.711822,2026-09-28T04:32:05.750265,10.614404757766524
newsat-50,nancy,60493,2026-09-28T14:50:58.498264,2026-09-28T14:56:28.157387,2026-09-28T15:02:05.308763,64.51115322014294
newsat-50,nancy,60493,2026-09-29T02:21:29.623312,2026-09-29T02:26:12.455855,2026-09-29T02:30:53.415335,12.775351360209738
newsat-50,nancy,60493,2026-09-29T03:54:04.963494,2026-09-29T03:59:20.574642,2026-09-29T04:04:34.312729,25.25084870406563
newsat-50,nancy,60493,2026-09-29T14:22:33.072437,2026-09-29T14:27:57.112370,2026-09-29T14:33:28.644556,43.008104218326764
newsat-50,nancy,60493,2026-09-30T03:25:16.723481,2026-09-30T03:30:52.938325,2026-09-30T03:36:26.343574,68.688769081225
newsat-50,nancy,60493,2026-09-30T13:54:38.386884,2026-09-30T13:59:31.521274,2026-09-30T14:04:30.274855,17.33814045714115
newsat-50,nancy,60493,2026-09-30T15:27:32.023862,2026-09-30T15:32:30.777442,2026-09-30T15:37:37.023276,18.612332289016226
newsat-50,nancy,60493,2026-10-01T02:56:46.270685,2026-10-01T03:02:17.802871,2026-10-01T03:07:45.588931,40.64582302078656
newsat-50,nancy,60493,2026-10-01T14:58:22.656801,2026-10-01T15:03:49.506329,2026-10-01T15:09:24.784642,48.66033039864372
newsat-50,nancy,60493,2026-10-02T02:28:37.351228,2026-10-02T02:33:35.168277,2026-10-02T02:38:30.175731,16.09995028509229
newsat-50,nancy,60493,2026-10-02T04:01:31.587312,2026-10-02T04:06:37.833145,2026-10-02T04:11:42.205915,20.353045187109036
newsat-50,nancy,60493,2026-10-02T14:29:45.903073,2026-10-02T14:35:13.689133,2026-10-02T14:40:48.967446,56.28750619093105
newsat-50,nancy,60493,2026-10-03T03:32:34.491566,2026-10-03T03:38:08.833347,2026-10-03T03:43:39.429002,52.2210230158298
newsat-50,nancy,60493,2026-10-03T14:01:40.571357,2026-10-03T14:06:44.007596,2026-10-03T14:11:53.063024,21.432088043851227
newsat-50,nancy,60493,2026-10-03T15:35:01.457275,2026-10-03T15:39:48.035944,2026-10-03T15:44:41.170335,14.881390811092965
newsat-50,nancy,60493,2026-10-04T03:03:56.119568,2026-10-04T03:09:32.334412,2026-10-04T03:15:03.866598,52.98819476050654
newsat-50,nancy,60493,2026-10-04T15:05:39.825780,2026-10-04T15:11:01.992650,2026-10-04T15:16:32.588305,37.5102145239785
newsat-50,nancy,60493,2026-10-05T02:35:38.599170,2026-10-05T02:40:47.654598,2026-10-05T02:45:53.900432,20.04916725279734
newsat-50,nancy,60493,2026-10-05T04:08:49.858092,2026-10-05T04:13:44.865546,2026-10-05T04:18:38.936468,16.536375399777025
newsat-50,nancy,60493,2026-10-05T14:36:52.425892,2026-10-05T14:42:22.085015,2026-10-05T14:47:59.236391,73.88919814909279
newsat-50,nancy,60493,2026-10-06T03:39:44.843145,2026-10-06T03:45:14.502268,2026-10-06T03:50:41.351796,40.4628051483155
newsat-50,nancy,60493,2026-10-06T14:08:35.084535,2026-10-06T14:13:46.949557,2026-10-06T14:19:05.370301,26.503694921035663
newsat-50,nancy,60493,2026-10-06T15:42:23.901129,2026-10-06T15:46:56.431824,2026-10-06T15:51:34.581710,11.851400683522577
newsat-50,nancy,60493,2026-10-07T03:10:58.551946,2026-10-07T03:16:36.639853,2026-10-07T03:22:10.045102,69.38381724280885
newsat-50,nancy,60493,2026-10-07T13:40:53.847850,2026-10-07T13:45:17.949760,2026-10-07T13:49:46.734330,11.079272998678821
newsat-50,nancy,60493,2026-10-07T15:12:49.068670,2026-10-07T15:18:05.616350,2026-10-07T15:23:30.592815,29.616841269834236
newsat-50,nancy,60493,2026-10-08T02:42:32.175817,2026-10-08T02:47:50.596561,2026-10-08T02:53:06.207711,24.869537144121832
newsat-50,nancy,60493,2026-10-08T04:16:01.139319,2026-10-08T04:20:43.035330,2026-10-08T04:25:23.994810,13.454739591761765
newsat-50,nancy,60493,2026-10-08T14:43:50.340884,2026-10-08T14:49:20.936538,2026-10-08T14:54:59.024446,85.70852062217988
newsat-50,nancy,60493,2026-10-09T03:46:46.586900,2026-10-09T03:52:10.626833,2026-10-09T03:57:32.793703,32.120343298101005
newsat-50,nancy,60493,2026-10-09T14:15:22.608157,2026-10-09T14:20:41.028901,2026-10-09T14:26:06.941897,32.9761750791243
newsat-50,nancy,60493,2026-10-10T03:17:52.376496,2026-10-10T03:23:31.400935,2026-10-10T03:29:05.742716,88.71165666928286
newsat-50,nancy,60493,2026-10-10T13:47:28.852247,2026-10-10T13:52:07.938663,2026-10-10T13:56:51.707739,13.707029927053638
newsat-50,nancy,60493,2026-10-10T15:19:50.385473,2026-10-10T15:25:00.377432,2026-10-10T15:30:17.861645,23.820580712163693
newsat-50,nancy,60493,2026-10-11T02:49:18.081165,2026-10-11T02:54:43.994162,2026-10-11T03:00:06.161032,30.92527447941415
newsat-50,nancy,60493,2026-10-11T04:23:03.385767,2026-10-11T04:27:30.297272,2026-10-11T04:31:57.208778,10.891377364865948
newsat-50,nancy,60493,2026-10-11T14:50:41.521107,2026-10-11T14:56:10.243698,2026-10-11T15:01:48.331606,66.60202270901965
newsat-50,nancy,60493,2026-10-12T02:21:08.128768,2026-10-12T02:25:49.088248,2026-10-12T02:30:28.174665,12.423875593773195
newsat-50,nancy,60493,2026-10-12T03:53:39.722823,2026-10-12T03:58:57.207035,2026-10-12T04:04:11.881653,26.01217110078039
newsat-50,nancy,60493,2026-10-12T14:22:02.887432,2026-10-12T14:27:26.927365,2026-10-12T14:32:57.523020,41.46600846357012
newsat-50,nancy,60493,2026-10-13T03:24:38.529753,2026-10-13T03:30:16.617660,2026-10-13T03:35:50.022909,71.77905262411244
newsat-50,nancy,60493,2026-10-13T13:53:57.121882,2026-10-13T13:58:48.383209,2026-10-13T14:03:45.263726,16.72870291899705
newsat-50,nancy,60493,2026-10-13T15:26:44.967514,2026-10-13T15:31:45.594157,2026-10-13T15:36:53.713054,19.385666296052698
newsat-50,nancy,60493,2026-10-14T02:55:56.315220,2026-10-14T03:01:27.847406,2026-10-14T03:06:54.696934,38.74398052270356
newsat-50,nancy,60493,2026-10-14T14:57:24.520459,2026-10-14T15:02:51.369987,2026-10-14T15:08:27.584832,51.568065785265624
newsat-50,nancy,60493,2026-10-15T02:27:35.888823,2026-10-15T02:32:30.896277,2026-10-15T02:37:23.094136,15.329927042073233
newsat-50,nancy,60493,2026-10-15T04:00:25.187457,2026-10-15T04:05:34.242885,2026-10-15T04:10:40.488719,21.362191679755995
newsat-50,nancy,60493,2026-10-15T14:28:35.750206,2026-10-15T14:34:02.599734,2026-10-15T14:39:37.878047,52.74151077038918
newsat-50,nancy,60493,2026-10-16T03:31:16.329975,2026-10-16T03:36:51.608288,2026-10-16T03:42:23.140474,55.976556522701195
newsat-50,nancy,60493,2026-10-16T14:00:19.338493,2026-10-16T14:05:19.965136,2026-10-16T14:10:27.147501,20.270698887935506
newsat-50,nancy,60493,2026-10-16T15:33:31.623468,2026-10-16T15:38:21.948264,2026-10-16T15:43:19.765313,15.865306496691952
newsat-50,nancy,60493,2026-10-17T03:02:26.196240,2026-10-17T03:08:01.474553,2026-10-17T03:13:32.070208,49.018610112454205
newsat-50,nancy,60493,2026-10-17T15:03:58.911979,2026-10-17T15:09:22.951912,2026-10-17T15:14:56.357161,40.60885815048731
newsat-50,nancy,60493,2026-10-18T02:33:56.914108,2026-10-18T02:39:03.159941,2026-10-18T02:44:05.659648,18.68685455661513
newsat-50,nancy,60493,2026-10-18T04:07:02.299049,2026-10-18T04:12:01.052629,2026-10-18T04:16:58.869678,17.69114778347674
newsat-50,nancy,60493,2026-10-18T14:35:00.432096,2026-10-18T14:40:30.091219,2026-10-18T14:46:08.179127,67.42077248975605
newsat-50,nancy,60493,2026-10-19T03:37:44.585836,2026-10-19T03:43:17.054554,2026-10-19T03:48:44.840614,44.22751524954322
newsat-50,nancy,60493,2026-10-19T14:06:33.629015,2026-10-19T14:11:42.684443,2026-10-19T14:16:58.295593,24.51034337276949
newsat-50,nancy,60493,2026-10-19T15:40:11.289867,2026-10-19T15:44:49.439751,2026-10-19T15:49:34.145358,12.98169945417357
newsat-50,nancy,60493,2026-10-20T03:08:47.724225,2026-10-20T03:14:24.875601,2026-10-20T03:19:57.344319,62.40010346392985
newsat-50,nancy,60493,2026-10-20T13:38:42.930607,2026-10-20T13:43:01.413328,2026-10-20T13:47:23.642176,10.133715607388693
newsat-50,nancy,60493,2026-10-20T15:10:26.313944,2026-10-20T15:15:45.671219,2026-10-20T15:21:14.393811,32.66340708539542
newsat-50,nancy,60493,2026-10-21T02:40:10.522892,2026-10-21T02:45:25.197509,2026-10-21T02:50:36.126000,22.643437675147197
newsat-50,nancy,60493,2026-10-21T04:13:30.802817,2026-10-21T04:18:18.318018,2026-10-21T04:23:04.896688,14.702347772447984
newsat-50,nancy,60493,2026-10-21T14:41:17.442695,2026-10-21T14:46:48.038349,2026-10-21T14:52:27.062788,84.89330356767691
newsat-50,nancy,60493,2026-10-22T03:44:05.170404,2026-10-22T03:49:32.956464,2026-10-22T03:54:56.059866,35.6611335756339
newsat-50,nancy,60493,2026-10-22T14:12:40.929985,2026-10-22T14:17:56.541133,2026-10-22T14:23:19.644535,29.69789304174685
newsat-50,nancy,60493,2026-10-22T15:46:43.284970,2026-10-22T15:51:07.386880,2026-10-22T15:55:37.107981,10.557027962456152
newsat-50,nancy,60493,2026-10-23T03:15:00.389591,2026-10-23T03:20:39.414030,2026-10-23T03:26:12.819279,78.8182299588746
newsat-50,nancy,60493,2026-10-23T13:44:37.967143,2026-10-23T13:49:10.497838,2026-10-23T13:53:47.711192,12.347107717608779
newsat-50,nancy,60493,2026-10-23T15:16:44.853291,2026-10-23T15:21:59.527908,2026-10-23T15:27:21.694778,26.74859637993459
newsat-50,nancy,60493,2026-10-24T02:46:15.523848,2026-10-24T02:51:37.690718,2026-10-24T02:56:55.174931,27.409565256359326
newsat-50,nancy,60493,2026-10-24T04:19:50.698758,2026-10-24T04:24:26.039048,2026-10-24T04:29:00.442807,12.205512171675865
newsat-50,nancy,60493,2026-10-24T14:47:26.527201,2026-10-24T14:52:57.122855,2026-10-24T14:58:36.147294,77.03085738377328
newsat-50,nancy,60493,2026-10-25T02:17:56.874103,2026-10-25T02:22:28.468266,2026-10-25T02:26:57.252836,10.861663658405721
newsat-50,nancy,60493,2026-10-25T03:50:17.401935,2026-10-25T03:55:38.632273,2026-10-25T04:00:57.053017,29.295944605470645
newsat-50,nancy,60493,2026-10-25T14:18:39.623124,2026-10-25T14:24:00.853462,2026-10-25T14:29:29.576054,36.17909444841287
newsat-50,nancy,60493,2026-10-26T03:21:04.956709,2026-10-26T03:26:43.044616,2026-10-26T03:32:16.449865,83.38584169653102
newsat-50,nancy,60493,2026-10-26T13:50:26.014120,2026-10-26T13:55:10.719726,2026-10-26T14:00:00.107991,14.815973287495398
newsat-50,nancy,60493,2026-10-26T15:22:56.657870,2026-10-26T15:28:03.840235,2026-10-26T15:33:18.514853,22.193205380476464
newsat-50,nancy,60493,2026-10-27T02:52:12.171765,2026-10-27T02:57:39.957825,2026-10-27T03:03:03.061227,33.274604721892686
newsat-50,nancy,60493,2026-10-27T04:26:03.178192,2026-10-27T04:30:23.533976,2026-10-27T04:34:43.889761,10.07482131328105
newsat-50,nancy,60493,2026-10-27T14:53:27.003881,2026-10-27T14:58:56.663004,2026-10-27T15:04:35.687443,61.42131525828177
newsat-50,nancy,60493,2026-10-28T02:23:44.666287,2026-10-28T02:28:29.371893,2026-10-28T02:33:11.267905,13.197554241790888
newsat-50,nancy,60493,2026-10-28T03:56:20.089104,2026-10-28T04:01:34.763721,2026-10-28T04:06:46.628744,24.421747203803463
newsat-50,nancy,60493,2026-10-28T14:24:31.326705,2026-10-28T14:29:56.303170,2026-10-28T14:35:29.708419,44.410009104174236
newsat-50,nancy,60493,2026-10-29T03:27:00.661210,2026-10-29T03:32:37.812586,2026-10-29T03:38:10.281304,67.21333105859048
newsat-50,nancy,60493,2026-10-29T13:56:07.326334,2026-10-29T14:01:01.397256,2026-10-29T14:06:01.087368,17.604224619454126
newsat-50,nancy,60493,2026-10-29T15:28:58.918092,2026-10-29T15:33:58.608204,2026-10-29T15:39:05.790569,18.5698566893636
newsat-50,nancy,60493,2026-10-30T02:58:01.148387,2026-10-30T03:03:32.680573,2026-10-30T03:08:59.530101,40.6286828977315
newsat-50,nancy,60493,2026-10-30T14:59:19.554474,2026-10-30T15:04:47.340534,2026-10-30T15:10:23.555379,49.25299897933377
newsat-50,nancy,60493,2026-10-31T02:29:24.105438,2026-10-31T02:34:20.049424,2026-10-31T02:39:12.247283,15.799847796511639
newsat-50,nancy,60493,2026-10-31T04:02:14.168447,2026-10-31T04:07:21.350812,2026-10-31T04:12:25.723582,20.572048704928182
newsat-50,nancy,60493,2026-10-31T14:30:14.422462,2026-10-31T14:35:42.208522,2026-10-31T14:41:18.423367,54.881093993854954
newsat-50,nancy,60493,2026-11-01T03:32:48.012676,2026-11-01T03:38:22.354457,2026-11-01T03:43:52.013580,54.07868235755762
newsat-50,nancy,60493,2026-11-01T14:01:39.775928,2026-11-01T14:06:43.212167,2026-11-01T14:11:52.267595,20.79691771731102
newsat-50,nancy,60493,2026-11-01T15:34:54.188759,2026-11-01T15:39:44.513555,2026-11-01T15:44:41.394072,15.605560516223766
newsat-50,nancy,60493,2026-11-02T03:03:40.580652,2026-11-02T03:09:15.858965,2026-11-02T03:14:45.518088,49.93625213716044
newsat-50,nancy,60493,2026-11-02T15:05:04.178982,2026-11-02T15:10:29.155447,2026-11-02T15:16:02.560696,40.12810475217302
newsat-50,nancy,60493,2026-11-03T02:34:55.873295,2026-11-03T02:40:01.182597,2026-11-03T02:45:02.745772,18.738795292533297
newsat-50,nancy,60493,2026-11-03T04:07:59.894757,2026-11-03T04:12:57.711806,2026-11-03T04:17:53.655791,17.445657659839124
newsat-50,nancy,60493,2026-11-03T14:35:48.655602,2026-11-03T14:41:19.251256,2026-11-03T14:46:57.339164,67.86487081279462
newsat-50,nancy,60493,2026-11-04T03:38:25.819787,2026-11-04T03:43:57.351973,2026-11-04T03:49:24.201501,44.07580949374125
newsat-50,nancy,60493,2026-11-04T14:07:05.490764,2026-11-04T14:12:15.482723,2026-11-04T14:17:32.030404,24.50490550878069
newsat-50,nancy,60493,2026-11-04T15:40:40.851603,2026-11-04T15:45:20.874551,2026-11-04T15:50:06.516690,13.120907808850243
newsat-50,nancy,60493,2026-11-05T03:09:12.596418,2026-11-05T03:14:48.811262,2026-11-05T03:20:20.343448,61.57273849429278
newsat-50,nancy,60493,2026-11-05T13:38:59.367129,2026-11-05T13:43:17.849850,2026-11-05T13:47:40.078698,10.05532761744716
newsat-50,nancy,60493,2026-11-05T15:10:40.450454,2026-11-05T15:16:00.744261,2026-11-05T15:21:30.403384,33.254640588869435
newsat-50,nancy,60493,2026-11-06T02:40:19.288117,2026-11-06T02:45:32.089671,2026-11-06T02:50:41.145099,22.10507953894265
newsat-50,nancy,60493,2026-11-06T04:13:36.758447,2026-11-06T04:18:25.210180,2026-11-06T04:23:10.852319,14.847215661448919
newsat-50,nancy,60493,2026-11-06T14:41:15.217446,2026-11-06T14:46:46.749632,2026-11-06T14:52:26.710603,82.82640662527803
newsat-50,nancy,60493,2026-11-07T03:43:55.955599,2026-11-07T03:49:22.805127,2026-11-07T03:54:45.908529,36.53093874852634
newsat-50,nancy,60493,2026-11-07T14:12:23.279509,2026-11-07T14:17:38.890657,2026-11-07T14:23:01.057527,28.87610662737812
newsat-50,nancy,60493,2026-11-07T15:46:19.843147,2026-11-07T15:50:47.691184,2026-11-07T15:55:21.158411,10.99603618458824
newsat-50,nancy,60493,2026-11-08T03:14:35.067819,2026-11-08T03:20:12.219195,2026-11-08T03:25:43.751381,75.4524107641126
newsat-50,nancy,60493,2026-11-08T13:44:06.509713,2026-11-08T13:48:37.167344,2026-11-08T13:53:11.571103,11.924342123938725
newsat-50,nancy,60493,2026-11-08T15:16:06.922774,2026-11-08T15:21:23.470454,2026-11-08T15:26:47.510387,27.969372026900558
newsat-50,nancy,60493,2026-11-09T02:45:34.095110,2026-11-09T02:50:53.452385,2026-11-09T02:56:08.127003,26.018990342723544
newsat-50,nancy,60493,2026-11-09T04:19:05.523894,2026-11-09T04:23:41.800715,2026-11-09T04:28:18.077538,12.643367017013977
newsat-50,nancy,60493,2026-11-09T14:46:33.853197,2026-11-09T14:52:05.385383,2026-11-09T14:57:45.346354,81.60622981260966
newsat-50,nancy,60493,2026-11-10T02:17:02.829732,2026-11-10T02:21:27.868174,2026-11-10T02:25:50.097022,10.117653120475639
newsat-50,nancy,60493,2026-11-10T03:49:15.865311,2026-11-10T03:54:38.032181,2026-11-10T03:59:56.452925,30.754137650992853
newsat-50,nancy,60493,2026-11-10T14:17:32.460424,2026-11-10T14:22:52.754231,2026-11-10T14:28:20.540291,34.09910658509831
newsat-50,nancy,60493,2026-11-11T03:19:48.931392,2026-11-11T03:25:26.082768,2026-11-11T03:30:57.614954,89.237127583202
newsat-50,nancy,60493,2026-11-11T13:49:05.044469,2026-11-11T13:53:46.940480,2026-11-11T13:58:32.582619,13.95016018857438
newsat-50,nancy,60493,2026-11-11T15:21:26.405539,2026-11-11T15:26:37.334030,2026-11-11T15:31:55.754774,23.796968608741402
newsat-50,nancy,60493,2026-11-12T02:50:41.230808,2026-11-12T02:56:05.270741,2026-11-12T03:01:24.628017,30.636035871180407
newsat-50,nancy,60493,2026-11-12T04:24:24.490190,2026-11-12T04:28:49.528632,2026-11-12T04:33:13.630543,10.744568609170667
newsat-50,nancy,60493,2026-11-12T14:51:42.944595,2026-11-12T14:57:14.476781,2026-11-12T15:02:53.501220,67.54056357027352
newsat-50,nancy,60493,2026-11-13T02:21:59.746219,2026-11-13T02:26:36.959572,2026-11-13T02:31:11.363331,12.002350800103725
newsat-50,nancy,60493,2026-11-13T03:54:27.167200,2026-11-13T03:59:43.714880,2026-11-13T04:04:56.516435,26.23047748916724
newsat-50,nancy,60493,2026-11-13T14:22:33.715258,2026-11-13T14:27:57.755191,2026-11-13T14:33:29.287377,40.41141706435857
newsat-50,nancy,60493,2026-11-14T03:24:53.505403,2026-11-14T03:30:29.720247,2026-11-14T03:36:00.315902,74.80920681765889
newsat-50,nancy,60493,2026-11-14T13:53:56.844462,2026-11-14T13:58:47.169258,2026-11-14T14:03:42.176712,16.162001636999207
newsat-50,nancy,60493,2026-11-14T15:26:36.598737,2026-11-14T15:31:40.971507,2026-11-14T15:36:52.836530,20.41721689187721
newsat-50,nancy,60493,2026-11-15T02:55:39.076938,2026-11-15T03:01:06.862998,2026-11-15T03:06:29.966400,36.14940576529586
newsat-50,nancy,60493,2026-11-15T14:56:44.364696,2026-11-15T15:02:14.023819,2026-11-15T15:07:52.111727,55.8859289380956
newsat-50,nancy,60493,2026-11-16T02:26:48.991409,2026-11-16T02:31:36.506610,2026-11-16T02:36:21.212217,14.038569140884087
newsat-50,nancy,60493,2026-11-16T03:59:29.179519,2026-11-16T04:04:39.171478,2026-11-16T04:09:46.353843,22.601780615007232
newsat-50,nancy,60493,2026-11-16T14:27:25.425729,2026-11-16T14:32:53.211789,2026-11-16T14:38:27.553570,48.07143640584922
newsat-50,nancy,60493,2026-11-17T03:29:48.789845,2026-11-17T03:35:23.131626,2026-11-17T03:40:52.790749,62.17689048788706
newsat-50,nancy,60493,2026-11-17T13:58:40.036629,2026-11-17T14:03:37.853678,2026-11-17T14:08:41.289916,18.59521909609659
newsat-50,nancy,60493,2026-11-17T15:31:38.184109,2026-11-17T15:36:35.064626,2026-11-17T15:41:39.437396,17.61813171567399
newsat-50,nancy,60493,2026-11-18T03:00:28.315242,2026-11-18T03:05:58.910896,2026-11-18T03:11:24.823892,42.791769033626494
newsat-50,nancy,60493,2026-11-18T15:01:36.240437,2026-11-18T15:07:04.026497,2026-11-18T15:12:39.304810,46.693617831266934
newsat-50,nancy,60493,2026-11-19T02:31:30.565301,2026-11-19T02:36:26.509287,2026-11-19T02:41:19.643678,16.255578304068553
newsat-50,nancy,60493,2026-11-19T04:04:22.329216,2026-11-19T04:09:25.765455,2026-11-19T04:14:26.392099,19.628738905868033
newsat-50,nancy,60493,2026-11-19T14:32:09.464903,2026-11-19T14:37:39.124026,2026-11-19T14:43:15.338871,57.295730489075325
newsat-50,nancy,60493,2026-11-20T03:34:35.211664,2026-11-20T03:40:07.680382,2026-11-20T03:45:34.529910,51.99060731207018
newsat-50,nancy,60493,2026-11-20T14:03:15.302703,2026-11-20T14:08:19.675473,2026-11-20T14:13:29.667433,21.2937259233104
newsat-50,nancy,60493,2026-11-20T15:36:30.906857,2026-11-20T15:41:20.295121,2026-11-20T15:46:16.239106,15.255354822719156
newsat-50,nancy,60493,2026-11-21T03:05:08.263974,2026-11-21T03:10:40.732692,2026-11-21T03:16:08.518752,50.78996392145955
newsat-50,nancy,60493,2026-11-21T15:06:20.190089,2026-11-21T15:11:45.166554,2026-11-21T15:17:17.635272,39.53501295768438
newsat-50,nancy,60493,2026-11-22T02:36:02.849625,2026-11-22T02:41:06.285864,2026-11-22T02:46:05.975976,18.687497131440285
newsat-50,nancy,60493,2026-11-22T04:09:06.189347,2026-11-22T04:14:02.133333,2026-11-22T04:18:55.267724,17.14472564269601
newsat-50,nancy,60493,2026-11-22T14:36:44.896250,2026-11-22T14:42:15.491904,2026-11-22T14:47:53.579812,68.10422673560804
newsat-50,nancy,60493,2026-11-23T03:39:12.343919,2026-11-23T03:44:42.003042,2026-11-23T03:50:06.979507,43.99173784464054
newsat-50,nancy,60493,2026-11-23T14:07:41.960956,2026-11-23T14:12:51.952915,2026-11-23T14:18:07.564065,24.30898403635283
newsat-50,nancy,60493,2026-11-23T15:41:15.021783,2026-11-23T15:45:55.981263,2026-11-23T15:50:41.623402,13.227352476719267
newsat-50,nancy,60493,2026-11-24T03:09:38.668356,2026-11-24T03:15:13.010137,2026-11-24T03:20:42.669260,60.2937865627293
newsat-50,nancy,60493,2026-11-24T15:10:54.850181,2026-11-24T15:16:16.080519,2026-11-24T15:21:45.739642,33.911055265646205
newsat-50,nancy,60493,2026-11-25T02:40:26.526132,2026-11-25T02:45:36.518091,2026-11-25T02:50:42.763925,21.376138338877762
newsat-50,nancy,60493,2026-11-25T04:13:40.759919,2026-11-25T04:18:28.275120,2026-11-25T04:23:13.917259,15.035796912166306
newsat-50,nancy,60493,2026-11-25T14:41:10.783246,2026-11-25T14:46:42.315432,2026-11-25T14:52:21.339871,80.10535568512567
newsat-50,nancy,60493,2026-11-26T03:43:40.186613,2026-11-26T03:49:06.099610,2026-11-26T03:54:28.266480,37.72826025569308
newsat-50,nancy,60493,2026-11-26T14:12:00.011385,2026-11-26T14:17:14.686002,2026-11-26T14:22:34.979809,27.703034555604706
newsat-50,nancy,60493,2026-11-26T15:45:50.783679,2026-11-26T15:50:21.441310,2026-11-26T15:54:57.718133,11.46259286121994
newsat-50,nancy,60493,2026-11-27T03:14:00.464910,2026-11-27T03:19:35.743223,2026-11-27T03:25:05.402346,71.20857251707982
newsat-50,nancy,60493,2026-11-27T13:43:26.280727,2026-11-27T13:47:53.192232,2026-11-27T13:52:23.849865,11.29002128386022
newsat-50,nancy,60493,2026-11-27T15:15:19.711119,2026-11-27T15:20:38.131863,2026-11-27T15:26:03.108328,29.426263691081502
newsat-50,nancy,60493,2026-11-28T02:44:41.849598,2026-11-28T02:49:56.524215,2026-11-28T02:55:07.452706,24.368815150888448
newsat-50,nancy,60493,2026-11-28T04:18:06.467869,2026-11-28T04:22:45.554285,2026-11-28T04:27:22.767639,13.2217985360314
newsat-50,nancy,60493,2026-11-28T14:45:28.744150,2026-11-28T14:51:00.276336,2026-11-28T14:56:39.300775,87.3736165086204
newsat-50,nancy,60493,2026-11-29T03:47:58.484944,2026-11-29T03:53:20.651814,2026-11-29T03:58:40.009090,32.7728812899536
newsat-50,nancy,60493,2026-11-29T14:16:10.135721,2026-11-29T14:21:28.556465,2026-11-29T14:26:52.596398,31.550215725728012
newsat-50,nancy,60493,2026-11-30T03:18:12.971891,2026-11-30T03:23:48.250204,2026-11-30T03:29:18.845859,83.00640530080717
newsat-50,nancy,60493,2026-11-30T13:47:27.631965,2026-11-30T13:52:02.972255,2026-11-30T13:56:42.058672,12.807742278212235
newsat-50,nancy,60493,2026-11-30T15:19:36.219020,2026-11-30T15:24:49.957105,2026-11-30T15:30:10.250912,25.782013359186273
newsat-50,nancy,60493,2026-12-01T02:48:47.628702,2026-12-01T02:54:06.985977,2026-12-01T02:59:22.597127,27.72223622328941
newsat-50,nancy,60493,2026-12-01T04:22:22.886248,2026-12-01T04:26:52.607348,2026-12-01T04:31:21.391918,11.64308785315016
newsat-50,nancy,60493,2026-12-01T14:49:36.478952,2026-12-01T14:55:08.011138,2026-12-01T15:00:46.099046,75.61079492171741
newsat-50,nancy,60493,2026-12-02T02:19:50.374573,2026-12-02T02:24:18.222610,2026-12-02T02:28:44.197584,10.653679893821765
newsat-50,nancy,60493,2026-12-02T03:52:08.175446,2026-12-02T03:57:25.659658,2026-12-02T04:02:40.334276,28.79054134490861
newsat-50,nancy,60493,2026-12-02T14:20:10.970490,2026-12-02T14:25:32.200828,2026-12-02T14:30:59.986888,35.92859133789335
newsat-50,nancy,60493,2026-12-03T03:22:16.189305,2026-12-03T03:27:50.531086,2026-12-03T03:33:21.126741,84.97038026370313
newsat-50,nancy,60493,2026-12-03T13:51:19.693636,2026-12-03T13:56:02.526179,2026-12-03T14:00:49.104849,14.400107185458396
newsat-50,nancy,60493,2026-12-03T15:23:44.119093,2026-12-03T15:28:52.237989,2026-12-03T15:34:07.849139,22.77003839059713
newsat-50,nancy,60493,2026-12-04T02:52:44.799982,2026-12-04T02:58:07.903383,2026-12-04T03:03:26.324127,31.498755094376257
newsat-50,nancy,60493,2026-12-04T04:26:29.760270,2026-12-04T04:30:50.116054,2026-12-04T04:35:09.535308,10.2566240850141
newsat-50,nancy,60493,2026-12-04T14:53:36.542462,2026-12-04T14:59:06.201585,2026-12-04T15:04:43.352961,65.18714410305186
newsat-50,nancy,60493,2026-12-05T02:23:39.199702,2026-12-05T02:28:16.413055,2026-12-05T02:32:50.816814,12.133614785698665
newsat-50,nancy,60493,2026-12-05T03:56:07.385058,2026-12-05T04:01:21.123143,2026-12-05T04:06:32.051634,25.53691071969704
newsat-50,nancy,60493,2026-12-05T14:24:02.260901,2026-12-05T14:29:26.300834,2026-12-05T14:34:56.896489,40.92366404625231
newsat-50,nancy,60493,2026-12-06T03:26:09.607571,2026-12-06T03:31:43.949352,2026-12-06T03:37:13.608475,74.04224394075231
newsat-50,nancy,60493,2026-12-06T13:55:03.147480,2026-12-06T13:59:52.535744,2026-12-06T14:04:45.670135,16.074589328411413
newsat-50,nancy,60493,2026-12-06T15:27:41.538274,2026-12-06T15:32:44.974513,2026-12-06T15:37:54.966473,20.24157624546117
newsat-50,nancy,60493,2026-12-07T02:56:31.745160,2026-12-07T03:01:58.594688,2026-12-07T03:07:19.825027,35.762403360161585
newsat-50,nancy,60493,2026-12-07T14:57:26.125078,2026-12-07T15:02:54.847669,2026-12-07T15:08:31.062514,56.4142564048753
newsat-50,nancy,60493,2026-12-08T02:27:20.353536,2026-12-08T02:32:05.059142,2026-12-08T02:36:46.955154,13.679443316180283
newsat-50,nancy,60493,2026-12-08T03:59:57.305102,2026-12-08T04:05:06.360530,2026-12-08T04:10:12.606364,22.83654512789988
newsat-50,nancy,60493,2026-12-08T14:27:44.943485,2026-12-08T14:33:10.856482,2026-12-08T14:38:43.325200,46.611176257808694
newsat-50,nancy,60493,2026-12-09T03:29:53.736270,2026-12-09T03:35:27.141520,2026-12-09T03:40:55.864112,64.41704547508898
newsat-50,nancy,60493,2026-12-09T13:58:38.930031,2026-12-09T14:03:33.000953,2026-12-09T14:08:32.691065,17.838502882220872
newsat-50,nancy,60493,2026-12-09T15:31:30.349633,2026-12-09T15:36:28.166682,2026-12-09T15:41:32.539452,18.09022357443872
newsat-50,nancy,60493,2026-12-10T03:00:10.337302,2026-12-10T03:05:39.059893,2026-12-10T03:11:03.099826,40.57518055861299
newsat-50,nancy,60493,2026-12-10T15:01:07.099868,2026-12-10T15:06:33.949396,2026-12-10T15:12:08.291177,49.21567429471142
newsat-50,nancy,60493,2026-12-11T02:30:51.281270,2026-12-11T02:35:43.479129,2026-12-11T02:40:31.930862,15.295650001465672
newsat-50,nancy,60493,2026-12-11T04:03:37.680787,2026-12-11T04:08:42.053557,2026-12-11T04:13:43.616732,20.565547708991335
newsat-50,nancy,60493,2026-12-11T14:31:19.018241,2026-12-11T14:36:45.867769,2026-12-11T14:42:20.209550,53.037434445470424
newsat-50,nancy,60493,2026-12-12T03:33:28.575403,2026-12-12T03:39:00.107589,2026-12-12T03:44:27.893649,56.34345520270555
newsat-50,nancy,60493,2026-12-12T14:02:04.913430,2026-12-12T14:07:04.603542,2026-12-12T14:12:08.976312,19.699822801738534
newsat-50,nancy,60493,2026-12-12T15:35:09.616631,2026-12-12T15:40:01.814490,2026-12-12T15:44:59.631539,16.238790122470803
newsat-50,nancy,60493,2026-12-13T03:03:39.385087,2026-12-13T03:09:09.980741,2026-12-13T03:14:36.830269,45.988028091087706
newsat-50,nancy,60493,2026-12-13T15:04:38.530300,2026-12-13T15:10:03.506765,2026-12-13T15:15:35.975483,43.35615417991607
newsat-50,nancy,60493,2026-12-14T02:34:13.855967,2026-12-14T02:39:11.673016,2026-12-14T02:44:06.680470,16.98619932098123
newsat-50,nancy,60493,2026-12-14T04:07:08.766905,2026-12-14T04:12:07.520485,2026-12-14T04:17:05.337534,18.632317841640806
newsat-50,nancy,60493,2026-12-14T14:34:43.548638,2026-12-14T14:40:11.334698,2026-12-14T14:45:46.613011,60.18902522012312
newsat-50,nancy,60493,2026-12-15T03:36:53.870174,2026-12-15T03:42:23.529297,2026-12-15T03:47:50.378825,49.716736289771674
newsat-50,nancy,60493,2026-12-15T14:05:22.543789,2026-12-15T14:10:25.980028,2026-12-15T14:15:34.098925,21.663781972603278
newsat-50,nancy,60493,2026-12-15T15:38:39.594059,2026-12-15T15:43:25.236196,2026-12-15T15:48:16.497524,14.630069041645488
newsat-50,nancy,60493,2026-12-16T03:06:58.888511,2026-12-16T03:12:31.357229,2026-12-16T03:17:59.143289,52.019801748700665
newsat-50,nancy,60493,2026-12-16T15:08:00.416371,2026-12-16T15:13:23.519772,2026-12-16T15:18:53.178895,38.57624855185401
newsat-50,nancy,60493,2026-12-17T02:37:27.822838,2026-12-17T02:42:30.322545,2026-12-17T02:47:30.012657,18.754469775103857
newsat-50,nancy,60493,2026-12-17T04:10:30.053872,2026-12-17T04:15:24.124794,2026-12-17T04:20:16.322653,16.971536364234726
newsat-50,nancy,60493,2026-12-17T14:37:58.534676,2026-12-17T14:43:27.257267,2026-12-17T14:49:02.535580,67.96008738730248
newsat-50,nancy,60493,2026-12-18T03:40:08.684056,2026-12-18T03:45:37.406647,2026-12-18T03:51:02.383112,44.30846976560662
newsat-50,nancy,60493,2026-12-18T14:08:30.629795,2026-12-18T14:13:37.812160,2026-12-18T14:18:49.677183,23.736376046481965
newsat-50,nancy,60493,2026-12-18T15:42:00.027132,2026-12-18T15:46:39.113548,2026-12-18T15:51:23.819155,13.222133997984349
newsat-50,nancy,60493,2026-12-19T03:10:09.102372,2026-12-19T03:15:42.507622,2026-12-19T03:21:11.230214,58.62860172439039
newsat-50,nancy,60493,2026-12-19T15:11:13.012878,2026-12-19T15:16:33.306685,2026-12-19T15:22:00.156213,34.647475468203375
newsat-50,nancy,60493,2026-12-20T02:40:31.308825,2026-12-20T02:45:39.427721,2026-12-20T02:50:43.800491,20.6018852405275
newsat-50,nancy,60493,2026-12-20T04:13:42.051278,2026-12-20T04:18:30.503011,2026-12-20T04:23:18.018213,15.531781024395586
newsat-50,nancy,60493,2026-12-20T14:41:03.976362,2026-12-20T14:46:33.635485,2026-12-20T14:52:09.850330,76.13440126756136
newsat-50,nancy,60493,2026-12-21T03:43:15.144908,2026-12-21T03:48:41.057905,2026-12-21T03:54:05.097838,39.87973152157076
newsat-50,nancy,60493,2026-12-21T14:11:29.426238,2026-12-21T14:16:39.418197,2026-12-21T14:21:55.029347,25.919933018240773
newsat-50,nancy,60493,2026-12-21T15:45:10.915850,2026-12-21T15:49:43.446545,2026-12-21T15:54:20.659899,11.982676890733536
newsat-50,nancy,60493,2026-12-22T03:13:10.026669,2026-12-22T03:18:43.431919,2026-12-22T03:24:14.027574,65.69650950797137
newsat-50,nancy,60493,2026-12-22T13:42:33.535590,2026-12-22T13:46:52.018311,2026-12-22T13:51:14.247159,10.308082476842214
newsat-50,nancy,60493,2026-12-22T15:14:16.065030,2026-12-22T15:19:33.549242,2026-12-22T15:24:57.589175,31.392175992554044
newsat-50,nancy,60493,2026-12-23T02:43:26.441774,2026-12-23T02:48:38.306796,2026-12-23T02:53:46.425693,22.526891552999743
newsat-50,nancy,60493,2026-12-23T04:16:43.822583,2026-12-23T04:21:26.655126,2026-12-23T04:26:09.487670,14.275339651901831
newsat-50,nancy,60493,2026-12-23T14:44:00.128476,2026-12-23T14:49:29.787599,2026-12-23T14:55:06.002444,84.36499729560629
newsat-50,nancy,60493,2026-12-24T03:46:11.124866,2026-12-24T03:51:35.164799,2026-12-24T03:56:57.331669,36.233177147128046
newsat-50,nancy,60493,2026-12-24T14:14:19.360058,2026-12-24T14:19:32.161612,2026-12-24T14:24:50.582356,28.21760724248535
newsat-50,nancy,60493,2026-12-24T15:48:11.578466,2026-12-24T15:52:37.553440,2026-12-24T15:57:08.211073,10.886564149117847
newsat-50,nancy,60493,2026-12-25T03:16:00.215281,2026-12-25T03:21:35.493594,2026-12-25T03:27:06.089249,73.07180553072324
newsat-50,nancy,60493,2026-12-25T13:45:16.569375,2026-12-25T13:49:40.671285,2026-12-25T13:54:09.455855,11.238543135185523
newsat-50,nancy,60493,2026-12-25T15:17:08.891079,2026-12-25T15:22:23.565696,2026-12-25T15:27:45.732566,28.66928943667438
newsat-50,nancy,60493,2026-12-26T02:46:12.285153,2026-12-26T02:51:26.959770,2026-12-26T02:56:38.824793,24.525592652629864
newsat-50,nancy,60493,2026-12-26T04:19:35.112996,2026-12-26T04:24:13.262880,2026-12-26T04:28:51.412766,13.173391877520066
newsat-50,nancy,60493,2026-12-26T14:46:47.672761,2026-12-26T14:52:16.395352,2026-12-26T14:57:52.610197,87.54701928122599
newsat-50,nancy,60493,2026-12-27T03:48:57.560462,2026-12-27T03:54:19.727332,2026-12-27T03:59:39.084608,33.20618913586552
newsat-50,nancy,60493,2026-12-27T14:17:00.004308,2026-12-27T14:22:14.678925,2026-12-27T14:27:35.909264,30.62332023809818
newsat-50,nancy,60493,2026-12-28T03:18:42.305645,2026-12-28T03:24:16.647426,2026-12-28T03:29:48.179612,80.42627912817713
newsat-50,nancy,60493,2026-12-28T13:47:50.058799,2026-12-28T13:52:19.779899,2026-12-28T13:56:53.247126,12.163280905771494
newsat-50,nancy,60493,2026-12-28T15:19:52.172768,2026-12-28T15:25:04.037790,2026-12-28T15:30:23.395066,26.375150226225575
newsat-50,nancy,60493,2026-12-29T02:48:47.647641,2026-12-29T02:54:06.068385,2026-12-29T02:59:20.743003,26.591712570050497
newsat-50,nancy,60493,2026-12-29T04:22:17.795581,2026-12-29T04:26:50.326276,2026-12-29T04:31:22.856972,12.203141971719944
newsat-50,nancy,60493,2026-12-29T14:49:24.054418,2026-12-29T14:54:52.777009,2026-12-29T15:00:28.991854,80.11470091983502
newsat-50,nancy,60493,2026-12-30T02:19:24.143084,2026-12-30T02:23:47.308462,2026-12-30T02:28:08.600779,10.022458017872616
newsat-50,nancy,60493,2026-12-30T03:51:33.769963,2026-12-30T03:56:54.063770,2026-12-30T04:02:11.547983,30.671785465390354
newsat-50,nancy,60493,2026-12-30T14:19:31.104203,2026-12-30T14:24:47.651883,2026-12-30T14:30:10.755285,33.13024587576342
newsat-50,nancy,60493,2026-12-31T03:21:13.660330,2026-12-31T03:26:48.938643,2026-12-31T03:32:20.470829,87.57959883362555
newsat-50,nancy,60493,2026-12-31T13:50:14.258657,2026-12-31T13:54:48.662415,2026-12-31T13:59:27.748832,13.07791418117479
newsat-50,nancy,60493,2026-12-31T15:22:25.910097,2026-12-31T15:27:34.965525,2026-12-31T15:32:50.576675,24.429498915260613
